game_pk,game_date,home_team,away_team,home_xwoba,away_xwoba,home_score,away_score,n_pa_home,n_pa_away,source_pulled_at
822825,2026-04-27,TOR,BOS,0.102,0.3509,0,5,29,40,2026-05-28T05:25:08+00:00
822906,2026-04-27,TEX,NYY,0.2928,0.4318,2,4,36,38,2026-05-28T05:25:08+00:00
823311,2026-04-27,SD,CHC,0.3449,0.358,9,7,41,39,2026-05-28T05:25:08+00:00
823395,2026-04-27,PIT,STL,0.2376,0.2551,2,4,34,34,2026-05-28T05:25:08+00:00
823719,2026-04-27,MIN,SEA,0.3918,0.3359,11,4,44,35,2026-05-28T05:25:08+00:00
823961,2026-04-27,LAD,MIA,0.3593,0.3269,3,4,39,38,2026-05-28T05:25:08+00:00
824446,2026-04-27,CLE,TB,0.2878,0.2636,2,3,34,37,2026-05-28T05:25:08+00:00
824609,2026-04-27,CHW,LAA,0.2702,0.431,8,7,36,44,2026-05-28T05:25:08+00:00
822823,2026-04-28,TOR,BOS,0.3151,0.1488,3,0,34,32,2026-05-28T05:25:08+00:00
822908,2026-04-28,TEX,NYY,0.2978,0.3522,2,3,39,33,2026-05-28T05:25:08+00:00
823310,2026-04-28,SD,CHC,0.255,0.3655,3,8,35,44,2026-05-28T05:25:08+00:00
823390,2026-04-28,PIT,STL,0.3901,0.4078,7,11,37,45,2026-05-28T05:25:08+00:00
823473,2026-04-28,PHI,SF,0.2919,0.1008,7,0,38,29,2026-05-28T05:25:08+00:00
823636,2026-04-28,NYM,WSH,0.3533,0.2164,8,0,36,32,2026-05-28T05:25:08+00:00
823716,2026-04-28,MIN,SEA,0.2801,0.3852,1,7,37,40,2026-05-28T05:25:08+00:00
823798,2026-04-28,MIL,AZ,0.3999,0.3036,13,2,41,33,2026-05-28T05:25:08+00:00
823956,2026-04-28,LAD,MIA,0.2912,0.2428,1,2,36,38,2026-05-28T05:25:08+00:00
824447,2026-04-28,CLE,TB,0.2227,0.243,0,1,31,37,2026-05-28T05:25:08+00:00
824526,2026-04-28,CIN,COL,0.3652,0.2809,7,2,34,36,2026-05-28T05:25:08+00:00
824610,2026-04-28,CHW,LAA,0.3961,0.3338,5,2,38,39,2026-05-28T05:25:08+00:00
824849,2026-04-28,BAL,HOU,0.3967,0.254,5,3,33,39,2026-05-28T05:25:08+00:00
824931,2026-04-28,ATL,DET,0.3029,0.3204,5,2,35,38,2026-05-28T05:25:08+00:00
825017,2026-04-28,OAK,KC,0.2799,0.3692,1,4,44,40,2026-05-28T05:25:08+00:00
822821,2026-04-29,TOR,BOS,0.3564,0.3706,8,1,37,37,2026-05-28T05:25:08+00:00
822907,2026-04-29,TEX,NYY,0.2929,0.2698,3,0,34,33,2026-05-28T05:25:08+00:00
823312,2026-04-29,SD,CHC,0.2869,0.3095,4,5,33,41,2026-05-28T05:25:08+00:00
823392,2026-04-29,PIT,STL,0.2727,0.2933,4,5,42,39,2026-05-28T05:25:08+00:00
823633,2026-04-29,NYM,WSH,0.3527,0.353,2,14,38,49,2026-05-28T05:25:08+00:00
823717,2026-04-29,MIN,SEA,0.2516,0.3051,3,5,40,39,2026-05-28T05:25:08+00:00
823796,2026-04-29,MIL,AZ,0.284,0.3579,2,6,37,41,2026-05-28T05:25:08+00:00
823958,2026-04-29,LAD,MIA,0.3172,0.2583,2,3,36,35,2026-05-28T05:25:08+00:00
824445,2026-04-29,CLE,TB,0.2562,0.1725,3,1,26,26,2026-05-28T05:25:08+00:00
824525,2026-04-29,CIN,COL,0.2925,0.4175,2,13,38,48,2026-05-28T05:25:08+00:00
824608,2026-04-29,CHW,LAA,0.2907,0.2046,2,2,40,35,2026-05-28T05:25:08+00:00
824930,2026-04-29,ATL,DET,0.371,0.2847,2,3,31,36,2026-05-28T05:25:08+00:00
825015,2026-04-29,OAK,KC,0.3285,0.1948,5,2,37,34,2026-05-28T05:25:08+00:00
823391,2026-04-30,PIT,STL,0.3438,0.3894,5,10,40,43,2026-05-28T05:25:08+00:00
823471,2026-04-30,PHI,SF,0.3804,0.3051,5,5,39,49,2026-05-28T05:25:08+00:00
823472,2026-04-30,PHI,SF,0.2938,0.2716,2,2,35,38,2026-05-28T05:25:08+00:00
823634,2026-04-30,NYM,WSH,0.3963,0.3142,4,5,34,36,2026-05-28T05:25:08+00:00
823714,2026-04-30,MIN,TOR,0.3596,0.2807,7,1,35,35,2026-05-28T05:25:08+00:00
823795,2026-04-30,MIL,AZ,0.3841,0.2047,13,1,43,34,2026-05-28T05:25:08+00:00
824524,2026-04-30,CIN,COL,0.3881,0.2834,6,4,34,35,2026-05-28T05:25:08+00:00
824848,2026-04-30,BAL,HOU,0.298,0.2692,10,3,37,39,2026-05-28T05:25:08+00:00
824850,2026-04-30,BAL,HOU,0.2837,0.3911,5,11,41,46,2026-05-28T05:25:08+00:00
824929,2026-04-30,ATL,DET,0.2219,0.34,2,5,36,45,2026-05-28T05:25:08+00:00
825016,2026-04-30,OAK,KC,0.2912,0.4004,6,3,36,42,2026-05-28T05:25:08+00:00
822744,2026-05-01,WSH,MIL,0.234,0.3027,1,6,33,46,2026-05-28T05:25:08+00:00
822990,2026-05-01,TB,SF,0.1954,0.1972,3,0,28,30,2026-05-28T05:25:08+00:00
823066,2026-05-01,STL,LAD,0.3563,0.3738,7,2,38,37,2026-05-28T05:25:08+00:00
823146,2026-05-01,SEA,KC,0.3309,0.3623,6,7,38,39,2026-05-28T05:25:08+00:00
823309,2026-05-01,SD,CHW,0.2832,0.4164,2,8,36,40,2026-05-28T05:25:08+00:00
823389,2026-05-01,PIT,CIN,0.4782,0.2467,9,1,43,32,2026-05-28T05:25:08+00:00
823557,2026-05-01,NYY,BAL,0.3843,0.2323,7,2,39,32,2026-05-28T05:25:08+00:00
823713,2026-05-01,MIN,TOR,0.3338,0.3524,3,7,39,41,2026-05-28T05:25:08+00:00
823877,2026-05-01,MIA,PHI,0.2937,0.3273,5,6,40,40,2026-05-28T05:25:08+00:00
824041,2026-05-01,LAA,NYM,0.1954,0.2897,3,4,31,35,2026-05-28T05:25:08+00:00
824287,2026-05-01,DET,TEX,0.2666,0.3381,4,5,38,39,2026-05-28T05:25:08+00:00
824366,2026-05-01,COL,ATL,0.3323,0.3941,6,8,38,40,2026-05-28T05:25:08+00:00
824686,2026-05-01,CHC,AZ,0.3771,0.3088,6,5,36,41,2026-05-28T05:25:08+00:00
824772,2026-05-01,BOS,HOU,0.3076,0.4025,3,1,33,37,2026-05-28T05:25:08+00:00
825012,2026-05-01,OAK,CLE,0.3432,0.3186,5,8,41,45,2026-05-28T05:25:08+00:00
822746,2026-05-02,WSH,MIL,0.2688,0.2879,1,4,36,40,2026-05-28T05:25:08+00:00
822988,2026-05-02,TB,SF,0.2844,0.3341,5,1,34,33,2026-05-28T05:25:08+00:00
823067,2026-05-02,STL,LAD,0.374,0.2902,3,2,34,35,2026-05-28T05:25:08+00:00
823144,2026-05-02,SEA,KC,0.2271,0.1731,2,3,37,38,2026-05-28T05:25:08+00:00
823308,2026-05-02,SD,CHW,0.2144,0.3499,0,4,35,33,2026-05-28T05:25:08+00:00
823388,2026-05-02,PIT,CIN,0.436,0.3547,17,7,53,40,2026-05-28T05:25:08+00:00
823554,2026-05-02,NYY,BAL,0.4375,0.3484,9,4,38,35,2026-05-28T05:25:08+00:00
823715,2026-05-02,MIN,TOR,0.2224,0.4087,4,11,33,41,2026-05-28T05:25:08+00:00
823876,2026-05-02,MIA,PHI,0.3363,0.1871,4,0,39,28,2026-05-28T05:25:08+00:00
824042,2026-05-02,LAA,NYM,0.2748,0.1961,3,3,43,36,2026-05-28T05:25:08+00:00
824284,2026-05-02,DET,TEX,0.3618,0.3761,5,1,37,35,2026-05-28T05:25:08+00:00
824365,2026-05-02,COL,ATL,0.2424,0.354,1,9,33,41,2026-05-28T05:25:08+00:00
824685,2026-05-02,CHC,AZ,0.3895,0.2298,2,0,31,32,2026-05-28T05:25:08+00:00
824771,2026-05-02,BOS,HOU,0.3964,0.3425,3,6,40,42,2026-05-28T05:25:08+00:00
825014,2026-05-02,OAK,CLE,0.3407,0.3246,6,14,40,48,2026-05-28T05:25:08+00:00
822742,2026-05-03,WSH,MIL,0.2436,0.2827,3,2,31,32,2026-05-28T05:25:56+00:00
822987,2026-05-03,TB,SF,0.2826,0.2709,1,1,36,36,2026-05-28T05:25:56+00:00
823065,2026-05-03,STL,LAD,0.3973,0.3093,1,4,35,39,2026-05-28T05:25:56+00:00
823145,2026-05-03,SEA,KC,0.2069,0.3978,1,4,33,39,2026-05-28T05:25:56+00:00
823307,2026-05-03,SD,CHW,0.2872,0.2803,4,3,32,35,2026-05-28T05:25:56+00:00
823387,2026-05-03,PIT,CIN,0.2893,0.2279,1,0,30,31,2026-05-28T05:25:56+00:00
823555,2026-05-03,NYY,BAL,0.4203,0.2331,11,3,43,36,2026-05-28T05:25:56+00:00
823711,2026-05-03,MIN,TOR,0.3135,0.3006,4,3,36,41,2026-05-28T05:25:56+00:00
823875,2026-05-03,MIA,PHI,0.2533,0.3756,2,7,35,40,2026-05-28T05:25:56+00:00
824043,2026-05-03,LAA,NYM,0.2636,0.3022,1,5,35,40,2026-05-28T05:25:56+00:00
824285,2026-05-03,DET,TEX,0.2569,0.2377,7,1,33,36,2026-05-28T05:25:56+00:00
824364,2026-05-03,COL,ATL,0.379,0.3712,6,11,41,45,2026-05-28T05:25:56+00:00
824687,2026-05-03,CHC,AZ,0.3352,0.3162,8,4,42,37,2026-05-28T05:25:56+00:00
824769,2026-05-03,BOS,HOU,0.4418,0.3515,1,3,42,40,2026-05-28T05:25:56+00:00
825013,2026-05-03,OAK,CLE,0.3678,0.248,7,1,38,36,2026-05-28T05:25:56+00:00
822984,2026-05-04,TB,TOR,0.3301,0.3245,5,1,34,38,2026-05-28T05:25:56+00:00
823064,2026-05-04,STL,MIL,0.3223,0.4142,6,3,37,42,2026-05-28T05:25:56+00:00
823143,2026-05-04,SEA,ATL,0.352,0.4467,5,4,38,37,2026-05-28T05:25:56+00:00
823228,2026-05-04,SF,SD,0.2384,0.2812,3,2,32,31,2026-05-28T05:25:56+00:00
823552,2026-05-04,NYY,BAL,0.4345,0.3181,12,1,40,38,2026-05-28T05:25:56+00:00
823874,2026-05-04,MIA,PHI,0.2173,0.2215,0,1,32,35,2026-05-28T05:25:56+00:00
824039,2026-05-04,LAA,CHW,0.2122,0.4419,0,6,31,45,2026-05-28T05:25:56+00:00
824120,2026-05-04,KC,CLE,0.2812,0.2831,6,2,36,32,2026-05-28T05:25:56+00:00
824201,2026-05-04,HOU,LAD,0.3209,0.3792,3,8,35,45,2026-05-28T05:25:56+00:00
824283,2026-05-04,DET,BOS,0.2714,0.2723,4,5,34,42,2026-05-28T05:25:56+00:00
824363,2026-05-04,COL,NYM,0.2649,0.3985,2,4,33,32,2026-05-28T05:25:56+00:00
824684,2026-05-04,CHC,CIN,0.3783,0.3589,4,4,37,38,2026-05-28T05:25:56+00:00
822743,2026-05-05,WSH,MIN,0.3128,0.3376,3,11,36,46,2026-05-28T05:25:56+00:00
822986,2026-05-05,TB,TOR,0.2809,0.354,4,3,34,36,2026-05-28T05:25:56+00:00
823142,2026-05-05,SEA,ATL,0.1848,0.2696,2,3,32,34,2026-05-28T05:25:56+00:00
823227,2026-05-05,SF,SD,0.2607,0.3683,5,10,35,43,2026-05-28T05:25:56+00:00
823469,2026-05-05,PHI,OAK,0.4271,0.2478,9,1,41,35,2026-05-28T05:25:56+00:00
823553,2026-05-05,NYY,TEX,0.3882,0.383,7,4,35,43,2026-05-28T05:25:56+00:00
823873,2026-05-05,MIA,BAL,0.4063,0.3645,7,9,41,43,2026-05-28T05:25:56+00:00
824040,2026-05-05,LAA,CHW,0.3652,0.3302,4,3,31,41,2026-05-28T05:25:56+00:00
824119,2026-05-05,KC,CLE,0.3697,0.3118,5,3,33,33,2026-05-28T05:25:56+00:00
824200,2026-05-05,HOU,LAD,0.2323,0.2937,2,1,29,36,2026-05-28T05:25:56+00:00
824281,2026-05-05,DET,BOS,0.2775,0.3319,3,10,36,43,2026-05-28T05:25:56+00:00
824682,2026-05-05,CHC,CIN,0.3982,0.2664,2,2,42,39,2026-05-28T05:25:56+00:00
825092,2026-05-05,AZ,PIT,0.3859,0.3152,9,0,41,32,2026-05-28T05:25:56+00:00
822740,2026-05-06,WSH,MIN,0.3971,0.1969,15,2,43,31,2026-05-28T05:25:56+00:00
822985,2026-05-06,TB,TOR,0.4224,0.2194,3,0,33,32,2026-05-28T05:25:56+00:00
823063,2026-05-06,STL,MIL,0.2392,0.3608,2,6,35,40,2026-05-28T05:25:56+00:00
823141,2026-05-06,SEA,ATL,0.3022,0.2467,3,1,34,32,2026-05-28T05:25:56+00:00
823226,2026-05-06,SF,SD,0.1425,0.3193,1,5,30,37,2026-05-28T05:25:56+00:00
823470,2026-05-06,PHI,OAK,0.3612,0.2547,6,3,37,37,2026-05-28T05:25:56+00:00
823550,2026-05-06,NYY,TEX,0.3456,0.3029,1,6,31,40,2026-05-28T05:25:56+00:00
823872,2026-05-06,MIA,BAL,0.2856,0.3119,4,7,36,40,2026-05-28T05:25:56+00:00
824036,2026-05-06,LAA,CHW,0.421,0.2753,8,2,37,36,2026-05-28T05:25:56+00:00
824118,2026-05-06,KC,CLE,0.2377,0.2622,1,3,34,37,2026-05-28T05:25:56+00:00
824198,2026-05-06,HOU,LAD,0.2965,0.3456,2,12,31,44,2026-05-28T05:25:56+00:00
824282,2026-05-06,DET,BOS,0.2891,0.2814,0,4,35,39,2026-05-28T05:25:56+00:00
824361,2026-05-06,COL,NYM,0.3255,0.4392,5,10,43,44,2026-05-28T05:25:56+00:00
824683,2026-05-06,CHC,CIN,0.3514,0.3608,6,6,39,42,2026-05-28T05:25:56+00:00
825091,2026-05-06,AZ,PIT,0.1559,0.3116,0,1,30,36,2026-05-28T05:25:56+00:00
822741,2026-05-07,WSH,MIN,0.4179,0.3246,7,5,34,39,2026-05-28T05:25:56+00:00
823306,2026-05-07,SD,STL,0.2449,0.265,1,2,30,35,2026-05-28T05:25:56+00:00
823467,2026-05-07,PHI,OAK,0.2962,0.4558,1,12,32,44,2026-05-28T05:25:56+00:00
823551,2026-05-07,NYY,TEX,0.3432,0.3997,9,2,43,39,2026-05-28T05:25:56+00:00
823870,2026-05-07,MIA,BAL,0.2904,0.3628,3,3,36,37,2026-05-28T05:25:56+00:00
824117,2026-05-07,KC,CLE,0.3605,0.3866,5,8,42,45,2026-05-28T05:25:56+00:00
824362,2026-05-07,COL,NYM,0.3236,0.2313,6,2,37,35,2026-05-28T05:25:56+00:00
824681,2026-05-07,CHC,CIN,0.3753,0.4195,8,3,37,45,2026-05-28T05:25:56+00:00
824767,2026-05-07,BOS,TB,0.1956,0.3334,4,8,34,41,2026-05-28T05:25:56+00:00
825090,2026-05-07,AZ,PIT,0.3366,0.3538,2,4,34,38,2026-05-28T05:25:56+00:00
822822,2026-05-08,TOR,LAA,0.2632,0.2341,2,0,33,32,2026-05-28T05:25:56+00:00
822904,2026-05-08,TEX,CHC,0.3021,0.3982,1,7,33,42,2026-05-28T05:25:56+00:00
823225,2026-05-08,SF,PIT,0.3793,0.3648,5,2,35,36,2026-05-28T05:25:56+00:00
823303,2026-05-08,SD,STL,0.226,0.2482,0,6,30,40,2026-05-28T05:25:56+00:00
823466,2026-05-08,PHI,COL,0.3183,0.2723,7,9,47,48,2026-05-28T05:25:56+00:00
823794,2026-05-08,MIL,NYY,0.2956,0.1756,6,0,34,32,2026-05-28T05:25:56+00:00
823871,2026-05-08,MIA,WSH,0.2335,0.3478,2,3,35,37,2026-05-28T05:25:56+00:00
823957,2026-05-08,LAD,ATL,0.3139,0.2654,3,1,30,38,2026-05-28T05:25:56+00:00
824116,2026-05-08,KC,DET,0.3572,0.3408,3,3,36,39,2026-05-28T05:25:56+00:00
824443,2026-05-08,CLE,MIN,0.3011,0.3559,6,4,38,40,2026-05-28T05:25:56+00:00
824522,2026-05-08,CIN,HOU,0.27,0.4596,0,10,32,38,2026-05-28T05:25:56+00:00
824607,2026-05-08,CHW,SEA,0.3975,0.4341,8,12,40,44,2026-05-28T05:25:56+00:00
824768,2026-05-08,BOS,TB,0.2604,0.2026,2,0,33,32,2026-05-28T05:25:56+00:00
824846,2026-05-08,BAL,OAK,0.2407,0.2136,3,4,35,38,2026-05-28T05:25:56+00:00
825088,2026-05-08,AZ,NYM,0.2398,0.2261,1,3,38,36,2026-05-28T05:25:56+00:00
822820,2026-05-09,TOR,LAA,0.4592,0.3356,14,1,49,37,2026-05-28T05:26:44+00:00
822905,2026-05-09,TEX,CHC,0.359,0.2554,6,0,34,38,2026-05-28T05:26:44+00:00
823224,2026-05-09,SF,PIT,0.3014,0.3167,3,13,37,51,2026-05-28T05:26:44+00:00
823304,2026-05-09,SD,STL,0.4246,0.3209,4,2,32,37,2026-05-28T05:26:44+00:00
823468,2026-05-09,PHI,COL,0.3502,0.266,9,3,38,36,2026-05-28T05:26:44+00:00
823792,2026-05-09,MIL,NYY,0.2405,0.2623,3,3,39,40,2026-05-28T05:26:44+00:00
823869,2026-05-09,MIA,WSH,0.3645,0.3836,8,7,38,40,2026-05-28T05:26:44+00:00
823955,2026-05-09,LAD,ATL,0.2775,0.2983,2,7,35,43,2026-05-28T05:26:44+00:00
824115,2026-05-09,KC,DET,0.3048,0.164,5,1,30,35,2026-05-28T05:26:44+00:00
824444,2026-05-09,CLE,MIN,0.3322,0.2071,1,2,42,39,2026-05-28T05:26:44+00:00
824523,2026-05-09,CIN,HOU,0.3215,0.3232,3,1,29,31,2026-05-28T05:26:44+00:00
824606,2026-05-09,CHW,SEA,0.3978,0.2169,6,1,35,34,2026-05-28T05:26:44+00:00
824847,2026-05-09,BAL,OAK,0.2692,0.2715,2,6,38,42,2026-05-28T05:26:44+00:00
825089,2026-05-09,AZ,NYM,0.3153,0.3663,2,1,34,31,2026-05-28T05:26:44+00:00
822819,2026-05-10,TOR,LAA,0.2521,0.3675,1,6,33,35,2026-05-28T05:26:44+00:00
822902,2026-05-10,TEX,CHC,0.3678,0.1827,3,0,32,30,2026-05-28T05:26:44+00:00
823221,2026-05-10,SF,PIT,0.2914,0.2994,6,6,51,51,2026-05-28T05:26:44+00:00
823305,2026-05-10,SD,STL,0.3477,0.3118,2,2,38,34,2026-05-28T05:26:44+00:00
823463,2026-05-10,PHI,COL,0.3713,0.1501,6,0,35,33,2026-05-28T05:26:44+00:00
823793,2026-05-10,MIL,NYY,0.2993,0.359,3,3,37,36,2026-05-28T05:26:44+00:00
823868,2026-05-10,MIA,WSH,0.3873,0.278,5,2,36,34,2026-05-28T05:26:44+00:00
823954,2026-05-10,LAD,ATL,0.3399,0.3084,2,7,35,37,2026-05-28T05:26:44+00:00
824113,2026-05-10,KC,DET,0.2612,0.38,3,6,36,43,2026-05-28T05:26:44+00:00
824440,2026-05-10,CLE,MIN,0.2969,0.3411,4,5,41,36,2026-05-28T05:26:44+00:00
824520,2026-05-10,CIN,HOU,0.4056,0.1619,5,0,37,29,2026-05-28T05:26:44+00:00
824605,2026-05-10,CHW,SEA,0.3188,0.2668,2,1,29,35,2026-05-28T05:26:44+00:00
824765,2026-05-10,BOS,TB,0.276,0.2674,1,4,37,33,2026-05-28T05:26:44+00:00
824845,2026-05-10,BAL,OAK,0.3006,0.2565,2,1,33,35,2026-05-28T05:26:44+00:00
825085,2026-05-10,AZ,NYM,0.287,0.332,5,1,35,34,2026-05-28T05:26:44+00:00
822818,2026-05-11,TOR,TB,0.2536,0.301,5,8,35,40,2026-05-28T05:26:44+00:00
822901,2026-05-11,TEX,AZ,0.2564,0.2576,0,1,31,34,2026-05-28T05:26:44+00:00
823953,2026-05-11,LAD,SF,0.2785,0.3977,3,9,38,46,2026-05-28T05:26:44+00:00
824199,2026-05-11,HOU,SEA,0.2776,0.2924,1,3,38,34,2026-05-28T05:26:44+00:00
824441,2026-05-11,CLE,LAA,0.4053,0.3029,7,2,41,40,2026-05-28T05:26:44+00:00
824844,2026-05-11,BAL,NYY,0.2361,0.2101,3,2,30,34,2026-05-28T05:26:44+00:00
822817,2026-05-12,TOR,TB,0.23,0.3631,6,7,41,48,2026-05-28T05:26:44+00:00
822903,2026-05-12,TEX,AZ,0.3062,0.3533,7,4,38,35,2026-05-28T05:26:44+00:00
823385,2026-05-12,PIT,COL,0.3676,0.22,3,1,35,31,2026-05-28T05:26:44+00:00
823632,2026-05-12,NYM,DET,0.3508,0.3002,10,2,45,39,2026-05-28T05:26:44+00:00
823712,2026-05-12,MIN,MIA,0.3383,0.114,3,0,35,29,2026-05-28T05:26:44+00:00
823790,2026-05-12,MIL,SD,0.2516,0.2759,6,4,35,37,2026-05-28T05:26:44+00:00
823951,2026-05-12,LAD,SF,0.3243,0.2598,2,6,37,37,2026-05-28T05:26:44+00:00
824197,2026-05-12,HOU,SEA,0.2357,0.4963,2,10,35,45,2026-05-28T05:26:44+00:00
824442,2026-05-12,CLE,LAA,0.2906,0.2783,3,2,31,39,2026-05-28T05:26:44+00:00
824521,2026-05-12,CIN,WSH,0.3157,0.4585,4,10,39,43,2026-05-28T05:26:44+00:00
824604,2026-05-12,CHW,KC,0.3519,0.3719,6,5,36,40,2026-05-28T05:26:44+00:00
824764,2026-05-12,BOS,PHI,0.3991,0.3053,1,2,33,34,2026-05-28T05:26:44+00:00
824843,2026-05-12,BAL,NYY,0.1795,0.3469,2,6,36,39,2026-05-28T05:26:44+00:00
824927,2026-05-12,ATL,CHC,0.4396,0.3177,5,2,35,33,2026-05-28T05:26:44+00:00
825011,2026-05-12,OAK,STL,0.3386,0.302,4,6,35,42,2026-05-28T05:26:44+00:00
822815,2026-05-13,TOR,TB,0.4097,0.2681,1,3,40,42,2026-05-28T05:26:44+00:00
822900,2026-05-13,TEX,AZ,0.2432,0.3504,5,5,36,45,2026-05-28T05:26:44+00:00
823386,2026-05-13,PIT,COL,0.2901,0.4184,4,10,35,38,2026-05-28T05:26:44+00:00
823631,2026-05-13,NYM,DET,0.2709,0.2669,2,2,37,42,2026-05-28T05:26:44+00:00
823710,2026-05-13,MIN,MIA,0.3412,0.3519,5,9,39,43,2026-05-28T05:26:44+00:00
823791,2026-05-13,MIL,SD,0.2431,0.2061,1,3,37,34,2026-05-28T05:26:44+00:00
823952,2026-05-13,LAD,SF,0.3758,0.2892,4,0,35,34,2026-05-28T05:26:44+00:00
824195,2026-05-13,HOU,SEA,0.2824,0.2923,3,3,42,43,2026-05-28T05:26:44+00:00
824438,2026-05-13,CLE,LAA,0.3442,0.2427,4,2,33,32,2026-05-28T05:26:44+00:00
824519,2026-05-13,CIN,WSH,0.4352,0.334,7,8,40,41,2026-05-28T05:26:44+00:00
824603,2026-05-13,CHW,KC,0.4504,0.3925,6,5,38,39,2026-05-28T05:26:44+00:00
824763,2026-05-13,BOS,PHI,0.3193,0.2894,3,1,30,32,2026-05-28T05:26:44+00:00
824841,2026-05-13,BAL,NYY,0.2942,0.2343,7,0,36,31,2026-05-28T05:26:44+00:00
824928,2026-05-13,ATL,CHC,0.3085,0.2463,4,1,29,35,2026-05-28T05:26:44+00:00
825010,2026-05-13,OAK,STL,0.3886,0.3255,6,2,37,38,2026-05-28T05:26:44+00:00
823383,2026-05-14,PIT,COL,0.2987,0.2933,7,2,38,33,2026-05-28T05:26:44+00:00
823630,2026-05-14,NYM,DET,0.5713,0.4018,9,4,38,35,2026-05-28T05:26:44+00:00
823709,2026-05-14,MIN,MIA,0.3053,0.2167,9,1,38,34,2026-05-28T05:26:44+00:00
823789,2026-05-14,MIL,SD,0.3224,0.2481,7,1,40,38,2026-05-28T05:26:44+00:00
823950,2026-05-14,LAD,SF,0.3524,0.1837,5,2,35,33,2026-05-28T05:26:44+00:00
824196,2026-05-14,HOU,SEA,0.35,0.3517,3,8,37,42,2026-05-28T05:26:44+00:00
824517,2026-05-14,CIN,WSH,0.43,0.2248,15,1,42,30,2026-05-28T05:26:44+00:00
824602,2026-05-14,CHW,KC,0.3678,0.3034,6,2,34,36,2026-05-28T05:26:44+00:00
824762,2026-05-14,BOS,PHI,0.2416,0.2512,1,3,36,39,2026-05-28T05:26:44+00:00
824926,2026-05-14,ATL,CHC,0.2175,0.3148,0,2,34,36,2026-05-28T05:26:44+00:00
825008,2026-05-14,OAK,STL,0.4328,0.3671,4,5,40,40,2026-05-28T05:26:44+00:00
822739,2026-05-15,WSH,BAL,0.3705,0.3862,3,2,32,39,2026-05-28T05:28:26+00:00
822983,2026-05-15,TB,MIA,0.2426,0.2451,7,2,35,35,2026-05-28T05:28:26+00:00
823061,2026-05-15,STL,KC,0.3745,0.2921,4,4,44,45,2026-05-28T05:28:26+00:00
823140,2026-05-15,SEA,SD,0.3332,0.3366,0,2,37,35,2026-05-28T05:28:26+00:00
823384,2026-05-15,PIT,PHI,0.368,0.4328,9,11,43,47,2026-05-28T05:28:26+00:00
823629,2026-05-15,NYM,NYY,0.2902,0.3185,2,5,34,40,2026-05-28T05:28:26+00:00
823707,2026-05-15,MIN,MIL,0.2705,0.2909,2,3,34,37,2026-05-28T05:28:26+00:00
824037,2026-05-15,LAA,LAD,0.2581,0.406,0,6,34,38,2026-05-28T05:28:26+00:00
824194,2026-05-15,HOU,TEX,0.351,0.2543,2,0,33,31,2026-05-28T05:28:26+00:00
824280,2026-05-15,DET,TOR,0.2477,0.2346,2,2,34,31,2026-05-28T05:28:26+00:00
824360,2026-05-15,COL,AZ,0.2716,0.3325,1,9,31,44,2026-05-28T05:28:26+00:00
824439,2026-05-15,CLE,CIN,0.3488,0.329,6,7,43,40,2026-05-28T05:28:26+00:00
824601,2026-05-15,CHW,CHC,0.4038,0.4101,5,10,37,48,2026-05-28T05:28:26+00:00
824925,2026-05-15,ATL,BOS,0.2709,0.2689,2,2,36,38,2026-05-28T05:28:26+00:00
825009,2026-05-15,OAK,SF,0.223,0.342,5,2,32,39,2026-05-28T05:28:26+00:00
822737,2026-05-16,WSH,BAL,0.408,0.3268,13,3,43,38,2026-05-28T05:28:26+00:00
822981,2026-05-16,TB,MIA,0.3042,0.3375,5,10,43,45,2026-05-28T05:28:26+00:00
823060,2026-05-16,STL,KC,0.231,0.4145,4,2,32,36,2026-05-28T05:28:26+00:00
823139,2026-05-16,SEA,SD,0.3254,0.3385,4,7,39,36,2026-05-28T05:28:26+00:00
823382,2026-05-16,PIT,PHI,0.2545,0.322,0,6,32,42,2026-05-28T05:28:26+00:00
823627,2026-05-16,NYM,NYY,0.2628,0.25,6,3,36,40,2026-05-28T05:28:26+00:00
823706,2026-05-16,MIN,MIL,0.2618,0.2791,1,2,35,36,2026-05-28T05:28:26+00:00
824038,2026-05-16,LAA,LAD,0.29,0.4018,2,15,39,48,2026-05-28T05:28:26+00:00
824193,2026-05-16,HOU,TEX,0.315,0.354,4,1,29,41,2026-05-28T05:28:26+00:00
824278,2026-05-16,DET,TOR,0.1891,0.1882,1,2,38,35,2026-05-28T05:28:26+00:00
824359,2026-05-16,COL,AZ,0.3219,0.4037,4,2,35,39,2026-05-28T05:28:26+00:00
824435,2026-05-16,CLE,CIN,0.3377,0.2855,7,4,42,35,2026-05-28T05:28:26+00:00
824600,2026-05-16,CHW,CHC,0.4406,0.253,8,3,33,36,2026-05-28T05:28:26+00:00
824924,2026-05-16,ATL,BOS,0.3443,0.2846,2,3,34,35,2026-05-28T05:28:26+00:00
825007,2026-05-16,OAK,SF,0.3417,0.3012,4,6,34,44,2026-05-28T05:28:26+00:00
822738,2026-05-17,WSH,BAL,0.3218,0.3972,3,7,39,39,2026-05-28T05:28:26+00:00
822982,2026-05-17,TB,MIA,0.3218,0.4039,6,3,36,39,2026-05-28T05:28:26+00:00
823058,2026-05-17,STL,KC,0.3274,0.2383,0,2,34,37,2026-05-28T05:28:26+00:00
823138,2026-05-17,SEA,SD,0.2378,0.4086,3,8,35,40,2026-05-28T05:28:26+00:00
823381,2026-05-17,PIT,PHI,0.2644,0.3152,0,6,32,38,2026-05-28T05:28:26+00:00
823628,2026-05-17,NYM,NYY,0.3545,0.3805,6,6,45,44,2026-05-28T05:28:26+00:00
823708,2026-05-17,MIN,MIL,0.2929,0.413,5,4,35,41,2026-05-28T05:28:26+00:00
824034,2026-05-17,LAA,LAD,0.212,0.3709,1,10,30,42,2026-05-28T05:28:26+00:00
824192,2026-05-17,HOU,TEX,0.2286,0.2794,0,8,33,37,2026-05-28T05:28:26+00:00
824279,2026-05-17,DET,TOR,0.254,0.2862,1,4,35,36,2026-05-28T05:28:26+00:00
824358,2026-05-17,COL,AZ,0.3307,0.3498,6,8,41,42,2026-05-28T05:28:26+00:00
824436,2026-05-17,CLE,CIN,0.4759,0.326,10,3,40,38,2026-05-28T05:28:26+00:00
824599,2026-05-17,CHW,CHC,0.3191,0.4068,7,8,41,47,2026-05-28T05:28:26+00:00
824923,2026-05-17,ATL,BOS,0.4013,0.2129,8,1,38,37,2026-05-28T05:28:26+00:00
825006,2026-05-17,OAK,SF,0.3739,0.2982,1,10,35,43,2026-05-28T05:28:26+00:00
822734,2026-05-18,WSH,NYM,0.3225,0.3469,7,16,57,54,2026-05-28T05:28:26+00:00
822980,2026-05-18,TB,BAL,0.4145,0.3328,16,6,47,43,2026-05-28T05:28:26+00:00
823137,2026-05-18,SEA,CHW,0.3265,0.2538,6,1,36,35,2026-05-28T05:28:26+00:00
823301,2026-05-18,SD,LAD,0.2384,0.2985,1,0,29,34,2026-05-28T05:28:26+00:00
823465,2026-05-18,PHI,CIN,0.3556,0.276,5,4,35,35,2026-05-28T05:28:26+00:00
823549,2026-05-18,NYY,TOR,0.4772,0.2811,7,6,38,38,2026-05-28T05:28:26+00:00
823705,2026-05-18,MIN,HOU,0.3375,0.2865,6,3,33,40,2026-05-28T05:28:26+00:00
823867,2026-05-18,MIA,ATL,0.3772,0.2349,12,0,43,33,2026-05-28T05:28:26+00:00
824035,2026-05-18,LAA,OAK,0.253,0.2916,0,1,28,39,2026-05-28T05:28:26+00:00
824114,2026-05-18,KC,BOS,0.1862,0.3296,1,3,34,39,2026-05-28T05:28:26+00:00
824277,2026-05-18,DET,CLE,0.3035,0.3725,2,8,33,41,2026-05-28T05:28:26+00:00
824357,2026-05-18,COL,TEX,0.2729,0.3335,7,6,36,41,2026-05-28T05:28:26+00:00
824680,2026-05-18,CHC,MIL,0.2971,0.3743,3,9,37,41,2026-05-28T05:28:26+00:00
825087,2026-05-18,AZ,SF,0.4265,0.2708,12,2,41,35,2026-05-28T05:28:26+00:00
822736,2026-05-19,WSH,NYM,0.3115,0.2943,9,6,38,36,2026-05-28T05:28:35+00:00
822979,2026-05-19,TB,BAL,0.3892,0.2367,4,1,33,31,2026-05-28T05:28:35+00:00
823059,2026-05-19,STL,PIT,0.4175,0.3601,6,6,36,46,2026-05-28T05:28:35+00:00
823136,2026-05-19,SEA,CHW,0.2448,0.1851,1,2,34,35,2026-05-28T05:28:35+00:00
823302,2026-05-19,SD,LAD,0.2908,0.2686,4,5,36,35,2026-05-28T05:28:35+00:00
823464,2026-05-19,PHI,CIN,0.1991,0.2801,1,4,30,37,2026-05-28T05:28:35+00:00
823548,2026-05-19,NYY,TOR,0.3155,0.2783,5,4,35,39,2026-05-28T05:28:35+00:00
823704,2026-05-19,MIN,HOU,0.2378,0.2629,1,2,37,32,2026-05-28T05:28:35+00:00
823865,2026-05-19,MIA,ATL,0.2649,0.3608,4,8,40,45,2026-05-28T05:28:35+00:00
824033,2026-05-19,LAA,OAK,0.3615,0.3655,6,14,44,45,2026-05-28T05:28:35+00:00
824112,2026-05-19,KC,BOS,0.2662,0.3644,1,7,34,41,2026-05-28T05:28:35+00:00
824276,2026-05-19,DET,CLE,0.3039,0.2083,3,4,40,32,2026-05-28T05:28:35+00:00
824356,2026-05-19,COL,TEX,0.2845,0.5122,0,10,33,48,2026-05-28T05:28:35+00:00
824677,2026-05-19,CHC,MIL,0.1789,0.3294,2,5,36,41,2026-05-28T05:28:35+00:00
825086,2026-05-19,AZ,SF,0.406,0.3644,2,3,36,38,2026-05-28T05:28:35+00:00
822735,2026-05-20,WSH,NYM,0.4049,0.3627,8,4,34,34,2026-05-28T05:28:35+00:00
822977,2026-05-20,TB,BAL,0.3211,0.3619,5,3,33,39,2026-05-28T05:28:35+00:00
823057,2026-05-20,STL,PIT,0.3209,0.3455,0,7,35,45,2026-05-28T05:28:35+00:00
823134,2026-05-20,SEA,CHW,0.3957,0.2911,5,4,35,40,2026-05-28T05:28:35+00:00
823299,2026-05-20,SD,LAD,0.2668,0.516,0,4,32,39,2026-05-28T05:28:35+00:00
823462,2026-05-20,PHI,CIN,0.2888,0.374,4,9,35,43,2026-05-28T05:28:35+00:00
823547,2026-05-20,NYY,TOR,0.1503,0.2395,1,2,33,35,2026-05-28T05:28:35+00:00
823703,2026-05-20,MIN,HOU,0.36,0.1462,4,1,33,32,2026-05-28T05:28:35+00:00
823866,2026-05-20,MIA,ATL,0.2844,0.2867,1,9,31,39,2026-05-28T05:28:35+00:00
824032,2026-05-20,LAA,OAK,0.3744,0.2818,5,6,39,42,2026-05-28T05:28:35+00:00
824111,2026-05-20,KC,BOS,0.2671,0.3288,3,4,37,39,2026-05-28T05:28:35+00:00
824273,2026-05-20,DET,CLE,0.3238,0.2359,2,3,37,40,2026-05-28T05:28:35+00:00
824355,2026-05-20,COL,TEX,0.2254,0.3592,4,5,37,41,2026-05-28T05:28:35+00:00
824678,2026-05-20,CHC,MIL,0.1674,0.3246,0,5,29,39,2026-05-28T05:28:35+00:00
825084,2026-05-20,AZ,SF,0.2624,0.3956,6,3,33,36,2026-05-28T05:28:35+00:00
822733,2026-05-21,WSH,NYM,0.2709,0.3346,1,2,36,36,2026-05-28T05:28:35+00:00
823056,2026-05-21,STL,PIT,0.2811,0.2881,2,6,36,39,2026-05-28T05:28:35+00:00
823545,2026-05-21,NYY,TOR,0.2578,0.2372,0,2,32,37,2026-05-28T05:28:35+00:00
823864,2026-05-21,MIA,ATL,0.2262,0.325,3,9,34,38,2026-05-28T05:28:35+00:00
824031,2026-05-21,LAA,OAK,0.2862,0.2508,2,3,34,42,2026-05-28T05:28:35+00:00
824274,2026-05-21,DET,CLE,0.2471,0.2363,1,3,37,34,2026-05-28T05:28:35+00:00
825083,2026-05-21,AZ,COL,0.2917,0.2565,1,1,36,34,2026-05-28T05:28:35+00:00
822816,2026-05-22,TOR,PIT,0.2831,0.2607,6,2,38,34,2026-05-28T05:28:35+00:00
823223,2026-05-22,SF,CHW,0.2416,0.3259,4,9,38,42,2026-05-28T05:28:35+00:00
823298,2026-05-22,SD,OAK,0.3641,0.2527,7,3,34,37,2026-05-28T05:28:35+00:00
823461,2026-05-22,PHI,CLE,0.2241,0.3315,0,1,30,32,2026-05-28T05:28:35+00:00
823546,2026-05-22,NYY,TB,0.4184,0.2532,2,4,38,37,2026-05-28T05:28:35+00:00
823788,2026-05-22,MIL,LAD,0.3758,0.2662,5,1,34,37,2026-05-28T05:28:35+00:00
823863,2026-05-22,MIA,NYM,0.2371,0.3161,2,1,30,29,2026-05-28T05:28:35+00:00
824029,2026-05-22,LAA,TEX,0.5594,0.4228,9,6,41,39,2026-05-28T05:28:35+00:00
824110,2026-05-22,KC,SEA,0.2434,0.2552,0,2,33,34,2026-05-28T05:28:35+00:00
824679,2026-05-22,CHC,HOU,0.3385,0.3494,2,4,40,40,2026-05-28T05:28:35+00:00
824761,2026-05-22,BOS,MIN,0.351,0.2939,6,8,38,44,2026-05-28T05:28:35+00:00
824842,2026-05-22,BAL,DET,0.3296,0.263,7,4,40,35,2026-05-28T05:28:35+00:00
824922,2026-05-22,ATL,WSH,0.2746,0.2655,4,4,45,45,2026-05-28T05:28:35+00:00
825082,2026-05-22,AZ,COL,0.395,0.2513,2,3,34,39,2026-05-28T05:28:35+00:00
822814,2026-05-23,TOR,PIT,0.3537,0.2075,5,2,33,36,2026-05-28T05:28:53+00:00
823222,2026-05-23,SF,CHW,0.3409,0.222,10,3,39,37,2026-05-28T05:28:53+00:00
823300,2026-05-23,SD,OAK,0.2899,0.2976,2,0,35,35,2026-05-28T05:28:53+00:00
823458,2026-05-23,PHI,CLE,0.3105,0.1832,3,0,36,30,2026-05-28T05:28:53+00:00
823787,2026-05-23,MIL,LAD,0.2546,0.3855,3,11,35,46,2026-05-28T05:28:53+00:00
823862,2026-05-23,MIA,NYM,0.181,0.2162,4,1,33,33,2026-05-28T05:28:53+00:00
824030,2026-05-23,LAA,TEX,0.3387,0.3536,5,2,36,40,2026-05-28T05:28:53+00:00
824109,2026-05-23,KC,SEA,0.3566,0.2021,5,0,35,29,2026-05-28T05:28:53+00:00
824516,2026-05-23,CIN,STL,0.3803,0.366,6,6,40,43,2026-05-28T05:28:53+00:00
824518,2026-05-23,CIN,STL,0.2832,0.4007,1,8,29,43,2026-05-28T05:28:53+00:00
824674,2026-05-23,CHC,HOU,0.2262,0.3328,0,3,30,34,2026-05-28T05:28:53+00:00
824760,2026-05-23,BOS,MIN,0.246,0.3193,2,4,36,40,2026-05-28T05:28:53+00:00
824920,2026-05-23,ATL,WSH,0.1622,0.248,0,2,31,35,2026-05-28T05:28:53+00:00
825080,2026-05-23,AZ,COL,0.3091,0.269,5,4,38,38,2026-05-28T05:28:53+00:00
822813,2026-05-24,TOR,PIT,0.2788,0.3085,1,4,38,37,2026-05-28T05:28:53+00:00
823220,2026-05-24,SF,CHW,0.3732,0.3216,8,5,38,37,2026-05-28T05:28:53+00:00
823297,2026-05-24,SD,OAK,0.3224,0.2856,2,5,37,43,2026-05-28T05:28:53+00:00
823459,2026-05-24,PHI,CLE,0.3102,0.302,1,3,37,33,2026-05-28T05:28:53+00:00
823544,2026-05-24,NYY,TB,0.2734,0.2437,0,0,29,35,2026-05-28T05:28:53+00:00
823786,2026-05-24,MIL,LAD,0.2533,0.3094,1,5,33,40,2026-05-28T05:28:53+00:00
823861,2026-05-24,MIA,NYM,0.3641,0.3072,0,0,37,37,2026-05-28T05:28:53+00:00
824028,2026-05-24,LAA,TEX,0.2435,0.1531,1,1,33,31,2026-05-28T05:28:53+00:00
824108,2026-05-24,KC,SEA,0.2819,0.4099,8,6,37,41,2026-05-28T05:28:53+00:00
824676,2026-05-24,CHC,HOU,0.3977,0.2759,5,8,40,36,2026-05-28T05:28:53+00:00
824759,2026-05-24,BOS,MIN,0.3002,0.3002,5,6,38,43,2026-05-28T05:28:53+00:00
824839,2026-05-24,BAL,DET,0.4022,0.2644,2,3,36,39,2026-05-28T05:28:53+00:00
824840,2026-05-24,BAL,DET,0.3142,0.3895,1,4,35,37,2026-05-28T05:28:53+00:00
824921,2026-05-24,ATL,WSH,0.2879,0.3578,1,2,37,36,2026-05-28T05:28:53+00:00
825081,2026-05-24,AZ,COL,0.3592,0.2483,9,1,36,34,2026-05-28T05:28:53+00:00
822812,2026-05-25,TOR,MIA,0.2819,0.292,2,8,39,39,2026-05-28T05:28:53+00:00
822899,2026-05-25,TEX,HOU,0.2672,0.3022,0,9,30,44,2026-05-28T05:28:53+00:00
823219,2026-05-25,SF,AZ,0.2639,0.3356,2,6,33,41,2026-05-28T05:28:53+00:00
823296,2026-05-25,SD,PHI,0.2426,0.3954,0,3,34,32,2026-05-28T05:28:53+00:00
823380,2026-05-25,PIT,CHC,0.3937,0.281,2,1,34,35,2026-05-28T05:28:53+00:00
823625,2026-05-25,NYM,CIN,0.2836,0.3043,2,7,36,39,2026-05-28T05:28:53+00:00
823784,2026-05-25,MIL,STL,0.3066,0.1806,5,1,36,29,2026-05-28T05:28:53+00:00
823948,2026-05-25,LAD,COL,0.3015,0.2887,5,3,35,35,2026-05-28T05:28:53+00:00
824107,2026-05-25,KC,NYY,0.301,0.3129,3,4,37,36,2026-05-28T05:28:53+00:00
824437,2026-05-25,CLE,WSH,0.2864,0.4185,2,10,34,42,2026-05-28T05:28:53+00:00
824598,2026-05-25,CHW,MIN,0.2666,0.2835,3,1,33,36,2026-05-28T05:28:53+00:00
824838,2026-05-25,BAL,TB,0.3707,0.3464,7,7,51,52,2026-05-28T05:28:53+00:00
825005,2026-05-25,OAK,SEA,0.246,0.2934,2,9,35,41,2026-05-28T05:28:53+00:00
822811,2026-05-26,TOR,MIA,0.4249,0.2057,8,1,40,34,2026-05-28T05:28:53+00:00
822898,2026-05-26,TEX,HOU,0.3769,0.4654,10,7,35,39,2026-05-28T05:28:53+00:00
823216,2026-05-26,SF,AZ,0.3788,0.3289,5,7,38,39,2026-05-28T05:28:53+00:00
823294,2026-05-26,SD,PHI,0.2641,0.4734,3,4,34,38,2026-05-28T05:28:53+00:00
823379,2026-05-26,PIT,CHC,0.3827,0.2661,12,1,43,39,2026-05-28T05:28:53+00:00
823624,2026-05-26,NYM,CIN,0.2424,0.2849,2,7,33,44,2026-05-28T05:28:53+00:00
823785,2026-05-26,MIL,STL,0.3209,0.3085,6,0,37,35,2026-05-28T05:28:53+00:00
823949,2026-05-26,LAD,COL,0.5062,0.3512,15,6,44,40,2026-05-28T05:28:53+00:00
824106,2026-05-26,KC,NYY,0.221,0.4878,1,15,34,55,2026-05-28T05:28:53+00:00
824275,2026-05-26,DET,LAA,0.2855,0.3533,6,10,41,44,2026-05-28T05:28:53+00:00
824434,2026-05-26,CLE,WSH,0.266,0.3789,3,6,39,39,2026-05-28T05:28:53+00:00
824597,2026-05-26,CHW,MIN,0.2558,0.1996,3,5,41,40,2026-05-28T05:28:53+00:00
824758,2026-05-26,BOS,ATL,0.2866,0.3626,6,7,39,40,2026-05-28T05:28:53+00:00
824837,2026-05-26,BAL,TB,0.2795,0.2725,6,1,35,36,2026-05-28T05:28:53+00:00
825004,2026-05-26,OAK,SEA,0.2947,0.2889,1,4,35,39,2026-05-28T05:28:53+00:00
822809,2026-05-27,TOR,MIA,0.2906,0.3254,2,1,29,36,2026-06-26T23:58:02+00:00
822897,2026-05-27,TEX,HOU,0.2783,0.3572,3,4,35,37,2026-06-26T23:58:02+00:00
823217,2026-05-27,SF,AZ,0.1816,0.2326,2,3,32,37,2026-06-26T23:58:02+00:00
823295,2026-05-27,SD,PHI,0.247,0.3311,0,3,34,32,2026-06-26T23:58:02+00:00
823376,2026-05-27,PIT,CHC,0.3098,0.3762,4,10,36,50,2026-06-26T23:58:02+00:00
823626,2026-05-27,NYM,CIN,0.4348,0.3613,4,2,33,45,2026-06-26T23:58:02+00:00
823783,2026-05-27,MIL,STL,0.2028,0.3047,2,1,29,35,2026-06-26T23:58:02+00:00
823947,2026-05-27,LAD,COL,0.3827,0.2196,4,1,32,33,2026-06-26T23:58:02+00:00
824104,2026-05-27,KC,NYY,0.1943,0.3269,0,7,30,38,2026-06-26T23:58:02+00:00
824270,2026-05-27,DET,LAA,0.3159,0.223,4,0,36,30,2026-06-26T23:58:02+00:00
824432,2026-05-27,CLE,WSH,0.3999,0.2697,3,2,36,34,2026-06-26T23:58:02+00:00
824596,2026-05-27,CHW,MIN,0.4278,0.227,15,2,45,30,2026-06-26T23:58:02+00:00
824756,2026-05-27,BOS,ATL,0.4039,0.3589,8,0,39,36,2026-06-26T23:58:02+00:00
824836,2026-05-27,BAL,TB,0.4727,0.3746,11,2,41,39,2026-06-26T23:58:02+00:00
825003,2026-05-27,OAK,SEA,0.2803,0.4086,1,9,36,44,2026-06-26T23:58:02+00:00
822896,2026-05-28,TEX,HOU,0.2704,0.3193,1,5,35,34,2026-06-26T23:58:02+00:00
823378,2026-05-28,PIT,CHC,0.3277,0.2693,2,7,37,42,2026-06-26T23:58:02+00:00
824272,2026-05-28,DET,LAA,0.2686,0.2765,1,7,36,38,2026-06-26T23:58:02+00:00
824595,2026-05-28,CHW,MIN,0.2619,0.2399,6,2,35,34,2026-06-26T23:58:02+00:00
824757,2026-05-28,BOS,ATL,0.308,0.3617,2,10,37,43,2026-06-26T23:58:02+00:00
824834,2026-05-28,BAL,TOR,0.2609,0.3235,1,2,35,35,2026-06-26T23:58:02+00:00
822732,2026-05-29,WSH,SD,0.321,0.3841,5,7,42,42,2026-06-26T23:58:02+00:00
822894,2026-05-29,TEX,KC,0.2862,0.3569,9,1,38,35,2026-06-26T23:58:02+00:00
822978,2026-05-29,TB,LAA,0.3428,0.2987,8,5,38,39,2026-06-26T23:58:02+00:00
823055,2026-05-29,STL,CHC,0.394,0.3413,6,5,35,40,2026-06-26T23:58:02+00:00
823135,2026-05-29,SEA,AZ,0.3742,0.3322,6,6,39,48,2026-06-26T23:58:02+00:00
823377,2026-05-29,PIT,MIN,0.3586,0.2683,4,5,39,36,2026-06-26T23:58:02+00:00
823623,2026-05-29,NYM,MIA,0.3199,0.3106,7,7,39,43,2026-06-26T23:58:02+00:00
823946,2026-05-29,LAD,PHI,0.2672,0.2288,4,2,30,31,2026-06-26T23:58:02+00:00
824191,2026-05-29,HOU,MIL,0.312,0.3049,4,5,38,40,2026-06-26T23:58:02+00:00
824353,2026-05-29,COL,SF,0.3665,0.345,6,6,43,42,2026-06-26T23:58:02+00:00
824433,2026-05-29,CLE,BOS,0.307,0.2558,4,3,33,37,2026-06-26T23:58:02+00:00
824515,2026-05-29,CIN,ATL,0.2869,0.3875,3,8,36,39,2026-06-26T23:58:02+00:00
824594,2026-05-29,CHW,DET,0.3218,0.2269,2,3,38,36,2026-06-26T23:58:02+00:00
824835,2026-05-29,BAL,TOR,0.3893,0.3448,5,6,39,37,2026-06-26T23:58:02+00:00
825002,2026-05-29,OAK,NYY,0.3188,0.3252,2,8,36,42,2026-06-26T23:58:02+00:00
822731,2026-05-30,WSH,SD,0.3825,0.3793,9,4,37,39,2026-06-26T23:58:02+00:00
822893,2026-05-30,TEX,KC,0.3138,0.3263,6,6,40,42,2026-06-26T23:58:02+00:00
822975,2026-05-30,TB,LAA,0.2835,0.3915,3,14,41,46,2026-06-26T23:58:02+00:00
823054,2026-05-30,STL,CHC,0.2997,0.4096,1,6,30,46,2026-06-26T23:58:02+00:00
823132,2026-05-30,SEA,AZ,0.4531,0.194,5,1,34,31,2026-06-26T23:58:02+00:00
823375,2026-05-30,PIT,MIN,0.4435,0.3352,10,9,44,44,2026-06-26T23:58:02+00:00
823622,2026-05-30,NYM,MIA,0.3793,0.2555,6,1,34,35,2026-06-26T23:58:02+00:00
823945,2026-05-30,LAD,PHI,0.2721,0.2328,3,4,38,35,2026-06-26T23:58:02+00:00
824190,2026-05-30,HOU,MIL,0.3991,0.2419,9,2,40,35,2026-06-26T23:58:02+00:00
824352,2026-05-30,COL,SF,0.4105,0.4034,8,3,43,34,2026-06-26T23:58:02+00:00
824431,2026-05-30,CLE,BOS,0.2889,0.3564,1,9,36,46,2026-06-26T23:58:02+00:00
824513,2026-05-30,CIN,ATL,0.3538,0.4658,2,5,31,33,2026-06-26T23:58:02+00:00
824593,2026-05-30,CHW,DET,0.3583,0.2733,7,1,34,35,2026-06-26T23:58:02+00:00
824833,2026-05-30,BAL,TOR,0.4503,0.3448,5,5,39,40,2026-06-26T23:58:02+00:00
825000,2026-05-30,OAK,NYY,0.3681,0.3523,6,4,35,41,2026-06-26T23:58:02+00:00
822729,2026-05-31,WSH,SD,0.3369,0.2663,4,2,34,33,2026-06-26T23:58:02+00:00
822895,2026-05-31,TEX,KC,0.3254,0.3275,6,3,36,38,2026-06-26T23:58:02+00:00
822976,2026-05-31,TB,LAA,0.3439,0.2887,5,2,41,36,2026-06-26T23:58:02+00:00
823053,2026-05-31,STL,CHC,0.2977,0.3305,5,1,33,35,2026-06-26T23:58:02+00:00
823133,2026-05-31,SEA,AZ,0.3336,0.2331,2,2,40,35,2026-06-26T23:58:02+00:00
823373,2026-05-31,PIT,MIN,0.3415,0.1484,9,3,38,32,2026-06-26T23:58:02+00:00
823621,2026-05-31,NYM,MIA,0.4253,0.3055,10,1,40,38,2026-06-26T23:58:02+00:00
823944,2026-05-31,LAD,PHI,0.4191,0.2788,9,1,40,37,2026-06-26T23:58:02+00:00
824187,2026-05-31,HOU,MIL,0.2162,0.2584,0,2,31,31,2026-06-26T23:58:02+00:00
824354,2026-05-31,COL,SF,0.2751,0.4456,6,19,43,55,2026-06-26T23:58:02+00:00
824430,2026-05-31,CLE,BOS,0.2695,0.3883,4,9,41,42,2026-06-26T23:58:02+00:00
824512,2026-05-31,CIN,ATL,0.2801,0.4048,6,4,37,37,2026-06-26T23:58:02+00:00
824592,2026-05-31,CHW,DET,0.252,0.2494,2,1,29,33,2026-06-26T23:58:02+00:00
824832,2026-05-31,BAL,TOR,0.3745,0.3403,9,5,37,38,2026-06-26T23:58:02+00:00
825001,2026-05-31,OAK,NYY,0.4285,0.2681,8,13,45,41,2026-06-26T23:58:02+00:00
822730,2026-06-01,WSH,MIA,0.3245,0.3785,3,7,33,40,2026-06-26T23:58:02+00:00
822974,2026-06-01,TB,DET,0.3797,0.4761,9,10,42,43,2026-06-26T23:58:02+00:00
823050,2026-06-01,STL,TEX,0.2228,0.2946,1,2,34,36,2026-06-26T23:58:02+00:00
823131,2026-06-01,SEA,NYM,0.2594,0.2807,2,2,33,32,2026-06-26T23:58:02+00:00
823702,2026-06-01,MIN,CHW,0.372,0.3431,9,6,37,40,2026-06-26T23:58:02+00:00
823781,2026-06-01,MIL,SF,0.4546,0.3191,16,2,51,36,2026-06-26T23:58:02+00:00
824027,2026-06-01,LAA,COL,0.3586,0.4639,8,9,42,48,2026-06-26T23:58:02+00:00
824510,2026-06-01,CIN,KC,0.2693,0.4437,2,9,37,42,2026-06-26T23:58:02+00:00
825078,2026-06-01,AZ,LAD,0.2754,0.3101,4,1,29,33,2026-06-26T23:58:02+00:00
822728,2026-06-02,WSH,MIA,0.2441,0.421,3,7,35,37,2026-06-26T23:58:02+00:00
822971,2026-06-02,TB,DET,0.238,0.4168,0,8,33,40,2026-06-26T23:58:02+00:00
823052,2026-06-02,STL,TEX,0.3055,0.306,4,7,41,39,2026-06-26T23:58:02+00:00
823129,2026-06-02,SEA,NYM,0.3548,0.3231,8,3,40,33,2026-06-26T23:58:02+00:00
823460,2026-06-02,PHI,SD,0.3467,0.2265,3,2,33,34,2026-06-26T23:58:02+00:00
823541,2026-06-02,NYY,CLE,0.2728,0.2574,4,9,39,42,2026-06-26T23:58:02+00:00
823700,2026-06-02,MIN,CHW,0.3497,0.2593,6,4,36,39,2026-06-26T23:58:02+00:00
823782,2026-06-02,MIL,SF,0.3533,0.2676,8,3,40,39,2026-06-26T23:58:02+00:00
824026,2026-06-02,LAA,COL,0.3174,0.351,2,8,36,43,2026-06-26T23:58:02+00:00
824189,2026-06-02,HOU,PIT,0.2661,0.3919,6,10,40,43,2026-06-26T23:58:02+00:00
824511,2026-06-02,CIN,KC,0.2426,0.3006,3,3,33,43,2026-06-26T23:58:02+00:00
824675,2026-06-02,CHC,OAK,0.2349,0.3107,1,2,32,34,2026-06-26T23:58:02+00:00
824754,2026-06-02,BOS,BAL,0.2226,0.2558,2,4,33,36,2026-06-26T23:58:02+00:00
824918,2026-06-02,ATL,TOR,0.2201,0.2244,4,3,32,36,2026-06-26T23:58:02+00:00
825079,2026-06-02,AZ,LAD,0.3732,0.3177,5,6,43,38,2026-06-26T23:58:02+00:00
822727,2026-06-03,WSH,MIA,0.2196,0.3808,1,4,33,43,2026-06-26T23:58:02+00:00
822973,2026-06-03,TB,DET,0.2797,0.3827,2,7,32,40,2026-06-26T23:58:02+00:00
823051,2026-06-03,STL,TEX,0.2981,0.3024,5,3,38,38,2026-06-26T23:58:02+00:00
823130,2026-06-03,SEA,NYM,0.2798,0.2824,1,7,34,43,2026-06-26T23:58:02+00:00
823456,2026-06-03,PHI,SD,0.3555,0.2614,3,2,32,35,2026-06-26T23:58:02+00:00
823540,2026-06-03,NYY,CLE,0.3231,0.2828,4,5,33,36,2026-06-26T23:58:02+00:00
823701,2026-06-03,MIN,CHW,0.2306,0.427,0,8,34,49,2026-06-26T23:58:02+00:00
823780,2026-06-03,MIL,SF,0.2086,0.2698,0,1,31,37,2026-06-26T23:58:02+00:00
824024,2026-06-03,LAA,COL,0.4459,0.2935,11,4,43,37,2026-06-26T23:58:02+00:00
824188,2026-06-03,HOU,PIT,0.3024,0.3932,11,9,43,45,2026-06-26T23:58:02+00:00
824509,2026-06-03,CIN,KC,0.2752,0.2988,2,5,36,38,2026-06-26T23:58:02+00:00
824671,2026-06-03,CHC,OAK,0.317,0.4237,4,5,39,40,2026-06-26T23:58:02+00:00
824755,2026-06-03,BOS,BAL,0.3381,0.2969,8,1,42,39,2026-06-26T23:58:02+00:00
824917,2026-06-03,ATL,TOR,0.3834,0.3755,7,3,35,38,2026-06-26T23:58:02+00:00
825077,2026-06-03,AZ,LAD,0.2024,0.408,0,7,31,48,2026-06-26T23:58:02+00:00
823457,2026-06-04,PHI,SD,0.357,0.3323,6,4,37,35,2026-06-26T23:58:02+00:00
823542,2026-06-04,NYY,CLE,0.2387,0.2657,2,1,29,33,2026-06-26T23:58:02+00:00
823698,2026-06-04,MIN,KC,0.3827,0.2845,6,8,38,46,2026-06-26T23:58:02+00:00
823779,2026-06-04,MIL,SF,0.3505,0.3629,9,12,45,49,2026-06-26T23:58:02+00:00
824185,2026-06-04,HOU,PIT,0.3305,0.3028,1,5,36,38,2026-06-26T23:58:02+00:00
824672,2026-06-04,CHC,OAK,0.3146,0.3212,6,6,37,36,2026-06-26T23:58:02+00:00
824753,2026-06-04,BOS,BAL,0.2427,0.3893,2,8,34,43,2026-06-26T23:58:02+00:00
824919,2026-06-04,ATL,TOR,0.2588,0.3196,2,7,34,46,2026-06-26T23:58:02+00:00
825076,2026-06-04,AZ,LAD,0.3498,0.2947,2,2,37,33,2026-06-26T23:58:02+00:00
822810,2026-06-05,TOR,BAL,0.3418,0.3717,3,13,33,45,2026-06-26T23:58:02+00:00
822892,2026-06-05,TEX,CLE,0.2886,0.2334,3,2,30,36,2026-06-26T23:58:02+00:00
823049,2026-06-05,STL,CIN,0.374,0.393,10,3,46,38,2026-06-26T23:58:02+00:00
823293,2026-06-05,SD,NYM,0.2865,0.3779,0,5,32,35,2026-06-26T23:58:02+00:00
823455,2026-06-05,PHI,CHW,0.3869,0.3581,8,6,38,38,2026-06-26T23:58:02+00:00
823538,2026-06-05,NYY,BOS,0.3147,0.2962,3,5,37,35,2026-06-26T23:58:02+00:00
823699,2026-06-05,MIN,KC,0.3568,0.3567,5,3,34,36,2026-06-26T23:58:02+00:00
823860,2026-06-05,MIA,TB,0.1442,0.3395,0,6,30,43,2026-06-26T23:58:02+00:00
823943,2026-06-05,LAD,LAA,0.2987,0.1808,0,0,30,32,2026-06-26T23:58:02+00:00
824186,2026-06-05,HOU,OAK,0.2735,0.2871,5,1,33,35,2026-06-26T23:58:02+00:00
824271,2026-06-05,DET,SEA,0.2711,0.2932,7,3,35,41,2026-06-26T23:58:02+00:00
824350,2026-06-05,COL,MIL,0.3712,0.2987,7,9,46,46,2026-06-26T23:58:02+00:00
824673,2026-06-05,CHC,SF,0.3512,0.4423,3,18,39,49,2026-06-26T23:58:02+00:00
824914,2026-06-05,ATL,PIT,0.3353,0.2826,6,3,39,32,2026-06-26T23:58:02+00:00
825073,2026-06-05,AZ,WSH,0.3021,0.5142,1,14,35,52,2026-06-26T23:58:02+00:00
822808,2026-06-06,TOR,BAL,0.2806,0.3524,6,4,34,34,2026-06-26T23:58:02+00:00
822891,2026-06-06,TEX,CLE,0.3193,0.3776,0,6,29,42,2026-06-26T23:58:02+00:00
823048,2026-06-06,STL,CIN,0.3529,0.2995,6,5,35,40,2026-06-26T23:58:02+00:00
823292,2026-06-06,SD,NYM,0.3128,0.2622,3,2,30,34,2026-06-26T23:58:02+00:00
823454,2026-06-06,PHI,CHW,0.2521,0.2814,3,6,37,39,2026-06-26T23:58:02+00:00
823697,2026-06-06,MIN,KC,0.2794,0.2458,2,3,34,38,2026-06-26T23:58:02+00:00
823859,2026-06-06,MIA,TB,0.3045,0.3021,4,3,35,39,2026-06-26T23:58:02+00:00
823942,2026-06-06,LAD,LAA,0.3244,0.2484,9,2,39,30,2026-06-26T23:58:02+00:00
824184,2026-06-06,HOU,OAK,0.2681,0.2676,13,2,41,39,2026-06-26T23:58:02+00:00
824269,2026-06-06,DET,SEA,0.2227,0.3533,0,4,32,39,2026-06-26T23:58:02+00:00
824351,2026-06-06,COL,MIL,0.2516,0.442,1,7,37,46,2026-06-26T23:58:02+00:00
824669,2026-06-06,CHC,SF,0.3567,0.2651,2,2,39,39,2026-06-26T23:58:02+00:00
824915,2026-06-06,ATL,PIT,0.3177,0.259,6,3,35,38,2026-06-26T23:58:02+00:00
825075,2026-06-06,AZ,WSH,0.2979,0.3669,1,6,31,37,2026-06-26T23:58:02+00:00
822807,2026-06-07,TOR,BAL,0.3964,0.3002,6,4,36,36,2026-06-26T23:58:02+00:00
822890,2026-06-07,TEX,CLE,0.3698,0.2612,10,0,42,35,2026-06-26T23:58:02+00:00
823047,2026-06-07,STL,CIN,0.3413,0.2782,5,3,41,37,2026-06-26T23:58:02+00:00
823291,2026-06-07,SD,NYM,0.3266,0.456,3,7,37,44,2026-06-26T23:58:02+00:00
823453,2026-06-07,PHI,CHW,0.4537,0.2876,9,5,40,41,2026-06-26T23:58:02+00:00
823537,2026-06-07,NYY,BOS,0.3451,0.2823,6,1,34,32,2026-06-26T23:58:02+00:00
823696,2026-06-07,MIN,KC,0.2702,0.3234,5,6,38,39,2026-06-26T23:58:02+00:00
823857,2026-06-07,MIA,TB,0.2906,0.3074,4,1,32,32,2026-06-26T23:58:02+00:00
823941,2026-06-07,LAD,LAA,0.2915,0.3415,5,13,40,46,2026-06-26T23:58:02+00:00
824183,2026-06-07,HOU,OAK,0.2847,0.288,0,5,33,39,2026-06-26T23:58:02+00:00
824268,2026-06-07,DET,SEA,0.297,0.3656,3,4,38,39,2026-06-26T23:58:02+00:00
824349,2026-06-07,COL,MIL,0.2885,0.4471,4,12,33,46,2026-06-26T23:58:02+00:00
824670,2026-06-07,CHC,SF,0.2544,0.2351,1,2,40,36,2026-06-26T23:58:02+00:00
824916,2026-06-07,ATL,PIT,0.253,0.2499,3,2,32,36,2026-06-26T23:58:02+00:00
825074,2026-06-07,AZ,WSH,0.4442,0.2478,5,1,36,32,2026-06-26T23:58:02+00:00
822806,2026-06-08,TOR,PHI,0.2464,0.3555,2,5,35,37,2026-06-26T23:58:02+00:00
822972,2026-06-08,TB,BOS,0.2958,0.2076,3,1,38,32,2026-06-26T23:58:02+00:00
823218,2026-06-08,SF,WSH,0.3759,0.3363,3,4,40,34,2026-06-26T23:58:02+00:00
823289,2026-06-08,SD,CIN,0.3149,0.3306,6,2,35,38,2026-06-26T23:58:02+00:00
824025,2026-06-08,LAA,HOU,0.3033,0.3145,4,5,41,43,2026-06-26T23:58:02+00:00
824427,2026-06-08,CLE,NYY,0.3131,0.3938,5,7,44,40,2026-06-26T23:58:02+00:00
824829,2026-06-08,BAL,SEA,0.4272,0.3436,3,6,40,37,2026-06-26T23:58:02+00:00
824998,2026-06-08,OAK,MIL,0.3035,0.3623,14,15,54,57,2026-06-26T23:58:02+00:00
822805,2026-06-09,TOR,PHI,0.2621,0.1905,2,2,33,34,2026-06-26T23:58:02+00:00
822969,2026-06-09,TB,BOS,0.319,0.2766,4,3,33,33,2026-06-26T23:58:02+00:00
823214,2026-06-09,SF,WSH,0.3211,0.3383,3,6,43,42,2026-06-26T23:58:02+00:00
823290,2026-06-09,SD,CIN,0.2408,0.2756,3,5,45,50,2026-06-26T23:58:02+00:00
823374,2026-06-09,PIT,LAD,0.2581,0.4308,3,12,34,51,2026-06-26T23:58:02+00:00
823620,2026-06-09,NYM,STL,0.2536,0.3279,0,7,32,40,2026-06-26T23:58:02+00:00
823858,2026-06-09,MIA,AZ,0.4117,0.3709,10,6,42,45,2026-06-26T23:58:02+00:00
824023,2026-06-09,LAA,HOU,0.3361,0.2278,10,1,44,39,2026-06-26T23:58:02+00:00
824105,2026-06-09,KC,TEX,0.4557,0.3037,5,3,34,37,2026-06-26T23:58:02+00:00
824267,2026-06-09,DET,MIN,0.3646,0.2771,10,4,41,42,2026-06-26T23:58:02+00:00
824347,2026-06-09,COL,CHC,0.4438,0.3221,7,3,40,38,2026-06-26T23:58:02+00:00
824429,2026-06-09,CLE,NYY,0.3048,0.353,2,3,41,38,2026-06-26T23:58:02+00:00
824591,2026-06-09,CHW,ATL,0.3798,0.3288,4,5,42,43,2026-06-26T23:58:02+00:00
824830,2026-06-09,BAL,SEA,0.3495,0.379,5,6,44,41,2026-06-26T23:58:02+00:00
824999,2026-06-09,OAK,MIL,0.2758,0.2585,7,5,38,38,2026-06-26T23:58:02+00:00
822804,2026-06-10,TOR,PHI,0.2942,0.3218,4,7,40,42,2026-06-26T23:58:02+00:00
822970,2026-06-10,TB,BOS,0.2733,0.3197,7,5,36,36,2026-06-26T23:58:02+00:00
823215,2026-06-10,SF,WSH,0.3697,0.3836,7,10,42,42,2026-06-26T23:58:02+00:00
823287,2026-06-10,SD,CIN,0.2779,0.3742,4,4,37,39,2026-06-26T23:58:02+00:00
823372,2026-06-10,PIT,LAD,0.3982,0.408,9,8,40,39,2026-06-26T23:58:02+00:00
823618,2026-06-10,NYM,STL,0.3082,0.3942,2,9,34,42,2026-06-26T23:58:02+00:00
823856,2026-06-10,MIA,AZ,0.426,0.2172,8,0,38,37,2026-06-26T23:58:02+00:00
824022,2026-06-10,LAA,HOU,0.2636,0.2506,2,2,33,33,2026-06-26T23:58:02+00:00
824103,2026-06-10,KC,TEX,0.3527,0.3996,4,6,46,49,2026-06-26T23:58:02+00:00
824266,2026-06-10,DET,MIN,0.2906,0.3861,4,6,41,42,2026-06-26T23:58:02+00:00
824348,2026-06-10,COL,CHC,0.2467,0.2241,2,2,36,35,2026-06-26T23:58:02+00:00
824428,2026-06-10,CLE,NYY,0.3287,0.2827,4,8,37,44,2026-06-26T23:58:02+00:00
824590,2026-06-10,CHW,ATL,0.3108,0.3328,2,1,33,38,2026-06-26T23:58:02+00:00
824831,2026-06-10,BAL,SEA,0.392,0.2559,7,2,38,34,2026-06-26T23:58:02+00:00
824996,2026-06-10,OAK,MIL,0.3725,0.2851,4,3,28,37,2026-06-26T23:58:02+00:00
823371,2026-06-11,PIT,LAD,0.3159,0.3933,6,8,41,49,2026-06-26T23:58:02+00:00
823619,2026-06-11,NYM,STL,0.3136,0.3587,5,4,34,36,2026-06-26T23:58:02+00:00
823855,2026-06-11,MIA,AZ,0.2423,0.2176,2,0,31,33,2026-06-26T23:58:02+00:00
824101,2026-06-11,KC,TEX,0.3295,0.289,2,4,33,37,2026-06-26T23:58:02+00:00
824265,2026-06-11,DET,MIN,0.3299,0.2393,11,0,40,33,2026-06-26T23:58:02+00:00
824346,2026-06-11,COL,CHC,0.3712,0.3852,3,9,39,39,2026-06-26T23:58:02+00:00
824827,2026-06-11,BAL,SEA,0.3805,0.3002,7,5,34,40,2026-06-26T23:58:02+00:00
822726,2026-06-12,WSH,SEA,0.3211,0.3635,2,10,28,40,2026-06-26T23:58:02+00:00
822803,2026-06-12,TOR,NYY,0.3191,0.3285,8,5,38,41,2026-06-26T23:58:02+00:00
823211,2026-06-12,SF,CHC,0.2164,0.2838,1,5,31,35,2026-06-26T23:58:02+00:00
823370,2026-06-12,PIT,MIA,0.2026,0.3676,3,8,34,43,2026-06-26T23:58:02+00:00
823617,2026-06-12,NYM,ATL,0.3349,0.2711,7,5,34,39,2026-06-26T23:58:02+00:00
823695,2026-06-12,MIN,STL,0.4302,0.3279,9,8,36,42,2026-06-26T23:58:02+00:00
823778,2026-06-12,MIL,PHI,0.3281,0.0862,6,0,37,27,2026-06-26T23:58:02+00:00
824020,2026-06-12,LAA,TB,0.3024,0.2686,4,3,34,34,2026-06-26T23:58:02+00:00
824102,2026-06-12,KC,HOU,0.3358,0.41,8,10,42,44,2026-06-26T23:58:02+00:00
824425,2026-06-12,CLE,DET,0.2964,0.3393,3,2,35,29,2026-06-26T23:58:02+00:00
824507,2026-06-12,CIN,AZ,0.3972,0.3227,2,5,38,40,2026-06-26T23:58:02+00:00
824588,2026-06-12,CHW,LAD,0.3797,0.2581,8,2,40,33,2026-06-26T23:58:02+00:00
824752,2026-06-12,BOS,TEX,0.3739,0.1792,10,1,41,33,2026-06-26T23:58:02+00:00
824826,2026-06-12,BAL,SD,0.3929,0.3707,7,3,36,37,2026-06-26T23:58:02+00:00
824997,2026-06-12,OAK,COL,0.3224,0.2761,6,4,40,35,2026-06-26T23:58:02+00:00
822725,2026-06-13,WSH,SEA,0.2571,0.3206,8,3,37,37,2026-06-26T23:58:02+00:00
822802,2026-06-13,TOR,NYY,0.2806,0.2439,1,3,38,34,2026-06-26T23:58:02+00:00
823213,2026-06-13,SF,CHC,0.3669,0.4097,1,6,37,45,2026-06-26T23:58:02+00:00
823369,2026-06-13,PIT,MIA,0.2594,0.2578,3,2,38,37,2026-06-26T23:58:02+00:00
823616,2026-06-13,NYM,ATL,0.2614,0.2917,1,3,33,34,2026-06-26T23:58:02+00:00
823694,2026-06-13,MIN,STL,0.3243,0.4788,6,9,37,41,2026-06-26T23:58:02+00:00
823776,2026-06-13,MIL,PHI,0.3412,0.2843,8,9,43,46,2026-06-26T23:58:02+00:00
824019,2026-06-13,LAA,TB,0.3998,0.2581,8,0,41,35,2026-06-26T23:58:02+00:00
824100,2026-06-13,KC,HOU,0.3057,0.3791,7,8,39,40,2026-06-26T23:58:02+00:00
824426,2026-06-13,CLE,DET,0.2295,0.2914,3,1,32,39,2026-06-26T23:58:02+00:00
824508,2026-06-13,CIN,AZ,0.2687,0.285,2,1,27,37,2026-06-26T23:58:02+00:00
824587,2026-06-13,CHW,LAD,0.2357,0.3981,1,7,29,46,2026-06-26T23:58:02+00:00
824749,2026-06-13,BOS,TEX,0.2716,0.2084,6,3,35,40,2026-06-26T23:58:02+00:00
824828,2026-06-13,BAL,SD,0.2942,0.3707,3,9,39,43,2026-06-26T23:58:02+00:00
824995,2026-06-13,OAK,COL,0.2787,0.2736,7,5,39,36,2026-06-26T23:58:02+00:00
822722,2026-06-14,WSH,SEA,0.3361,0.2293,10,1,40,31,2026-06-26T23:58:02+00:00
822801,2026-06-14,TOR,NYY,0.3065,0.3102,3,8,39,43,2026-06-26T23:58:02+00:00
823212,2026-06-14,SF,CHC,0.2989,0.1934,5,1,36,33,2026-06-26T23:58:02+00:00
823368,2026-06-14,PIT,MIA,0.315,0.2782,2,4,40,39,2026-06-26T23:58:02+00:00
823615,2026-06-14,NYM,ATL,0.3784,0.2484,8,1,42,34,2026-06-26T23:58:02+00:00
823693,2026-06-14,MIN,STL,0.4334,0.2883,5,4,38,37,2026-06-26T23:58:02+00:00
823777,2026-06-14,MIL,PHI,0.3391,0.2,4,0,34,32,2026-06-26T23:58:02+00:00
824021,2026-06-14,LAA,TB,0.2753,0.4168,3,8,40,41,2026-06-26T23:58:02+00:00
824099,2026-06-14,KC,HOU,0.2859,0.2599,4,0,33,31,2026-06-26T23:58:02+00:00
824506,2026-06-14,CIN,AZ,0.3449,0.3373,3,5,34,33,2026-06-26T23:58:02+00:00
824586,2026-06-14,CHW,LAD,0.303,0.3405,6,4,34,37,2026-06-26T23:58:02+00:00
824751,2026-06-14,BOS,TEX,0.2284,0.3252,4,6,35,43,2026-06-26T23:58:02+00:00
824823,2026-06-14,BAL,SD,0.2434,0.3019,2,5,36,39,2026-06-26T23:58:02+00:00
824994,2026-06-14,OAK,COL,0.3807,0.3717,9,23,42,52,2026-06-26T23:58:02+00:00
822724,2026-06-15,WSH,KC,0.327,0.2824,7,3,35,37,2026-06-26T23:58:02+00:00
822887,2026-06-15,TEX,MIN,0.2933,0.2205,2,4,32,33,2026-06-26T23:58:02+00:00
823046,2026-06-15,STL,SD,0.3066,0.1603,3,0,33,27,2026-06-26T23:58:02+00:00
823452,2026-06-15,PHI,MIA,0.4038,0.2128,7,0,40,35,2026-06-26T23:58:02+00:00
823938,2026-06-15,LAD,TB,0.3087,0.3291,4,3,33,35,2026-06-26T23:58:02+00:00
824181,2026-06-15,HOU,DET,0.2864,0.3724,3,9,37,44,2026-06-26T23:58:02+00:00
824505,2026-06-15,CIN,NYM,0.3428,0.309,12,0,36,38,2026-06-26T23:58:02+00:00
824666,2026-06-15,CHC,COL,0.3883,0.3094,4,4,44,38,2026-06-26T23:58:02+00:00
824993,2026-06-15,OAK,PIT,0.2591,0.3191,11,2,41,38,2026-06-26T23:58:02+00:00
825071,2026-06-15,AZ,LAA,0.3027,0.2794,4,3,35,36,2026-06-26T23:58:02+00:00
822723,2026-06-16,WSH,KC,0.3251,0.3511,6,4,38,39,2026-06-26T23:58:02+00:00
822888,2026-06-16,TEX,MIN,0.2745,0.3781,2,12,34,47,2026-06-26T23:58:02+00:00
823045,2026-06-16,STL,SD,0.435,0.214,3,2,38,31,2026-06-26T23:58:02+00:00
823128,2026-06-16,SEA,BAL,0.3161,0.2287,3,1,32,32,2026-06-26T23:58:02+00:00
823451,2026-06-16,PHI,MIA,0.3456,0.2384,8,2,34,36,2026-06-26T23:58:02+00:00
823535,2026-06-16,NYY,CHW,0.3718,0.1743,12,2,42,26,2026-06-26T23:58:02+00:00
823775,2026-06-16,MIL,CLE,0.3288,0.2463,2,1,31,35,2026-06-26T23:58:02+00:00
823939,2026-06-16,LAD,TB,0.2615,0.2655,1,0,29,30,2026-06-26T23:58:02+00:00
824182,2026-06-16,HOU,DET,0.2714,0.2267,4,2,38,34,2026-06-26T23:58:02+00:00
824504,2026-06-16,CIN,NYM,0.3146,0.3313,5,3,32,39,2026-06-26T23:58:02+00:00
824667,2026-06-16,CHC,COL,0.3403,0.2952,2,5,38,37,2026-06-26T23:58:02+00:00
824750,2026-06-16,BOS,TOR,0.3162,0.3118,1,6,41,38,2026-06-26T23:58:02+00:00
824912,2026-06-16,ATL,SF,0.3227,0.318,2,7,38,40,2026-06-26T23:58:02+00:00
824991,2026-06-16,OAK,PIT,0.309,0.3286,5,6,39,39,2026-06-26T23:58:02+00:00
825070,2026-06-16,AZ,LAA,0.1817,0.3766,0,7,32,41,2026-06-26T23:58:02+00:00
822721,2026-06-17,WSH,KC,0.256,0.4308,2,6,32,41,2026-06-26T23:58:02+00:00
823044,2026-06-17,STL,SD,0.2909,0.3229,1,6,34,43,2026-06-26T23:58:02+00:00
823127,2026-06-17,SEA,BAL,0.2616,0.2761,3,5,35,36,2026-06-26T23:58:02+00:00
823450,2026-06-17,PHI,MIA,0.2359,0.4161,4,12,38,45,2026-06-26T23:58:02+00:00
823536,2026-06-17,NYY,CHW,0.4096,0.4158,10,5,42,39,2026-06-26T23:58:02+00:00
823774,2026-06-17,MIL,CLE,0.3378,0.1739,9,4,36,33,2026-06-26T23:58:02+00:00
823940,2026-06-17,LAD,TB,0.4302,0.2703,5,4,40,38,2026-06-26T23:58:02+00:00
824178,2026-06-17,HOU,DET,0.4262,0.1493,4,2,35,31,2026-06-26T23:58:02+00:00
824503,2026-06-17,CIN,NYM,0.222,0.4071,1,9,34,42,2026-06-26T23:58:02+00:00
824668,2026-06-17,CHC,COL,0.2326,0.3564,8,6,38,38,2026-06-26T23:58:02+00:00
824746,2026-06-17,BOS,TOR,0.2947,0.1827,0,3,40,36,2026-06-26T23:58:02+00:00
824913,2026-06-17,ATL,SF,0.3135,0.3727,5,7,41,38,2026-06-26T23:58:02+00:00
824992,2026-06-17,OAK,PIT,0.2526,0.404,4,12,36,49,2026-06-26T23:58:02+00:00
825072,2026-06-17,AZ,LAA,0.3454,0.3134,8,1,39,33,2026-06-26T23:58:02+00:00
822889,2026-06-18,TEX,MIN,0.2442,0.3552,3,9,40,42,2026-06-26T23:58:02+00:00
823125,2026-06-18,SEA,BAL,0.2745,0.2527,3,0,31,33,2026-06-26T23:58:02+00:00
823448,2026-06-18,PHI,NYM,0.2847,0.2912,4,6,38,41,2026-06-26T23:58:02+00:00
823533,2026-06-18,NYY,CHW,0.3139,0.3266,1,5,31,35,2026-06-26T23:58:02+00:00
823772,2026-06-18,MIL,CLE,0.3209,0.3609,2,4,40,42,2026-06-26T23:58:02+00:00
824098,2026-06-18,KC,STL,0.4151,0.3917,14,6,44,48,2026-06-26T23:58:02+00:00
824748,2026-06-18,BOS,TOR,0.1729,0.2214,3,4,31,36,2026-06-26T23:58:02+00:00
824989,2026-06-18,OAK,LAA,0.3334,0.2742,5,0,36,34,2026-06-26T23:58:02+00:00
822886,2026-06-19,TEX,SD,0.3589,0.3256,9,7,42,39,2026-06-26T23:58:02+00:00
822966,2026-06-19,TB,WSH,0.332,0.3673,5,2,33,32,2026-06-26T23:58:02+00:00
823124,2026-06-19,SEA,BOS,0.2637,0.2083,2,6,33,35,2026-06-26T23:58:02+00:00
823534,2026-06-19,NYY,CIN,0.4068,0.2371,5,0,36,33,2026-06-26T23:58:02+00:00
823853,2026-06-19,MIA,SF,0.2854,0.3483,4,3,36,37,2026-06-26T23:58:02+00:00
823936,2026-06-19,LAD,BAL,0.3133,0.2573,4,5,43,34,2026-06-26T23:58:02+00:00
824097,2026-06-19,KC,STL,0.3961,0.3063,6,5,35,36,2026-06-26T23:58:02+00:00
824179,2026-06-19,HOU,CLE,0.3132,0.223,9,3,39,34,2026-06-26T23:58:02+00:00
824264,2026-06-19,DET,CHW,0.2927,0.361,4,3,31,36,2026-06-26T23:58:02+00:00
824345,2026-06-19,COL,PIT,0.2929,0.2629,4,3,35,35,2026-06-26T23:58:02+00:00
824663,2026-06-19,CHC,TOR,0.4015,0.2643,16,2,55,32,2026-06-26T23:58:02+00:00
824910,2026-06-19,ATL,MIL,0.1996,0.3217,3,2,32,39,2026-06-26T23:58:02+00:00
824990,2026-06-19,OAK,LAA,0.4065,0.336,11,11,47,44,2026-06-26T23:58:02+00:00
825069,2026-06-19,AZ,MIN,0.3475,0.4138,9,5,41,39,2026-06-26T23:58:02+00:00
822885,2026-06-20,TEX,SD,0.2331,0.326,4,6,40,42,2026-06-26T23:58:02+00:00
822967,2026-06-20,TB,WSH,0.3024,0.3448,3,4,38,37,2026-06-26T23:58:02+00:00
823126,2026-06-20,SEA,BOS,0.2251,0.3214,1,5,33,37,2026-06-26T23:58:02+00:00
823447,2026-06-20,PHI,NYM,0.3667,0.2652,15,3,42,36,2026-06-26T23:58:02+00:00
823532,2026-06-20,NYY,CIN,0.2769,0.3884,2,10,38,45,2026-06-26T23:58:02+00:00
823854,2026-06-20,MIA,SF,0.4061,0.2946,6,3,38,39,2026-06-26T23:58:02+00:00
823937,2026-06-20,LAD,BAL,0.2796,0.2412,2,3,34,37,2026-06-26T23:58:02+00:00
824180,2026-06-20,HOU,CLE,0.2329,0.3393,1,8,32,34,2026-06-26T23:58:02+00:00
824263,2026-06-20,DET,CHW,0.3518,0.2297,4,1,36,36,2026-06-26T23:58:02+00:00
824342,2026-06-20,COL,PIT,0.2823,0.2806,2,1,32,34,2026-06-26T23:58:02+00:00
824665,2026-06-20,CHC,TOR,0.3659,0.368,6,8,44,37,2026-06-26T23:58:02+00:00
824909,2026-06-20,ATL,MIL,0.1854,0.2804,2,3,31,36,2026-06-26T23:58:02+00:00
824988,2026-06-20,OAK,LAA,0.2132,0.2891,0,7,35,44,2026-06-26T23:58:02+00:00
825068,2026-06-20,AZ,MIN,0.3053,0.4197,8,16,42,53,2026-06-26T23:58:02+00:00
822883,2026-06-21,TEX,SD,0.4012,0.2102,4,3,34,36,2026-06-26T23:58:02+00:00
822968,2026-06-21,TB,WSH,0.3016,0.331,4,3,35,34,2026-06-26T23:58:02+00:00
823123,2026-06-21,SEA,BOS,0.3403,0.2315,3,1,32,32,2026-06-26T23:58:02+00:00
823449,2026-06-21,PHI,NYM,0.3597,0.2298,6,2,36,35,2026-06-26T23:58:02+00:00
823531,2026-06-21,NYY,CIN,0.2226,0.2329,1,4,36,36,2026-06-26T23:58:02+00:00
823852,2026-06-21,MIA,SF,0.2505,0.3255,2,1,28,33,2026-06-26T23:58:02+00:00
823934,2026-06-21,LAD,BAL,0.2358,0.3531,1,12,34,47,2026-06-26T23:58:02+00:00
824095,2026-06-21,KC,STL,0.4494,0.3736,10,12,44,45,2026-06-26T23:58:02+00:00
824177,2026-06-21,HOU,CLE,0.3207,0.2266,2,1,30,33,2026-06-26T23:58:02+00:00
824260,2026-06-21,DET,CHW,0.3109,0.2451,4,4,43,36,2026-06-26T23:58:02+00:00
824343,2026-06-21,COL,PIT,0.3163,0.4093,6,8,38,39,2026-06-26T23:58:02+00:00
824908,2026-06-21,ATL,MIL,0.2763,0.3557,4,9,34,42,2026-06-26T23:58:02+00:00
824987,2026-06-21,OAK,LAA,0.3563,0.262,7,9,39,39,2026-06-26T23:58:02+00:00
825067,2026-06-21,AZ,MIN,0.3523,0.2987,2,4,36,38,2026-06-26T23:58:02+00:00
822720,2026-06-22,WSH,PHI,0.2801,0.2017,4,1,38,32,2026-06-26T23:58:02+00:00
822800,2026-06-22,TOR,HOU,0.3473,0.2426,4,2,40,35,2026-06-26T23:58:02+00:00
822964,2026-06-22,TB,KC,0.1986,0.2874,1,2,33,33,2026-06-26T23:58:02+00:00
823040,2026-06-22,STL,AZ,0.3414,0.3493,3,2,33,35,2026-06-26T23:58:02+00:00
823288,2026-06-22,SD,ATL,0.3146,0.2711,1,0,34,35,2026-06-26T23:58:02+00:00
823692,2026-06-22,MIN,LAD,0.3697,0.3589,1,2,34,37,2026-06-26T23:58:02+00:00
823851,2026-06-22,MIA,TEX,0.2145,0.3339,3,4,34,39,2026-06-26T23:58:02+00:00
824016,2026-06-22,LAA,BAL,0.2711,0.3213,1,6,34,39,2026-06-26T23:58:02+00:00
824261,2026-06-22,DET,NYY,0.3263,0.2683,5,3,35,37,2026-06-26T23:58:02+00:00
824344,2026-06-22,COL,BOS,0.2122,0.3148,0,2,33,36,2026-06-26T23:58:02+00:00
824502,2026-06-22,CIN,MIL,0.2163,0.2391,1,2,30,33,2026-06-26T23:58:02+00:00
824585,2026-06-22,CHW,CLE,0.2382,0.2678,4,5,37,42,2026-06-26T23:58:02+00:00
822718,2026-06-23,WSH,PHI,0.2966,0.4215,9,14,40,47,2026-06-26T23:58:02+00:00
822799,2026-06-23,TOR,HOU,0.3216,0.4025,7,9,50,47,2026-06-26T23:58:02+00:00
822963,2026-06-23,TB,KC,0.3131,0.4162,5,12,41,41,2026-06-26T23:58:02+00:00
823043,2026-06-23,STL,AZ,0.2991,0.2921,3,4,37,38,2026-06-26T23:58:02+00:00
823210,2026-06-23,SF,OAK,0.2724,0.2638,3,1,35,33,2026-06-26T23:58:02+00:00
823286,2026-06-23,SD,ATL,0.3141,0.2933,6,6,39,44,2026-06-26T23:58:02+00:00
823365,2026-06-23,PIT,SEA,0.3369,0.2802,2,3,38,37,2026-06-26T23:58:02+00:00
823614,2026-06-23,NYM,CHC,0.3593,0.3288,6,9,39,41,2026-06-26T23:58:02+00:00
823690,2026-06-23,MIN,LAD,0.3229,0.3492,3,12,36,51,2026-06-26T23:58:02+00:00
823849,2026-06-23,MIA,TEX,0.3453,0.34,6,4,39,40,2026-06-26T23:58:02+00:00
824017,2026-06-23,LAA,BAL,0.2537,0.1656,5,1,33,31,2026-06-26T23:58:02+00:00
824262,2026-06-23,DET,NYY,0.3689,0.2628,3,4,35,37,2026-06-26T23:58:02+00:00
824340,2026-06-23,COL,BOS,0.2359,0.3775,2,5,37,42,2026-06-26T23:58:02+00:00
824501,2026-06-23,CIN,MIL,0.1918,0.2073,0,2,26,35,2026-06-26T23:58:02+00:00
824584,2026-06-23,CHW,CLE,0.22,0.2964,2,1,28,34,2026-06-26T23:58:02+00:00
822719,2026-06-24,WSH,PHI,0.304,0.3212,4,5,38,37,2026-06-26T23:58:02+00:00
822798,2026-06-24,TOR,HOU,0.1792,0.2904,1,3,32,38,2026-06-26T23:58:02+00:00
822965,2026-06-24,TB,KC,0.2915,0.316,5,3,35,38,2026-06-26T23:58:02+00:00
823041,2026-06-24,STL,AZ,0.273,0.348,4,9,37,45,2026-06-26T23:58:02+00:00
823208,2026-06-24,SF,OAK,0.3094,0.4259,1,1,33,31,2026-06-26T23:58:02+00:00
823284,2026-06-24,SD,ATL,0.3291,0.2962,5,2,35,35,2026-06-26T23:58:02+00:00
823367,2026-06-24,PIT,SEA,0.3485,0.2628,11,1,42,34,2026-06-26T23:58:02+00:00
823611,2026-06-24,NYM,CHC,0.3621,0.2713,5,10,37,46,2026-06-26T23:58:02+00:00
823613,2026-06-24,NYM,CHC,0.3786,0.3934,3,10,35,41,2026-06-26T23:58:02+00:00
823691,2026-06-24,MIN,LAD,0.2324,0.2722,3,4,38,38,2026-06-26T23:58:02+00:00
823850,2026-06-24,MIA,TEX,0.294,0.3243,4,2,31,31,2026-06-26T23:58:02+00:00
824018,2026-06-24,LAA,BAL,0.2363,0.338,6,6,47,41,2026-06-26T23:58:02+00:00
824259,2026-06-24,DET,NYY,0.3746,0.2074,2,4,38,33,2026-06-26T23:58:02+00:00
824341,2026-06-24,COL,BOS,0.2849,0.3675,8,6,41,38,2026-06-26T23:58:02+00:00
824500,2026-06-24,CIN,MIL,0.4408,0.4002,5,6,44,39,2026-06-26T23:58:02+00:00
824583,2026-06-24,CHW,CLE,0.483,0.2749,3,4,42,44,2026-06-26T23:58:02+00:00
822717,2026-06-25,WSH,PHI,0.2339,0.4411,5,10,38,45,2026-06-26T23:58:02+00:00
822797,2026-06-25,TOR,TEX,0.2836,0.4184,5,6,33,39,2026-06-26T23:58:02+00:00
822961,2026-06-25,TB,KC,0.3958,0.2044,13,2,40,30,2026-06-26T23:58:02+00:00
823209,2026-06-25,SF,OAK,0.3193,0.3205,6,9,36,44,2026-06-26T23:58:02+00:00
823366,2026-06-25,PIT,SEA,0.2851,0.3329,5,1,33,39,2026-06-26T23:58:02+00:00
823612,2026-06-25,NYM,CHC,0.3642,0.225,3,4,46,39,2026-06-26T23:58:02+00:00
824258,2026-06-25,DET,HOU,0.2282,0.1971,1,2,32,32,2026-06-26T23:58:02+00:00
824747,2026-06-25,BOS,NYY,0.229,0.2535,6,3,37,38,2026-06-26T23:58:02+00:00
