game_date,season,game_id,team,tier,decimal,prob,edge_pp,kelly_fraction,stake,won,pnl,bankroll
2023-04-28,2023,718388,TEX,DIAMOND,2.5,0.5258712768554688,16.359486163210324,0.05244636535644531,52.44636535644531,True,78.66954803466797,1078.669548034668
2023-04-29,2023,718369,STL,PLATINUM,2.2,0.514595240354538,8.834004467009237,0.027522818495829913,29.68802618753705,False,-29.68802618753705,1048.9815218471308
2023-04-29,2023,718378,KC,PLATINUM,2.73,0.5094876885414124,19.23842713493617,0.056488640132667016,59.25553969343996,True,102.51208366965112,1151.4936055167818
2023-04-29,2023,718401,DET,PLATINUM,8.5,0.5085561275482178,45.15950395196804,0.11075756947199504,127.53663300958301,False,-127.53663300958301,1023.9569725071988
2023-04-30,2023,718363,SEA,DIAMOND,2.4450000000000003,0.5159127712249756,14.419068969803297,0.045226077101222395,46.309556986944834,True,66.9173098461353,1090.8742823533341
2023-05-01,2023,718351,CLE,PLATINUM,2.12,0.5188399255275726,7.341936174862729,0.022308179044297764,24.33541880555801,True,27.255669062224975,1118.1299514155592
2023-05-01,2023,718361,ATL,PLATINUM,2.95,0.5151751637458801,23.1973739411266,0.0666367606474803,74.5085579452574,False,-74.5085579452574,1043.6213934703019
2023-05-02,2023,718335,CIN,PLATINUM,2.85,0.5200316607952118,21.38953202891727,0.06514732881977753,67.98914608376418,True,125.77992025496374,1169.4013137252657
2023-05-02,2023,718338,LAA,PLATINUM,2.27,0.5011701583862305,9.263990133741018,0.02709768888518567,31.688072981254653,True,40.24385268619341,1209.645166411459
2023-05-03,2023,718323,BOS,PLATINUM,2.255,0.5354592800140381,12.415169869985936,0.041326827974433426,49.99079770239126,True,62.738451116501025,1272.38361752796
2023-05-03,2023,718330,CIN,PLATINUM,2.8,0.5031020045280457,19.115294004616626,0.056761890649795525,72.22289976271333,False,-72.22289976271333,1200.1607177652468
2023-05-03,2023,718348,DET,PLATINUM,2.825,0.5352125763893127,22.82247864724229,0.07013363401367241,84.1716325373342,True,153.61322938063495,1353.7739471458817
2023-05-05,2023,718303,MIA,PLATINUM,2.39,0.5012137591838837,11.641246722071074,0.03559368425350396,48.18580242533027,False,-48.18580242533027,1305.5881447205516
2023-05-06,2023,718286,PIT,PLATINUM,2.17,0.5181551575660706,8.774011914265762,0.026580489726148102,34.703172267325385,False,-34.703172267325385,1270.884972453226
2023-05-06,2023,718287,MIL,PLATINUM,2.1047826086956523,0.5011701583862305,4.865998921756054,0.0124129020806515,15.775370718833374,False,-15.775370718833374,1255.1096017343928
2023-05-06,2023,718288,DET,PLATINUM,2.88,0.5167372524738312,21.475082619942697,0.06492064988359492,81.48253101973677,True,153.18715831710512,1408.2967600514978
2023-05-07,2023,718267,SF,PLATINUM,3.4,0.5311211347579956,29.76163734736945,0.0839387352267901,118.21064886270902,False,-118.21064886270902,1290.086111188789
2023-05-07,2023,718269,CHC,PLATINUM,2.0,0.5099184513092041,3.3902540494334774,0.004959225654602051,6.397828139253235,False,-6.397828139253235,1283.6882830495356
2023-05-07,2023,718276,COL,DIAMOND,2.76,0.5123011767864227,19.48135823336632,0.058799893171949814,75.48073390939636,True,132.8460916805376,1416.534374730073
2023-05-09,2023,718250,WSH,PLATINUM,2.85,0.5187001526355743,21.38253893925176,0.06463451824478202,91.55701688785179,False,-91.55701688785179,1324.9773578422212
2023-05-09,2023,718252,COL,PLATINUM,2.45,0.5011701583862305,13.00509118893306,0.039287394490735296,52.05490814883949,True,75.47961681581727,1400.4569746580385
2023-05-10,2023,718230,WSH,DIAMOND,2.9,0.5011701583862305,20.535235399068164,0.05965703412106163,83.54710952225335,True,158.73950809228137,1559.1964827503198
2023-05-10,2023,718235,HOU,PLATINUM,2.145,0.5187001526355743,7.973511637349285,0.024587735240896722,38.33711030640226,True,43.89599130083059,1603.0924740511505
2023-05-11,2023,718216,MIN,PLATINUM,1.99009900990099,0.5244330763816833,4.626207066914051,0.011027620881795873,17.678296042296274,True,17.50326340821413,1620.5957374593645
2023-05-12,2023,718205,LAA,PLATINUM,2.12,0.5241206884384155,7.870012465947019,0.02480711149317878,40.20229914452474,True,45.02657504186771,1665.6223125012323
2023-05-12,2023,718208,DET,PLATINUM,2.04,0.5222579836845398,5.456200047210702,0.015722665076072406,26.188021762690084,False,-26.188021762690084,1639.4342907385421
2023-05-12,2023,718212,CIN,PLATINUM,2.2,0.525117039680481,10.017177226645035,0.03234530985355379,53.028010118479344,True,63.633612142175224,1703.0679028807174
2023-05-13,2023,718188,COL,PLATINUM,2.12,0.5402939319610596,9.487336818211428,0.032460521374429986,55.28247206356518,False,-55.28247206356518,1647.7854308171522
2023-05-14,2023,718174,COL,PLATINUM,2.28,0.5321393609046936,12.758951673876744,0.04165580915287135,68.63983543100119,True,87.8589893516815,1735.6444201688337
2023-05-14,2023,718178,CIN,DIAMOND,2.42,0.5011701583862305,12.395850027681831,0.03747038438286579,65.03526357570242,False,-65.03526357570242,1670.6091565931313
2023-05-15,2023,718163,BOS,PLATINUM,2.0,0.5225054025650024,4.878900615746151,0.01125270128250122,18.798865798953813,False,-18.798865798953813,1651.8102907941775
2023-05-15,2023,718171,BAL,PLATINUM,2.06,0.5276414155960083,6.73199261636973,0.020505027388626678,33.87041525355001,False,-33.87041525355001,1617.9398755406276
2023-05-16,2023,718148,TEX,PLATINUM,2.45,0.5371343493461609,16.601510284926107,0.05447916481001624,88.144013132275,True,127.80881904179877,1745.7486945824264
2023-05-16,2023,718152,CHC,PLATINUM,2.62,0.5014616847038269,16.244926484816137,0.048430495975930014,84.54747512795927,False,-84.54747512795927,1661.2012194544673
2023-05-17,2023,718132,WSH,PLATINUM,2.1,0.5190874934196472,6.672179796346633,0.020473576404831634,34.01073009030052,False,-34.01073009030052,1627.1904893641668
2023-05-17,2023,718138,CIN,DIAMOND,2.1,0.5128046274185181,6.148132330774125,0.017474935813383625,28.435049357787104,False,-28.435049357787104,1598.7554400063796
2023-05-19,2023,718119,CLE,PLATINUM,2.24,0.5181025862693787,10.11483363548501,0.032368909928106517,51.7499708346368,False,-51.7499708346368,1547.0054691717428
2023-05-21,2023,718078,MIA,DIAMOND,6.5,0.5011701583862305,41.23569423527699,0.10261845588684082,158.75131249490198,False,-158.75131249490198,1388.254156676841
2023-05-21,2023,718099,CLE,DIAMOND,2.25,0.5011701583862305,8.958682622568048,0.02552657127380371,35.43736867656564,False,-35.43736867656564,1352.8167880002752
2023-05-22,2023,718071,CIN,PLATINUM,2.6,0.5241422057151794,18.105533131948683,0.056682771071791656,76.68140429629611,True,122.69024687407378,1475.507034874349
2023-05-23,2023,718051,COL,PLATINUM,2.0,0.5383739471435547,6.118411478383684,0.019186973571777344,28.31051448310569,True,28.31051448310569,1503.8175493574547
2023-05-23,2023,718061,TOR,PLATINUM,1.9803921568627447,0.5187001526355743,3.6118696170736153,0.006943577080965005,10.441873069671383,True,10.237130460462136,1514.0546798179168
2023-05-24,2023,718042,LAD,PLATINUM,2.01,0.5188399255275726,4.433991769131551,0.010610953047133876,16.06556311834123,False,-16.06556311834123,1497.9891166995756
2023-05-24,2023,718046,MIL,PLATINUM,1.9389878328337156,0.5354592800140381,4.016083142851695,0.010183579485181378,15.25489123784677,True,14.324157263539776,1512.3132739631153
2023-05-27,2023,717997,ATL,DIAMOND,4.25,0.519806981086731,34.51069194946681,0.09301382073989281,140.66603576696562,False,-140.66603576696562,1371.6472381961496
2023-05-27,2023,718000,WSH,DIAMOND,1.9478885893980236,0.525117039680481,3.120651708510469,0.006031692423526739,8.273354254379091,True,7.842218093773534,1379.489456289923
2023-05-27,2023,718002,LAD,PLATINUM,2.85,0.5011701583862305,20.55899677632805,0.057883101540642815,79.84912827267577,True,147.72088730445017,1527.2103435943732
2023-05-27,2023,718004,PIT,PLATINUM,2.4,0.5126646757125854,13.172443187054728,0.04114200387682232,62.83249387688285,False,-62.83249387688285,1464.3778497174903
2023-05-27,2023,718008,MIN,PLATINUM,2.3,0.5133158564567566,10.597675196051442,0.03473585958664233,50.86642336957597,True,66.12635038044876,1530.504200097939
2023-05-30,2023,717952,SEA,PLATINUM,1.7407407407407407,0.6013150215148926,3.4885563280014686,0.015772575139999384,24.139992498129395,False,-24.139992498129395,1506.3642075998096
2023-05-30,2023,717962,PHI,PLATINUM,2.26,0.509141206741333,10.043670093551771,0.02989268397528027,45.02926920945459,False,-45.02926920945459,1461.3349383903549
2023-05-31,2023,717939,SEA,PLATINUM,1.7352941176470589,0.5961256623268127,3.018105965149187,0.011714140772819528,17.11828318454417,True,12.586972929811889,1473.9219113201668
2023-05-31,2023,717944,NYM,DIAMOND,2.04,0.5083155632019043,4.061957998947152,0.008885516570164618,13.096557566164048,True,13.620419868810611,1487.5423311889774
2023-06-02,2023,717926,LAA,PLATINUM,2.255,0.5095468759536743,9.624730156816108,0.029686893481182374,44.16051073475688,False,-44.16051073475688,1443.3818204542206
2023-06-02,2023,717931,CIN,PLATINUM,2.43,0.523966372013092,15.39108923168054,0.047768930767799596,68.94880625277821,False,-68.94880625277821,1374.4330142014423
2023-06-03,2023,717910,TOR,PLATINUM,2.85,0.5471644699573517,25.4714566666416,0.07559712694303411,103.90318704928345,True,192.22089604117437,1566.6539102426168
2023-06-03,2023,717912,TEX,PLATINUM,1.9523809523809523,0.555026650428772,6.4392695153575765,0.021951158344745626,34.389868055150586,True,32.7522552906196,1599.4061655332364
2023-06-03,2023,717918,BOS,PLATINUM,2.38,0.5510921478271484,16.73386997724695,0.056449150693589356,90.28511965844159,True,124.59346512864938,1723.9996306618857
2023-06-04,2023,717893,COL,DIAMOND,2.1,0.5022587776184082,5.590744464434028,0.012441689317876646,21.449467788829267,False,-21.449467788829267,1702.5501628730565
2023-06-05,2023,717878,TOR,PLATINUM,1.847457627118644,0.585670530796051,5.86613405294144,0.0241904392838478,41.185436342685854,False,-41.185436342685854,1661.3647265303707
2023-06-05,2023,717883,MIL,PLATINUM,2.05,0.5179274678230286,5.171992594055952,0.014702692627906785,24.426534917022455,False,-24.426534917022455,1636.9381916133482
2023-06-05,2023,717887,KC,PLATINUM,2.415,0.5087096393108368,13.025926337543805,0.040376992744818166,66.09464148648793,False,-66.09464148648793,1570.8435501268602
2023-06-06,2023,717867,BAL,PLATINUM,2.1,0.5102305114269257,6.143172584828993,0.016246380453759972,25.520521948695944,False,-25.520521948695944,1545.3230281781643
2023-06-07,2023,717855,LAA,DIAMOND,1.869565217391304,0.5854651927947998,6.950927523994177,0.027187541127204836,42.01353338341056,True,36.53350728992221,1581.8565354680866
2023-06-09,2023,717835,MIN,PLATINUM,2.05,0.5133009850978851,4.932648875612012,0.0124445284406344,19.685458644636004,True,20.6697315768678,1602.5262670449545
2023-06-10,2023,717813,TB,PLATINUM,3.82,0.6096838712692261,40.90496889802162,0.11781847413550033,188.80719954529584,False,-188.80719954529584,1413.7190674996586
2023-06-10,2023,717826,SF,PLATINUM,1.8166666666666669,0.5823944211006165,4.810942689515196,0.017760162754934698,25.107880728548448,False,-25.107880728548448,1388.6111867711102
2023-06-11,2023,717805,MIN,PLATINUM,2.78,0.5095716714859009,19.111105446305757,0.058512534653202865,81.25116018576973,False,-81.25116018576973,1307.3600265853404
2023-06-13,2023,717773,SEA,PLATINUM,1.8230592060696384,0.599648654460907,6.417797664319647,0.028307501828229005,37.00809634271804,True,30.459854393986202,1337.8198809793266
2023-06-13,2023,717779,NYY,PLATINUM,2.35,0.5285969376564026,13.87646532825617,0.04485237101713816,60.00439365578838,True,81.00593143531431,1418.825812414641
2023-06-13,2023,717781,SF,PLATINUM,1.9523809523809523,0.5382282733917236,4.501622243324011,0.013341990113258343,18.929959961671877,True,18.028533296830357,1436.8543457114713
2023-06-13,2023,717783,MIN,PLATINUM,1.819672131147541,0.566830039024353,3.3786254252633485,0.00959067165851594,13.780398250830473,True,11.29540840232006,1448.1497541137915
2023-06-14,2023,717764,KC,PLATINUM,1.925925925925926,0.5277289748191833,3.038397034340151,0.004419066905975357,6.399470653300607,False,-6.399470653300607,1441.750283460491
2023-06-14,2023,717767,SF,PLATINUM,2.17,0.5112131834030151,7.9871126674108,0.02336166837276556,33.68169199854473,True,39.40757963829733,1481.1578630987883
2023-06-14,2023,717784,DET,PLATINUM,3.8,0.5913522839546204,39.27028869961321,0.11135166777031763,164.92939828716987,False,-164.92939828716987,1316.2284648116183
2023-06-16,2023,717744,CHC,PLATINUM,1.9663865546218489,0.5610405802726746,8.491519164914985,0.026703251703925776,35.14757999573646,True,33.96614873537557,1350.1946135469939
2023-06-18,2023,717709,TEX,PLATINUM,1.7968253968253969,0.5851296782493591,4.534129938224552,0.016118922200335933,21.763681931076636,True,17.34185449111186,1367.5364680381058
2023-06-20,2023,717683,BOS,PLATINUM,2.12,0.5001963675022125,5.378288018086208,0.01348578105015415,18.442297386063025,True,20.65537307239059,1388.1918411104964
2023-06-20,2023,717685,COL,PLATINUM,2.63,0.5006376802921295,16.1327665214445,0.04857010723440193,67.42462658465865,False,-67.42462658465865,1320.7672145258377
2023-06-20,2023,717688,SF,PLATINUM,1.96162736939436,0.5219594240188599,3.6488608918148313,0.006210797609618112,8.203017858839045,True,7.888246484690346,1328.6554610105281
2023-06-21,2023,717674,SF,DIAMOND,1.9803921568627447,0.5882390141487122,10.565755768387396,0.0420607021450996,55.88418159902382,True,54.78841333237627,1383.4438743429043
2023-06-21,2023,717677,TB,PLATINUM,1.6666666666666663,0.6538989543914795,5.863710608414429,0.03368684649467462,46.603861428987344,True,31.069240952658213,1414.5131152955626
2023-06-22,2023,717654,PIT,PLATINUM,2.4,0.5129063427448273,13.063718532671942,0.04124557546206883,58.342407439009186,False,-58.342407439009186,1356.1707078565535
2023-06-22,2023,717661,SF,PLATINUM,2.04,0.5338307023048401,6.669662835760054,0.021397748245642743,29.018999384829645,False,-29.018999384829645,1327.1517084717239
2023-06-23,2023,717648,MIL,DIAMOND,2.17,0.5441087782382965,11.235919439444286,0.0386145403369879,51.247353180083785,True,59.95940322069802,1387.111111692422
2023-06-23,2023,717655,NYY,PLATINUM,1.9523809523809523,0.5579339265823364,6.665957891536289,0.023441137373447416,32.51546212141742,False,-32.51546212141742,1354.5956495710045
2023-06-24,2023,717626,HOU,PLATINUM,2.35,0.5072318017482758,11.393359949737524,0.03555458039045334,48.16207991923064,False,-48.16207991923064,1306.433569651774
2023-06-24,2023,717635,PHI,PLATINUM,4.5,0.5213544368743896,36.31950661650699,0.09614964042391096,125.6131179597445,False,-125.6131179597445,1180.8204516920296
2023-06-24,2023,717636,TEX,PLATINUM,3.2,0.5190820097923279,26.22461262584511,0.07512073083357379,88.70409531433597,False,-88.70409531433597,1092.1163563776936
2023-06-24,2023,717637,STL,PLATINUM,2.1,0.5780298709869385,12.97284582810168,0.04860516569831156,53.082496463574074,False,-53.082496463574074,1039.0338599141196
2023-06-25,2023,717613,MIL,PLATINUM,1.9090909090909087,0.5347501039505005,3.475010395050049,0.005743804574012707,5.968007437128798,True,5.425461306480724,1044.4593212206003
2023-06-25,2023,717627,BAL,PLATINUM,2.05,0.5436035990715027,8.994046550596174,0.02723509002299534,28.445943638799655,True,29.868240820739633,1074.32756204134
2023-06-27,2023,717599,DET,PLATINUM,2.7,0.522578775882721,19.481592148839955,0.06043569042402157,64.92772795352424,False,-64.92772795352424,1009.3998340878156
2023-06-28,2023,717584,CHC,PLATINUM,2.09,0.5612736940383911,10.951159843144165,0.03969312397711866,40.066232756930674,False,-40.066232756930674,969.3336013308849
2023-06-28,2023,717585,PIT,PLATINUM,2.385,0.5322785377502441,14.75209145097986,0.04864337771377837,47.1516605001953,True,65.30504979277048,1034.6386511236553
2023-06-29,2023,717566,STL,PLATINUM,2.05,0.5284771919250488,6.450269558328375,0.01985196272532144,20.53960793628366,False,-20.53960793628366,1014.0990431873716
2023-06-29,2023,717567,CHC,PLATINUM,2.16,0.5505504012107849,11.649500388610573,0.04077346263260677,41.34832944316258,False,-41.34832944316258,972.7507137442091
2023-06-30,2023,717555,BOS,DIAMOND,2.2,0.5009074509143829,7.596218350035233,0.021249248335758864,20.670221485137382,True,24.80426578216486,997.5549795263739
2023-06-30,2023,717562,PIT,DIAMOND,2.18,0.5636477470397949,13.506677515671356,0.04846442553956631,48.34592902687954,True,57.04819625171786,1054.6031757780918
2023-07-01,2023,717534,SEA,PLATINUM,2.05,0.5021806955337524,4.1444077700252935,0.007016768058141064,7.39990587781384,True,7.7699011717045305,1062.3730769497963
2023-07-01,2023,717540,PIT,PLATINUM,2.32,0.5510023832321167,15.559318157020074,0.05271316838986944,56.001050898118336,False,-56.001050898118336,1006.372026051678
2023-07-01,2023,717547,BOS,DIAMOND,2.24,0.5019859671592712,9.35931882576262,0.02509043678160639,25.250313698426766,True,31.310388986049194,1037.6824150377272
2023-07-01,2023,717550,STL,PLATINUM,1.9523809523809523,0.5346368551254272,4.272322004785889,0.011501388251781456,11.934788337395124,False,-11.934788337395124,1025.7476267003321
2023-07-02,2023,717521,CHC,PLATINUM,1.9433962264150944,0.5511136651039124,5.650330471686516,0.018823537528514855,19.30819894597875,False,-19.30819894597875,1006.4394277543533
2023-07-02,2023,717523,COL,PLATINUM,1.8928571428571428,0.5702232122421265,6.225526412807191,0.022218302488327034,22.361375642024985,False,-22.361375642024985,984.0780521123284
2023-07-02,2023,717531,PIT,PLATINUM,1.96162736939436,0.5289498567581177,4.347904165740612,0.009775750267391066,9.620101281070772,False,-9.620101281070772,974.4579508312576
2023-07-03,2023,717512,CLE,PLATINUM,2.3,0.5079818367958069,10.455369807850316,0.03237658165968381,31.54961741901636,False,-31.54961741901636,942.9083334122412
2023-07-03,2023,717514,TEX,PLATINUM,1.9090909090909087,0.542529821395874,3.851768046055315,0.009828156232833809,9.267050414016458,False,-9.267050414016458,933.6412829982247
2023-07-04,2023,717499,TB,DIAMOND,5.25,0.5645115375518799,44.0489794314603,0.11551091600866879,107.84575982263371,False,-107.84575982263371,825.795523175591
2023-07-04,2023,717508,BAL,PLATINUM,2.0,0.512967437505722,3.9251041098181223,0.006483718752861023,5.354225919642259,False,-5.354225919642259,820.4412972559488
2023-07-05,2023,717489,COL,PLATINUM,2.9450000000000003,0.5015957057476044,20.980151910352053,0.06133667781834126,50.323143518650085,False,-50.323143518650085,770.1181537372987
2023-07-06,2023,717473,STL,PLATINUM,2.12,0.5032051205635071,5.778455678456174,0.014909565980945323,11.482127426270049,True,12.859982717422456,782.9781364547212
2023-07-07,2023,717453,HOU,PLATINUM,2.17,0.5659868121147156,13.423722827086191,0.04875884236943008,38.177107534105865,False,-38.177107534105865,744.8010289206153
2023-07-07,2023,717457,DET,PLATINUM,2.12,0.5076228976249695,6.414995529952922,0.01700012119753021,12.661707759695664,False,-12.661707759695664,732.1393211609196
2023-07-07,2023,717464,CHC,PLATINUM,2.43,0.5073318183422089,13.134539871668904,0.0407021535964279,29.799647103876204,True,42.61349535854298,774.7528165194626
2023-07-09,2023,717433,CHC,DIAMOND,2.2,0.5112884938716888,8.805059965197215,0.026007226357857405,20.14917187060923,True,24.17900624473108,798.9318227641937
2023-07-14,2023,717412,CIN,PLATINUM,2.0,0.5437153577804565,6.533504262931905,0.02185767889022827,17.462795237164514,False,-17.462795237164514,781.4690275270292
2023-07-14,2023,717413,NYM,PLATINUM,1.9803921568627447,0.5124366879463196,3.225426604711734,0.0037805274128913284,2.954365080891462,False,-2.954365080891462,778.5146624461378
2023-07-14,2023,717418,PHI,PLATINUM,1.9523809523809523,0.5584244132041931,7.152102317244008,0.023692511767148955,18.444967800903115,False,-18.444967800903115,760.0696946452347
2023-07-15,2023,717397,PHI,PLATINUM,1.869565217391304,0.568099856376648,4.990860605667624,0.01785367280244822,13.570035635252749,True,11.8000309871763,771.869725632411
2023-07-15,2023,717401,BAL,PLATINUM,1.8333333333333333,0.5600874423980713,3.3803838805612108,0.008048093318939194,6.212079581953636,True,5.176732984961363,777.0464586173724
2023-07-16,2023,717381,LAA,PLATINUM,2.18,0.5655352473258972,13.336011284055232,0.04933619473950339,38.336515403988145,False,-38.336515403988145,738.7099432133842
2023-07-17,2023,717374,STL,PLATINUM,1.9433962264150944,0.5449085831642151,5.413800600954788,0.015627920329570777,11.544500139200522,True,10.891037867170304,749.6009810805546
2023-07-18,2023,717350,MIN,PLATINUM,2.2,0.5014272630214691,7.648199560743851,0.02148749555150669,16.107047746373468,True,19.328457295648164,768.9294383762027
2023-07-18,2023,717354,TEX,DIAMOND,2.0700000000000003,0.5716175436973572,11.383314552707484,0.0428150269751237,32.92173464604384,True,35.22625607126692,804.1556944474696
2023-07-18,2023,717362,TOR,PLATINUM,2.1,0.557686448097229,10.63631439864522,0.038895804773677496,31.27828289886983,False,-31.27828289886983,772.8774115485998
2023-07-18,2023,717364,PIT,DIAMOND,1.8849557522123892,0.546669602394104,3.6042214155012298,0.008601563274860361,6.647953959145573,False,-6.647953959145573,766.2294575894542
2023-07-19,2023,717333,KC,PLATINUM,2.42,0.512098491191864,13.551310132662008,0.04212646983878712,32.27854213473236,False,-32.27854213473236,733.9509154547219
2023-07-19,2023,717339,LAA,PLATINUM,1.9523809523809523,0.560397207736969,7.349381770521596,0.02470356896519659,18.131207057004897,True,17.267816244766568,751.2187316994884
2023-07-19,2023,717348,PIT,PLATINUM,2.1,0.5564351677894592,10.813375508353756,0.038298602808605545,28.770627827743123,True,31.647690610517436,782.8664223100059
2023-07-20,2023,717327,MIN,PLATINUM,2.28,0.5228975415229797,11.684334915773087,0.037540311459451886,29.389049324664413,False,-29.389049324664413,753.4773729853415
2023-07-20,2023,717329,PHI,PLATINUM,1.8,0.5868253707885742,4.7561988622073725,0.017589271068573012,13.253117757475463,False,-13.253117757475463,740.224255227866
2023-07-20,2023,717331,TOR,PLATINUM,2.0,0.5458781719207764,7.216177551323543,0.022939085960388184,16.98006782063634,True,16.98006782063634,757.2043230485024
2023-07-20,2023,717334,CIN,PLATINUM,2.1,0.5363073945045471,8.59729392501552,0.028692165558988396,21.725831798889363,True,23.898414978778302,781.1027380272807
2023-07-21,2023,717319,COL,PLATINUM,2.95,0.5079065263271332,21.57997297901506,0.06388772470064653,49.902876690008135,True,97.31060954551587,878.4133475727965
2023-07-21,2023,717325,CHC,PLATINUM,1.8333333333333333,0.5611118674278259,3.3313084549312366,0.008611527085304244,7.564480334715908,True,6.303733612263256,884.7170811850598
2023-07-22,2023,717306,COL,PLATINUM,2.3600000000000003,0.505388617515564,11.815444136228926,0.03542594436336968,31.341938095384748,True,42.625035809723265,927.342116994783
2023-07-24,2023,717282,COL,PLATINUM,2.37,0.5088158547878265,12.083451517510158,0.037571820410063676,34.84193147841625,True,47.73344612543026,975.0755631202134
2023-07-25,2023,717256,LAD,DIAMOND,1.8333333333333333,0.5920998454093933,5.979582862182609,0.025654914975166317,25.01548066621149,True,20.846233888509573,995.9217970087229
2023-07-25,2023,717261,BOS,PLATINUM,2.21,0.5132898688316345,9.308835642015197,0.027762522751634773,27.649301548303658,True,33.45565487344742,1029.3774518821704
2023-07-27,2023,717241,WSH,PLATINUM,2.8,0.5122142434120178,19.98941630768237,0.060305539104673594,62.07716217794949,False,-62.07716217794949,967.3002897042209
2023-07-28,2023,717230,WSH,PLATINUM,2.65,0.518923819065094,18.178949390442835,0.05684062432159076,54.98195237324352,False,-54.98195237324352,912.3183373309773
2023-07-29,2023,717222,LAA,PLATINUM,2.15,0.5011594891548157,6.195548743240509,0.016846282974533396,15.369172873533458,False,-15.369172873533458,896.9491644574439
2023-07-30,2023,717203,WSH,PLATINUM,3.27,0.518923819065094,26.55440574962695,0.07674899651353055,68.8399482957585,False,-68.8399482957585,828.1092161616854
2023-08-02,2023,717155,STL,PLATINUM,2.1,0.5298056602478027,8.1006874669167,0.02558906511826949,21.190540657400472,True,23.30959472314052,851.4188108848259
2023-08-02,2023,717157,BAL,PLATINUM,2.1,0.6077379882335663,15.893920265493056,0.06278403983874754,53.45551254205197,False,-53.45551254205197,797.9632983427739
2023-08-02,2023,717159,PHI,PLATINUM,1.8771929824561404,0.6221469640731812,10.4453263717454,0.04784862577915193,38.181447247901154,False,-38.181447247901154,759.7818510948728
2023-08-02,2023,717160,TB,PLATINUM,2.0,0.6169866025447845,14.211873117285757,0.05849330127239227,44.44214871738828,False,-44.44214871738828,715.3397023774845
2023-08-03,2023,717145,STL,PLATINUM,2.18,0.5330737233161926,10.271813885783637,0.03434337220959746,24.56717765505262,False,-24.56717765505262,690.7725247224319
2023-08-03,2023,717146,CIN,PLATINUM,2.35,0.5073101818561554,11.680014956519258,0.03558869025221577,24.583689417087687,False,-24.583689417087687,666.1888353053441
2023-08-03,2023,717147,PHI,PLATINUM,1.7968253968253969,0.6035119891166687,5.6393755619898345,0.02648185840640886,17.641918408486553,True,14.057528636603573,680.2463639419477
2023-08-03,2023,717148,KC,PLATINUM,2.395,0.5308576226234436,14.897141871271844,0.04863871078551029,33.08630615866737,True,46.15539709134098,726.4017610332887
2023-08-05,2023,717109,LAA,PLATINUM,2.0,0.5147650241851807,3.5177314370902044,0.007382512092590332,5.362669784907166,False,-5.362669784907166,721.0390912483815
2023-08-05,2023,717120,CIN,PLATINUM,5.4,0.5887924432754517,46.96339761486315,0.12383404509587721,89.2891873415424,False,-89.2891873415424,631.7499039068391
2023-08-05,2023,717122,DET,PLATINUM,2.24,0.5136336088180542,9.622636685687052,0.030350662046863205,19.17402783161478,True,23.77579451120233,655.5256984180414
2023-08-06,2023,717098,CHC,PLATINUM,2.04,0.5004345178604126,3.546567019909003,0.005020773181548484,3.2912458464331418,True,3.4228956802904675,658.9485940983319
2023-08-06,2023,717101,LAA,DIAMOND,2.2,0.600022554397583,17.061936107035386,0.06667700409889223,43.93671810965375,False,-43.93671810965375,615.0118759886782
2023-08-07,2023,717092,CHC,PLATINUM,2.0,0.6402164697647095,16.12319801463259,0.07010823488235474,43.11739705725187,False,-43.11739705725187,571.8944789314263
2023-08-08,2023,717079,PIT,PLATINUM,2.42,0.534464418888092,15.66272946106831,0.05165561508964485,29.541561075574762,False,-29.541561075574762,542.3529178558515
2023-08-08,2023,717080,CHC,DIAMOND,1.7352941176470589,0.6408952474594116,6.938438393007296,0.03812819600105287,20.678938353750834,True,15.205101730699143,557.5580195865507
2023-08-09,2023,717062,CHC,DIAMOND,1.8928571428571428,0.5655646324157715,5.619858769096764,0.019749255180358884,11.011355606670326,False,-11.011355606670326,546.5466639798803
2023-08-09,2023,717065,COL,PLATINUM,2.8,0.5954647362232208,28.27686307053391,0.09268073075347476,50.65434420852913,False,-50.65434420852913,495.8923197713512
2023-08-09,2023,717071,LAA,PLATINUM,1.8850250626566416,0.5806022882461548,6.927567859124206,0.026679997201514465,13.230405703752167,True,11.70924063693605,507.60156040828724
2023-08-11,2023,717042,BOS,PLATINUM,1.7380174291938997,0.6319795250892639,6.649361695359235,0.033329642907719746,16.91817874780955,True,12.485910786101272,520.0874711943885
2023-08-11,2023,717046,CIN,DIAMOND,1.9478885893980236,0.6002714931964874,10.765943791635612,0.04464184768956985,23.21766567431344,True,22.00776036513988,542.0952315595284
2023-08-12,2023,717026,CHC,DIAMOND,2.1500000000000004,0.6280527710914612,19.08530500148193,0.07615509953187863,41.283316315172684,True,47.4758137624486,589.5710453219771
2023-08-12,2023,717033,BOS,DIAMOND,3.57027027027027,0.5650428533554077,26.07160555892477,0.09895415596280063,58.34050516994232,False,-58.34050516994232,531.2305401520348
2023-08-13,2023,717012,CHC,DIAMOND,2.15,0.6673243045806885,22.90450410438759,0.09451027279314787,50.2067432658201,False,-50.2067432658201,481.0237968862147
2023-08-13,2023,717014,BOS,PLATINUM,1.7692307692307692,0.6597498655319214,10.302679945255957,0.05435617268085479,26.146612567147507,True,20.11277889780577,501.13657578402047
2023-08-13,2023,717015,CIN,PLATINUM,2.0,0.5248438715934753,4.882796077860596,0.012421935796737671,6.225086369786064,False,-6.225086369786064,494.9114894142344
2023-08-13,2023,717027,CIN,PLATINUM,2.0,0.507147490978241,3.1131580163371586,0.0035737454891204834,1.76868770280802,True,1.76868770280802,496.6801771170424
2023-08-14,2023,717002,PIT,DIAMOND,2.15,0.6183176338672638,18.19372132791627,0.07160498104665589,35.56477466871551,False,-35.56477466871551,461.11540244832685
2023-08-15,2023,716980,BAL,PLATINUM,2.2,0.5940773189067841,16.998489995797982,0.0639521044989427,29.48930040344742,False,-29.48930040344742,431.6261020448794
2023-08-15,2023,716985,LAA,PLATINUM,2.6,0.539679765701294,19.5627915978713,0.06299490481615067,27.190245214483312,False,-27.190245214483312,404.4358568303961
2023-08-15,2023,716990,PHI,DIAMOND,1.869565217391304,0.5876318216323853,7.021327809722344,0.028352104127407015,11.466607525712467,False,-11.466607525712467,392.9692493046837
2023-08-15,2023,716991,MIA,PLATINUM,2.08,0.5017688274383545,4.545062868753519,0.010110916914763282,3.973279429776555,False,-3.973279429776555,388.99596987490713
2023-08-15,2023,716992,CIN,PLATINUM,1.869565217391304,0.5593789219856262,4.486348397696371,0.01316617056727404,5.1215872893552215,False,-5.1215872893552215,383.8743825855519
2023-08-16,2023,716965,BAL,PLATINUM,2.1100000000000003,0.565360426902771,11.85026942988392,0.043448310983073626,16.678693553012444,False,-16.678693553012444,367.19568903253946
2023-08-16,2023,716967,PHI,PLATINUM,2.2,0.5323724448680878,10.82860804713861,0.03567070389787358,13.09812869605538,True,15.717754435266459,382.9134434678059
2023-08-16,2023,716974,PIT,DIAMOND,2.1,0.641725480556488,19.34240678505664,0.07900534299286929,30.252207937754672,False,-30.252207937754672,352.6612355300512
2023-08-17,2023,716958,STL,PLATINUM,2.0,0.5933820009231567,11.96656045156158,0.04669100046157837,16.46610591091442,False,-16.46610591091442,336.1951296191368
2023-08-18,2023,716953,BOS,DIAMOND,1.8,0.5982583165168762,5.604271468715849,0.024020303040742878,8.075508894273499,True,6.4604071154188,342.6555367345556
2023-08-18,2023,716954,CIN,PLATINUM,2.215,0.5540463924407959,13.328169470349405,0.04675159655480718,16.019693410684855,True,19.463927493982098,362.1194642285377
2023-08-18,2023,716956,DET,PLATINUM,2.18,0.5248651206493378,9.715511841091962,0.030552110808380595,11.063513996981698,True,13.054946516438404,375.1744107449761
2023-08-19,2023,716915,LAA,PLATINUM,1.8928571428571428,0.5600509643554688,4.782453083549843,0.016827011108398418,6.313063977192544,True,5.636664265350485,380.8110750103266
2023-08-19,2023,716932,SEA,DIAMOND,2.25,0.5350280106067657,12.186341382351774,0.04076260477304459,15.522851343844179,True,19.403564179805223,400.21463919013183
2023-08-19,2023,716934,ATL,PLATINUM,1.8333333333333333,0.6674323678016663,13.812514938100618,0.06708780229091643,26.84952058791802,True,22.37460048993168,422.58923968006354
2023-08-20,2023,716923,MIN,PLATINUM,1.7246376811594204,0.6310038566589355,6.046662189638385,0.030447294712066673,12.866699122687075,True,9.323695016439911,431.91293469650344
2023-08-20,2023,716924,CIN,PLATINUM,2.0,0.5545184016227722,7.965053025084523,0.02725920081138611,11.773601419927083,False,-11.773601419927083,420.13933327657634
2023-08-22,2023,716901,STL,PLATINUM,2.115,0.5148085951805115,6.867025845306229,0.01991483829748471,8.367006884616055,False,-8.367006884616055,411.7723263919603
2023-08-23,2023,716878,BOS,DIAMOND,2.12,0.5354196429252625,8.999907914631711,0.030153938169990277,12.416557270136225,True,13.906544142552574,425.67887053451284
2023-08-23,2023,716879,PHI,DIAMOND,3.55,0.535306453704834,31.42523101972461,0.08826842261295692,37.57400244174656,False,-37.57400244174656,388.1048680927663
2023-08-24,2023,716873,BOS,PLATINUM,1.9803921568627447,0.5398334562778473,5.352316328610451,0.017615895420312843,6.836814768436482,True,6.702759576898509,394.80762766966484
2023-08-25,2023,716855,LAA,PLATINUM,2.185,0.5898809731006622,15.931631765399644,0.060947241819609074,24.062435955809246,True,28.513986607633957,423.3216142772988
2023-08-25,2023,716861,PHI,PLATINUM,1.7407407407407407,0.6066617369651794,4.093235819668529,0.018913770467042925,8.00660784617891,True,5.930820626799193,429.252434904098
2023-08-25,2023,716863,WSH,PLATINUM,2.8,0.5609429478645325,24.748479290256075,0.07925559083620705,34.02065534620479,True,61.237179623168615,490.4896145272666
2023-08-25,2023,716866,BOS,PLATINUM,2.1,0.5093012452125549,5.8471880701195245,0.015802867033264868,7.751142159571734,False,-7.751142159571734,482.7384723676949
2023-08-26,2023,716840,LAA,DIAMOND,1.869565217391304,0.6202566921710968,10.430077461623878,0.04588797204196449,22.15188952358943,True,19.262512629208192,502.00098499690307
2023-08-26,2023,716843,DET,PLATINUM,2.2,0.5036037564277649,8.203225236381062,0.02248505502939225,11.287519772464478,False,-11.287519772464478,490.7134652244386
2023-08-26,2023,716844,WSH,PLATINUM,2.8,0.5615120232105255,25.07509109039429,0.07947689791520435,39.000383981258885,True,70.20069116626598,560.9141563907046
2023-08-27,2023,716819,SF,PLATINUM,2.175,0.5372259616851807,10.435391390851583,0.03584392907771657,20.10536724035564,True,23.623806507417875,584.5379628981225
2023-08-27,2023,716829,LAA,DIAMOND,2.075,0.5782738924026489,11.904666874219828,0.04649263412453408,27.176709640922887,False,-27.176709640922887,557.3612532571996
2023-08-28,2023,716809,STL,PLATINUM,2.7,0.5951445698738098,26.738171547948838,0.08924857921460096,49.74369996247444,False,-49.74369996247444,507.6175532947251
2023-08-28,2023,716817,LAA,PLATINUM,2.2,0.5171820819377899,9.223681452375931,0.02870845422148706,14.572915290784882,False,-14.572915290784882,493.04463800394024
2023-08-29,2023,716798,CHC,PLATINUM,1.78125,0.6012923121452332,5.159507867969715,0.0227366179227829,11.210167553172393,True,8.757943400915932,501.80258140485614
2023-08-29,2023,716801,WSH,PLATINUM,2.62,0.5194382071495056,17.855874673589657,0.0556987812857569,27.949792230297305,True,45.27866341308164,547.0812448179378
2023-08-29,2023,716806,LAA,PLATINUM,2.47,0.5116683542728424,14.556447241716253,0.04486748895474844,24.546161709218847,False,-24.546161709218847,522.5350831087189
2023-08-30,2023,716779,CHC,PLATINUM,1.7936507936507935,0.5898926258087158,4.225005880787114,0.01828933358192442,9.556818443233961,True,7.584776542249174,530.1198596509681
2023-08-30,2023,716780,PIT,PLATINUM,2.3,0.5091546475887299,10.57265088714261,0.032895324895015114,17.43846501651841,True,22.67000452147393,552.7898641724421
2023-08-30,2023,716782,SD,PLATINUM,1.9433962264150944,0.544558584690094,4.994822430304691,0.015447671115398414,8.539316017661646,False,-8.539316017661646,544.2505481547804
2023-08-30,2023,716794,BOS,PLATINUM,2.275,0.5595119595527649,15.389870617459882,0.05350778587892943,29.121641795155963,False,-29.121641795155963,515.1289063596245
2023-09-01,2023,716761,SF,DIAMOND,2.135,0.5425715744495392,9.929464052890102,0.034887733799507936,17.971680157506228,False,-17.971680157506228,497.15722620211824
2023-09-02,2023,716741,LAD,PLATINUM,2.1,0.5030748844146729,5.071745141551753,0.012831194834275698,6.379121232667454,False,-6.379121232667454,490.7781049694508
2023-09-02,2023,716745,PHI,PLATINUM,1.8333333333333333,0.5735634565353394,3.977099841780829,0.01545990109443664,7.587380962142753,False,-7.587380962142753,483.19072400730806
2023-09-02,2023,716753,CIN,PLATINUM,2.055,0.5218461751937866,6.131747144314143,0.01715495024247194,8.289112827969362,True,8.745014033507678,491.93573804081575
2023-09-03,2023,716725,LAD,PLATINUM,1.970873786407767,0.5360591411590576,5.077879645485495,0.01455001413822175,7.157671943590421,True,6.949196061738273,498.88493410255404
2023-09-04,2023,716722,TB,PLATINUM,2.45,0.5286328196525574,16.928772972824223,0.050888001404959596,25.387257227523946,False,-25.387257227523946,473.4976768750301
2023-09-05,2023,716706,LAA,PLATINUM,2.55,0.5322988033294678,17.907100482896126,0.05763902395002302,27.291943937680124,False,-27.291943937680124,446.20573293735
2023-09-05,2023,716714,PIT,PLATINUM,2.5,0.5255768299102783,16.385749502690622,0.05232367912928263,23.347125595860277,False,-23.347125595860277,422.8586073414897
2023-09-06,2023,716690,LAA,PLATINUM,2.43,0.5289825797080994,15.544360736398705,0.049899942078790484,21.100620013858343,False,-21.100620013858343,401.7579873276313
2023-09-06,2023,716691,SD,PLATINUM,1.9712399811409715,0.5256150960922241,3.596892399965629,0.009295718053590928,3.7346289759758178,False,-3.7346289759758178,398.02335835165553
2023-09-06,2023,716695,MIA,PLATINUM,2.235,0.5221115350723267,10.571526089584689,0.033789328114706474,13.448941852661484,True,16.60944318803693,414.6328015396925
2023-09-06,2023,716701,WSH,PLATINUM,2.055,0.5269992351531982,6.700316217399194,0.019664319488109597,8.153471879726453,True,8.60191283311141,423.23471437280386
2023-09-08,2023,716667,LAA,PLATINUM,2.0,0.5357319712638855,5.854213890416765,0.01786598563194275,7.561505325923907,False,-7.561505325923907,415.67320904687995
2023-09-08,2023,716672,BOS,PLATINUM,2.0,0.5107783675193787,3.591049614745168,0.005389183759689331,2.2401393075333935,False,-2.2401393075333935,413.43306973934654
2023-09-09,2023,716650,LAA,PLATINUM,2.1,0.5324186682701111,8.311535560316551,0.026836182583462116,11.09496534556633,True,12.204461880122963,425.6375316194695
2023-09-09,2023,716654,MIN,PLATINUM,1.9523809523809523,0.5322988033294678,3.9086752370984303,0.010303136706352228,4.385401675629713,True,4.17657302440925,429.81410464387875
2023-09-10,2023,716633,LAA,PLATINUM,2.05,0.5357319712638855,7.499535343038599,0.023392985974039337,10.054635321378532,True,10.557367087447457,440.3714717313262
2023-09-11,2023,716590,PHI,PLATINUM,2.0700000000000003,0.5228721499443054,6.50877517740231,0.019239567846895407,8.472556808212033,True,9.065635784786878,449.4371075161131
2023-09-11,2023,716629,MIN,PLATINUM,2.035,0.5231543779373169,5.471169192137943,0.01560849253682125,7.015035738435781,False,-7.015035738435781,442.42207177767733
2023-09-12,2023,716617,DET,PLATINUM,2.05,0.5264749526977539,6.520557906923052,0.018874679292951304,8.350574716926742,False,-8.350574716926742,434.0714970607506
2023-09-16,2023,716554,LAA,PLATINUM,2.04,0.5350633263587952,6.8491966766261125,0.02200220811825532,9.550531416533287,False,-9.550531416533287,424.5209656442173
2023-09-16,2023,716560,KC,PLATINUM,2.365,0.5276462435722351,13.903063544912252,0.045399883891636655,19.27320254981294,True,26.307921480494667,450.82888712471197
2023-09-16,2023,716566,TOR,PLATINUM,4.3,0.519812822341919,35.27322820106698,0.09357538909623117,42.1864885285158,True,139.21541214410215,590.0442992688141
2023-09-16,2023,716581,COL,PLATINUM,2.8600000000000003,0.5107783675193787,20.857808081596108,0.061938996116320304,36.54675156086802,True,67.97695790321453,658.0212571720286
2023-09-17,2023,716544,LAA,PLATINUM,2.1,0.537726640701294,8.640333659051713,0.02936953306198122,19.325777068000342,False,-19.325777068000342,638.6954801040283
2023-09-18,2023,716529,KC,DIAMOND,2.0,0.5342174172401428,6.050102083260189,0.01710870862007141,10.927254866056439,True,10.927254866056439,649.6227349700847
2023-09-18,2023,716531,STL,DIAMOND,2.51,0.5347615480422974,17.365532998246465,0.056664153242742765,36.81032220431455,True,55.583586528514964,705.2063214985997
2023-09-19,2023,716515,STL,DIAMOND,2.1,0.5347615480422974,8.494639876116056,0.027954375202005558,19.713602105998014,False,-19.713602105998014,685.4927193926017
2023-09-19,2023,716517,KC,PLATINUM,2.38,0.5264367461204529,14.038638563949268,0.045818741986717,31.408414043622614,True,43.34361138019921,728.8363307728009
2023-09-19,2023,716522,CIN,PLATINUM,2.1,0.5221115350723267,7.381012236640499,0.021916869011792278,15.973810392582786,False,-15.973810392582786,712.8625203802181
2023-09-20,2023,716495,STL,DIAMOND,2.05,0.5347615480422974,6.855400615982838,0.022919327020645117,16.338329225355515,False,-16.338329225355515,696.5241911548626
2023-09-20,2023,716505,KC,PLATINUM,2.3,0.5231161713600159,11.968803264271216,0.03907061425539162,27.213627992160294,True,35.37771638980838,731.901907544671
2023-09-22,2023,716482,MIA,PLATINUM,2.25,0.5282847881317139,11.670145597116388,0.03772815465927124,27.613308363260987,False,-27.613308363260987,704.28859918141
2023-09-23,2023,716464,CLE,PLATINUM,2.17,0.5327927470207214,9.543851561035249,0.0333675771442234,23.50040416498273,False,-23.50040416498273,680.7881950164273
2023-09-24,2023,716447,MIA,PLATINUM,2.1,0.5256150960922241,7.731368338630245,0.02358902313492516,16.059128482226445,True,17.665041330449093,698.4532363468763
2023-09-26,2023,716437,SF,PLATINUM,2.04,0.5220732688903809,5.550190929784682,0.015632083782782913,10.918279508930247,False,-10.918279508930247,687.5349568379461
2023-09-27,2023,716420,LAA,PLATINUM,2.4,0.5206736326217651,14.100582401875927,0.04457441398075648,30.64646779233615,False,-30.64646779233615,656.88848904561
2023-09-28,2023,716404,NYM,PLATINUM,2.16,0.5264367461204529,9.146445514508518,0.029548140435383244,19.40983332470639,True,22.515406656659415,679.4038957022693
2023-09-29,2023,716395,DET,PLATINUM,1.9615384615384617,0.5258006453514099,3.65860240961598,0.008158329129219086,5.54280059281275,False,-5.54280059281275,673.8610951094565
2023-09-30,2023,716372,STL,PLATINUM,2.065,0.5282465815544128,6.537360220960942,0.021321406316869136,14.36766620995912,True,15.301564513606461,689.162659623063
2023-09-30,2023,716383,TOR,PLATINUM,6.725,0.5206736326217651,43.54984782411941,0.10923712573717775,75.28214810261237,False,-75.28214810261237,613.8805115204506
2024-04-29,2024,745832,CHC,PLATINUM,2.245,0.5380244255065918,12.25629791093532,0.041739926759497704,25.623327589946594,True,31.901042849483513,645.781554369934
2024-04-30,2024,744942,KC,PLATINUM,2.17,0.5370379388332367,10.34673970681146,0.03533596736498367,22.819315930124418,True,26.698599638245568,672.4801540081796
2024-04-30,2024,745426,CIN,DIAMOND,1.9216785592932384,0.5368509292602539,3.618291678711727,0.008586214786301038,5.774059041839031,False,-5.774059041839031,666.7060949663406
2024-04-30,2024,746073,COL,DIAMOND,2.18,0.5155470073223114,8.337187283696645,0.026248405924287913,17.499972212873356,False,-17.499972212873356,649.2061227534673
2024-05-01,2024,745023,WSH,DIAMOND,2.29,0.515472799539566,10.919638592362968,0.03496757964062135,22.70116680056087,True,29.284505172723524,678.4906279261908
2024-05-01,2024,745996,MIL,PLATINUM,1.9523809523809523,0.5700661540031433,8.316276397139028,0.02965890392661094,20.123288348768824,True,19.165036522636974,697.6556644488278
2024-05-02,2024,745830,CHC,PLATINUM,1.9523809523809523,0.5508295297622681,6.392613973051509,0.019800134003162384,13.813675644152081,False,-13.813675644152081,683.8419888046757
2024-05-02,2024,746070,COL,PLATINUM,2.43,0.5055215060710907,13.198253372697843,0.03993308736936197,27.307921885775365,False,-27.307921885775365,656.5340669189003
2024-05-05,2024,745103,NYM,PLATINUM,2.05,0.533825695514679,7.308907768117945,0.0224625418583552,14.74742395960197,False,-14.74742395960197,641.7866429592983
2024-05-05,2024,745504,COL,DIAMOND,2.32,0.5290506184101105,13.190575317240338,0.043067695968078835,27.640272015345023,False,-27.640272015345023,614.1463709439533
2024-05-05,2024,745587,PHI,PLATINUM,1.9523809523809523,0.5619533658027649,6.874131484428142,0.02550109997391701,15.661408004060075,True,14.915626670533404,629.0619976144867
2024-05-05,2024,746883,CHC,DIAMOND,2.03,0.5342490673065186,6.5058017229485285,0.020515923939862266,12.905788096516627,True,13.292961739412123,642.3549593538988
2024-05-06,2024,746313,MIL,PLATINUM,2.18,0.5177590548992157,8.829628966176738,0.027270071966163205,17.517065969402662,False,-17.517065969402662,624.8378933844962
2024-05-06,2024,746639,DET,PLATINUM,2.02,0.5402205586433411,6.952777706400115,0.02236410011263454,13.973937201818538,False,-13.973937201818538,610.8639561826776
2024-05-07,2024,745508,LAA,PLATINUM,2.13,0.5473700165748596,10.338014936011664,0.03670312727974579,22.420617534381872,True,25.335297813851515,636.1992539965291
2024-05-07,2024,746147,MIA,PLATINUM,3.7,0.5291453897953033,31.61694218676272,0.08868869835579837,56.42368373188213,False,-56.42368373188213,579.7755702646471
2024-05-08,2024,745507,LAA,PLATINUM,2.15,0.5180991590023041,8.171873841420297,0.024763737359772556,14.35740994964608,True,16.51102144209299,596.2865917067401
2024-05-08,2024,745906,SEA,DIAMOND,1.9090909090909087,0.5580352246761322,4.982768430481399,0.017968492954969346,10.714371422225241,False,-10.714371422225241,585.5722202845149
2024-05-08,2024,746312,MIL,PLATINUM,2.1,0.5083785951137543,5.497317004165836,0.015362511304291811,8.995859853600114,False,-8.995859853600114,576.5763604309147
2024-05-08,2024,746640,DET,PLATINUM,2.2,0.510878324508667,8.593305709463639,0.02581923206647238,14.88675885400781,False,-14.88675885400781,561.689601576907
2024-05-08,2024,746879,CHC,PLATINUM,2.05,0.5488358736038208,8.486137726205573,0.029788938306626805,16.73213688884827,False,-16.73213688884827,544.9574646880587
2024-05-09,2024,745748,NYY,PLATINUM,2.55,0.5400413870811462,16.09132863544144,0.06082347371885853,33.14620603134992,False,-33.14620603134992,511.8112586567088
2024-05-09,2024,745910,SEA,PLATINUM,2.09,0.5020768940448761,4.826690226817709,0.011316676273805282,5.792002327506794,False,-5.792002327506794,506.019256329202
2024-05-09,2024,745995,MIL,PLATINUM,2.16,0.5266075134277344,8.976622779851235,0.029627635561186704,14.992154113464315,True,17.390898771618605,523.4101551008206
2024-05-10,2024,744940,MIN,DIAMOND,1.9803921568627447,0.522543340921402,3.749386080420925,0.008884387165307955,4.650178464169577,True,4.558998494283897,527.9691535951044
2024-05-11,2024,744943,MIN,PLATINUM,6.25,0.5058185756206512,41.09915309403104,0.10292219512519382,54.339744246398766,False,-54.339744246398766,473.6294093487057
2024-05-11,2024,745096,NYY,DIAMOND,5.5,0.544242650270462,42.78191550932866,0.1107408098048634,52.450104338674805,False,-52.450104338674805,421.1793050100309
2024-05-13,2024,747128,CHC,DIAMOND,2.21,0.5097916424274445,8.792520561123451,0.026165192100134755,11.020237424188707,False,-11.020237424188707,410.1590675858422
2024-05-14,2024,745014,CLE,PLATINUM,1.9523809523809523,0.5407649278640747,5.013097258887855,0.014642025530338276,6.005559539091644,True,5.719580513420613,415.8786480992628
2024-05-16,2024,746881,PIT,DIAMOND,2.05,0.5152969658374786,5.186903406373555,0.013418757134959798,5.580574576459418,True,5.859603305282389,421.7382514045452
2024-05-19,2024,746144,CIN,DIAMOND,2.7,0.5118493139743805,18.32225616361345,0.056175462901592255,23.69134149595842,False,-23.69134149595842,398.0469099085868
2024-05-20,2024,745093,BOS,PLATINUM,2.045,0.5199888944625854,5.189794774809453,0.015162030903346214,6.035199549015459,True,6.306783528721154,404.353693437308
2024-05-20,2024,746637,NYM,PLATINUM,2.08,0.5285524427890778,7.223424403825851,0.023006731713259662,9.302856942177788,False,-9.302856942177788,395.05083649513017
2024-05-21,2024,746633,NYM,PLATINUM,2.02,0.5038969814777374,3.2063140875457585,0.004380368280644504,1.7304681534253465,False,-1.7304681534253465,393.3203683417048
2024-05-21,2024,746716,CIN,PLATINUM,2.03,0.5414704084396362,7.227935836260296,0.02407401192535473,9.468799237943117,True,9.752863215081408,403.0732315567862
2024-05-21,2024,746875,CHC,PLATINUM,2.1,0.5069445967674255,5.458716376827022,0.01467810300263492,5.916350410395424,True,6.507985451434966,409.5812170082212
2024-05-22,2024,745576,TEX,PLATINUM,2.04,0.5115823745727539,4.388639136032113,0.010487510607792795,4.295487358126403,False,-4.295487358126403,405.28572965009477
2024-05-22,2024,746712,CIN,PLATINUM,2.1,0.5414704084396362,8.910471298345534,0.03115633130073549,12.62721646443867,False,-12.62721646443867,392.6585131856561
2024-05-24,2024,746956,MIL,PLATINUM,2.14,0.5588508248329163,11.77321822631754,0.04296946604000895,16.872326647651455,True,19.23445237832266,411.89296556397875
2024-05-25,2024,744851,SEA,PLATINUM,2.625,0.5247597694396973,19.180479528399264,0.05807606073526236,23.921120884520956,False,-23.921120884520956,387.9718446794578
2024-05-25,2024,745493,ATL,PLATINUM,3.6,0.5702537894248962,35.53717724831249,0.10124169633938716,39.278927687269544,False,-39.278927687269544,348.6929169921882
2024-05-25,2024,746710,CIN,PLATINUM,2.3200000000000003,0.5359335541725159,13.878868893480885,0.0460920162273176,16.071959588354648,True,21.21498665662814,369.90790364881633
2024-05-26,2024,746230,LAA,DIAMOND,2.22,0.5057118535041809,8.263814995370138,0.02513940876624626,9.29926599569283,False,-9.29926599569283,360.6086376531235
2024-05-31,2024,747032,BAL,DIAMOND,1.7092198581560285,0.6226659417152405,4.265445063253804,0.022656229883432407,8.170032192620544,True,5.794349072780529,366.402986725904
2024-06-01,2024,746305,KC,DIAMOND,2.2,0.5929206609725952,16.79753935585646,0.06342196961243948,23.23799909003735,False,-23.23799909003735,343.1649876358666
2024-06-01,2024,746384,HOU,PLATINUM,1.8733790999237223,0.6239652633666992,10.416579868202025,0.04835342507174962,16.59320251689876,True,14.492156279061083,357.6571439149277
2024-06-02,2024,747030,BAL,PLATINUM,1.7407407407407407,0.6128937602043152,4.506889468966014,0.022575084120035158,8.074140110011014,False,-8.074140110011014,349.5830038049167
2024-06-03,2024,744854,NYM,PLATINUM,2.04,0.5186581611633301,4.866578937050625,0.01395736749355609,4.87925845360644,True,5.074428791750697,354.6574325966674
2024-06-05,2024,745007,TEX,PLATINUM,1.888906447534766,0.5724061131477356,5.8086528101931485,0.022843123131328146,8.101483402246386,True,7.201460830852705,361.85889342752006
2024-06-05,2024,746056,MIA,PLATINUM,2.12,0.5802538394927979,13.227638611778852,0.05137012047427042,18.588734950057887,False,-18.588734950057887,343.2701584774622
2024-06-07,2024,745737,NYY,PLATINUM,2.27,0.5721158981323242,16.16145621469718,0.05879982062212126,20.184223743401915,False,-20.184223743401915,323.0859347340603
2024-06-07,2024,746053,MIA,PLATINUM,1.970873786407767,0.5349584221839905,4.460732110941018,0.01399139925837516,4.520424307629576,True,4.388761463718035,327.4746961977783
2024-06-08,2024,745735,NYY,DIAMOND,1.869565217391304,0.5707060694694519,4.877687962187027,0.019254512339830342,6.305365578922315,False,-6.305365578922315,321.169330618856
2024-06-08,2024,746300,KC,DIAMOND,2.045,0.515716552734375,4.876561594641615,0.01307185414875522,4.19827864690303,True,4.387201186013666,325.5565318048697
2024-06-09,2024,745736,NYY,PLATINUM,2.14,0.5553638339042664,11.179884225497185,0.04133302731472151,13.45623702157668,True,15.340110204597417,340.8966420094671
2024-06-11,2024,745170,STL,PLATINUM,2.15,0.6231396198272705,18.582996462364925,0.07385873535405034,25.17819486526167,False,-25.17819486526167,315.7184471442054
2024-06-11,2024,747027,BAL,PLATINUM,2.175,0.5989470481872559,16.607500041059104,0.06440634676750667,20.33427178766842,True,23.89276935051039,339.6112164947158
2024-06-12,2024,745328,HOU,PLATINUM,2.0,0.5109985768795013,3.141086706522278,0.005499288439750671,1.867620036879053,False,-1.867620036879053,337.74359645783676
2024-06-12,2024,745978,MIL,PLATINUM,1.9901960784313728,0.5713538527488708,8.779390190720054,0.0346159210594574,11.691305673321713,True,11.57668502946562,349.3202814873024
2024-06-15,2024,746381,HOU,PLATINUM,1.847457627118644,0.5949068069458008,6.94068147820579,0.029224209785461423,10.208609188501361,False,-10.208609188501361,339.111672298801
2024-06-16,2024,744839,WSH,PLATINUM,1.855263157894737,0.61307692527771,8.733187687021005,0.04016864024675809,13.62165476804706,True,11.65009947267183,350.76177177147287
2024-06-16,2024,744926,CLE,DIAMOND,2.115,0.5134114325046539,6.363889196118356,0.019252282454561252,6.752964704406746,False,-6.752964704406746,344.00880706706613
2024-06-16,2024,747109,ATL,PLATINUM,1.855263157894737,0.6452639698982239,11.951892149072396,0.057623922137113724,19.823136712913996,False,-19.823136712913996,324.18567035415214
2024-06-18,2024,744917,TOR,PLATINUM,2.14,0.5233421921730042,8.272164424398737,0.02630532702855899,8.527810076638593,False,-8.527810076638593,315.6578602775135
2024-06-20,2024,745164,STL,PLATINUM,1.9662061239731143,0.5388360619544983,4.905162662500867,0.015385631325740189,4.856595463301832,True,4.692472278302275,320.3503325558158
2024-06-20,2024,745734,NYY,DIAMOND,1.7575757575757576,0.5766293406486511,3.029247421419201,0.004445017576217653,1.4239628587577715,False,-1.4239628587577715,318.926369697058
2024-06-20,2024,745889,MIN,PLATINUM,1.8098360655737704,0.5686193704605103,3.097823050860471,0.008985721147977382,2.865783424834507,False,-2.865783424834507,316.06058627222353
2024-06-21,2024,745483,PIT,PLATINUM,2.14,0.5823841691017151,13.782218368576316,0.054013623218787346,17.071577421216915,False,-17.071577421216915,298.9890088510066
2024-06-21,2024,745729,NYY,PLATINUM,1.9571350064114303,0.5698695182800293,7.739514267195807,0.03011894417721686,9.005233267184865,False,-9.005233267184865,289.98377558382174
2024-06-21,2024,746698,CIN,PLATINUM,1.9523809523809523,0.5364417433738708,4.322969241538738,0.012426393479108816,3.6034524979621567,True,3.4318595218687205,293.41563510569046
2024-06-22,2024,745402,SD,PLATINUM,1.8130081300813008,0.5699713826179504,3.73332507852604,0.010259045809507372,3.010164441774978,True,2.4472881640446973,295.8629232697352
2024-06-23,2024,745727,NYY,PLATINUM,1.9803921568627447,0.5689393281936646,8.134983751899183,0.032314360737800564,9.56062123147843,False,-9.56062123147843,286.30230203825676
2024-06-24,2024,747021,BAL,DIAMOND,1.869565217391304,0.5695452690124512,5.212672547728936,0.018630582094192452,5.333978541880025,False,-5.333978541880025,280.96832349637674
2024-06-25,2024,745322,SF,DIAMOND,2.02,0.5772300362586975,10.365217576791396,0.04068741991239435,11.431876160178536,True,11.660513683382106,292.6288371797589
2024-06-25,2024,746697,CIN,DIAMOND,1.793700787401575,0.5782931447029114,3.065884015909226,0.011743993956654803,3.4366312953820106,False,-3.4366312953820106,289.19220588437685
2024-06-28,2024,746292,KC,PLATINUM,1.9523809523809523,0.5763416886329651,8.570773335776888,0.03287511542439459,9.507227148284175,True,9.054502045984927,298.24670793036177
2024-06-28,2024,747017,BAL,DIAMOND,1.8403361344537816,0.5893183350563049,5.96500385293417,0.025151788443326967,7.501438101783187,True,6.303729497296796,304.55043742765855
2024-06-29,2024,745972,MIL,PLATINUM,1.7518796992481205,0.6341717839241028,7.383843887628283,0.036905064135789895,11.239453425850606,False,-11.239453425850606,293.3109840018079
2024-06-29,2024,746211,LAA,PLATINUM,2.01,0.5414607524871826,6.578716778321903,0.021865374380999236,6.413354475258807,True,6.4774880200113945,299.7884720218193
2024-06-29,2024,746289,KC,PLATINUM,1.9615384615384617,0.5327097177505493,4.34950964952992,0.01168195605278017,3.5021157552890103,False,-3.5021157552890103,296.2863562665303
2024-06-30,2024,744916,TOR,PLATINUM,2.08,0.5402900576591492,8.23519628371156,0.028658175909960722,8.491026517607517,False,-8.491026517607517,287.79532974892277
2024-06-30,2024,745154,STL,PLATINUM,1.970873786407767,0.5520706176757812,6.802653523063934,0.022675838470458978,6.52600040993905,True,6.335922728096165,294.13125247701896
2024-07-01,2024,744840,WSH,PLATINUM,2.02,0.5397761464118958,6.321559206137839,0.02214407248824251,6.513263775908667,False,-6.513263775908667,287.6179887011103
2024-07-03,2024,744998,TEX,PLATINUM,1.9523809523809523,0.5418151021003723,5.118114682517611,0.015180239826440801,4.366110046881395,False,-4.366110046881395,283.2518786542289
2024-07-03,2024,745234,SEA,PLATINUM,1.975632971635256,0.5391539335250854,5.399463085764528,0.016699488884065222,4.730161598976887,False,-4.730161598976887,278.521717055252
2024-07-04,2024,744834,WSH,PLATINUM,1.9523809523809523,0.5431150197982788,5.304390202655263,0.015846447646617873,4.413579807762167,True,4.203409340725873,282.7251263959779
2024-07-04,2024,746285,KC,DIAMOND,1.9174311926605505,0.5568923950195312,5.821015409505548,0.018476276397705077,5.223707579868191,False,-5.223707579868191,277.5014188161097
2024-07-06,2024,744995,TEX,PLATINUM,1.9615384615384617,0.5493109822273254,6.009636097207532,0.020148600935935977,5.59126534688183,True,5.376216679694068,282.8776354958038
2024-07-06,2024,745476,PIT,PLATINUM,2.4,0.533820390701294,16.339626878306124,0.05020873887198312,14.202929333332838,False,-14.202929333332838,268.67470616247095
2024-07-06,2024,746129,LAD,DIAMOND,1.869565217391304,0.557898223400116,3.748593321439453,0.012370295077562281,3.3235853951071066,True,2.890074256614874,271.5647804190858
2024-07-07,2024,744832,WSH,PLATINUM,2.115,0.5435187816619873,9.068145617719692,0.033529646460785476,9.105471078652785,False,-9.105471078652785,262.45930934043304
2024-07-07,2024,746122,LAD,PLATINUM,5.725,0.5634775161743164,45.37760605395332,0.11777295132793447,30.91060746451412,False,-30.91060746451412,231.5487018759189
2024-07-07,2024,746691,CIN,PLATINUM,2.25,0.5616670250892639,14.352434116934203,0.05275016129016876,12.214231370483924,False,-12.214231370483924,219.33447050543498
2024-07-09,2024,745074,TB,PLATINUM,2.03,0.5391539335250854,6.882223005204874,0.022932642003864905,5.029918891208406,True,5.180816457944657,224.51528696337962
2024-07-09,2024,746206,LAA,PLATINUM,2.29,0.5362086892127991,13.070075728087838,0.04417013532893603,9.916870608587386,False,-9.916870608587386,214.59841635479225
2024-07-10,2024,745394,SD,DIAMOND,2.145,0.5459795594215393,10.412368616861656,0.03736378929240214,8.018210011163642,False,-8.018210011163642,206.58020634362862
2024-07-10,2024,746205,LAA,PLATINUM,2.5,0.533820390701294,17.154397547792843,0.055758496125539146,11.518601635024293,True,17.277902452536438,223.85810879616506
2024-07-12,2024,747012,BAL,PLATINUM,2.1050000000000004,0.5575857162475586,10.74477372152246,0.039302699706133724,8.798228026798688,False,-8.798228026798688,215.05988076936637
2024-07-13,2024,745392,SD,DIAMOND,2.02,0.5435187816619873,6.816496212519807,0.02399704386206235,5.1608013917923845,True,5.2640174196282326,220.3238981889946
2024-07-13,2024,746202,LAA,PLATINUM,2.17,0.5525648593902588,11.899431762513668,0.04253541557197897,9.37156856990727,True,10.964735226791506,231.2886334157861
2024-07-14,2024,746201,LAA,PLATINUM,2.3,0.5525648593902588,15.353871270344966,0.05209599549953753,12.049211605522979,True,15.663975087179871,246.95260850296597
2024-07-20,2024,744830,WSH,PLATINUM,1.9803921568627447,0.5273005366325378,4.471908016769966,0.011286770999431553,2.7872975398852504,True,2.732644646946323,249.68525314991228
2024-07-20,2024,744994,TEX,PLATINUM,1.99009900990099,0.5459795594215393,6.488338532125503,0.0218547286093235,5.456803445341569,False,-5.456803445341569,244.22844970457072
2024-07-20,2024,747093,ATL,PLATINUM,2.0,0.5573740005493164,8.018416818959857,0.028687000274658203,7.006181603754367,True,7.006181603754367,251.23463130832508
2024-07-20,2024,747096,ATL,PLATINUM,2.0,0.562933087348938,8.574325498922015,0.031466543674468994,7.905485498602526,False,-7.905485498602526,243.32914580972255
2024-07-21,2024,744991,TEX,PLATINUM,2.05,0.5435187816619873,7.144951341930616,0.0271936910493033,6.61701761444047,True,6.947868495162492,250.27701430488503
2024-07-21,2024,746125,LAD,DIAMOND,1.8771929824561404,0.5525648593902588,3.710218391170228,0.010622199773788457,2.6584924447338003,True,2.332010916433158,252.60902522131818
2024-07-21,2024,746528,COL,PLATINUM,2.4,0.5430216789245605,16.240408536068824,0.05415214811052594,13.679321347840405,False,-13.679321347840405,238.92970387347776
2024-07-22,2024,746034,MIA,PLATINUM,2.295,0.5304542183876038,12.522081554637628,0.041967650810724046,10.027318380471815,False,-10.027318380471815,228.90238549300594
2024-07-23,2024,746848,CHC,PLATINUM,2.055,0.5524387359619141,9.029033009684406,0.03205251241747238,7.336896553403623,False,-7.336896553403623,221.56548893960232
2024-07-24,2024,744905,TOR,PLATINUM,2.01,0.5587412714958191,8.30676867918555,0.030462860323414928,6.749518542056241,True,6.817013727476802,228.3825026670791
2024-07-25,2024,744907,TOR,PLATINUM,1.925925925925926,0.5493109822273254,5.19659777515436,0.015641710758209235,3.5722930489544007,False,-3.5722930489544007,224.8102096181247
2024-07-25,2024,745794,NYM,PLATINUM,1.9433962264150944,0.5473813414573669,5.277098107031975,0.016901390850543978,3.7996052199486465,True,3.5845332263666476,228.39474284449136
2024-07-27,2024,745793,NYM,PLATINUM,8.5,0.529168426990509,47.23493023980376,0.11659772098064422,26.63030649962799,False,-26.63030649962799,201.76443634486338
2024-07-29,2024,746444,DET,PLATINUM,2.35,0.5354477167129517,14.214951446205117,0.047833728569525266,9.651145283103453,False,-9.651145283103453,192.11329106175992
2024-07-29,2024,746684,CIN,PLATINUM,1.93466107617051,0.5583534836769104,6.237840350962676,0.021458246646640457,4.122414383701072,True,3.853060264290834,195.96635132605076
2024-07-30,2024,746365,HOU,DIAMOND,2.12,0.5467838048934937,10.136324111454837,0.035531621958528256,6.963002311909368,False,-6.963002311909368,189.00334901414138
2024-07-30,2024,746683,CIN,PLATINUM,2.1,0.5583534836769104,10.599605067775508,0.03921416266397998,7.41160807227752,True,8.152768879505272,197.15611789364664
2024-07-30,2024,746926,BOS,PLATINUM,2.03,0.5469620823860168,7.777103230898358,0.026779860981459725,5.279813428836141,False,-5.279813428836141,191.8763044648105
2024-07-31,2024,745789,NYM,PLATINUM,2.02,0.5502163171768188,6.9930264991581,0.027312980563032874,5.240713774353947,False,-5.240713774353947,186.63559069045655
2024-07-31,2024,746925,BOS,PLATINUM,2.06,0.549208402633667,8.448271535336909,0.030983327694658978,5.78259166584866,True,6.12954716579958,192.76513785625613
2024-08-01,2024,746607,CLE,PLATINUM,1.869565217391304,0.5597648024559021,3.935251227018066,0.01337358132004733,2.5779602467907754,True,2.24170456242676,195.00684241868288
2024-08-02,2024,744825,WSH,PLATINUM,1.9803921568627447,0.5521399974822998,6.582970449055697,0.02383069872856135,4.64714931168767,False,-4.64714931168767,190.35969310699522
2024-08-02,2024,746605,CLE,PLATINUM,2.0,0.556448221206665,7.686051139238642,0.02822411060333252,5.372733032668268,True,5.372733032668268,195.7324261396635
2024-08-02,2024,746845,CHC,PLATINUM,1.8928571428571428,0.5456125736236572,3.33861401036869,0.009174664020538327,1.7957792477562462,True,1.6033743283537911,197.33580046801728
2024-08-04,2024,746680,CIN,PLATINUM,2.1,0.50795978307724,5.547004589055754,0.015162623741410015,2.992128493206508,False,-2.992128493206508,194.34367197481077
2024-08-05,2024,745184,STL,PLATINUM,1.99009900990099,0.5363842844963074,5.886083526703495,0.017033102959394458,3.310275774253735,False,-3.310275774253735,191.03339620055704
2024-08-07,2024,745142,STL,PLATINUM,1.869565217391304,0.5589584112167358,3.85461210310144,0.012940146028995465,2.4720000432501554,True,2.1495652550001343,193.18296145555718
2024-08-07,2024,746031,MIA,PLATINUM,2.1,0.5399607419967651,9.066518657876282,0.030435808680274276,5.879679655150138,True,6.4676476206651525,199.65060907622234
2024-08-07,2024,746115,LAD,DIAMOND,1.9090909090909087,0.5596089959144592,5.140145554314102,0.018794722855091033,3.752377865437721,False,-3.752377865437721,195.89823121078462
2024-08-07,2024,746272,BOS,PLATINUM,2.1100000000000003,0.5002402067184448,5.338247411451302,0.012501539679260983,2.4490295105786664,False,-2.4490295105786664,193.44920170020595
2024-08-08,2024,744819,WSH,PLATINUM,2.04,0.5270515084266663,5.935552521423348,0.01807333586307674,3.496272394771898,False,-3.496272394771898,189.95292930543405
2024-08-10,2024,745873,MIN,DIAMOND,1.869565217391304,0.5552878975868225,3.487560740110107,0.01096724495291705,2.083260305216831,False,-2.083260305216831,187.86966900021721
2024-08-10,2024,746026,SD,DIAMOND,3.3030303030303028,0.5016206800937653,18.650204003245,0.07130478332309347,13.396006041041778,True,30.851407852096212,218.72107685231342
2024-08-11,2024,745872,MIN,DIAMOND,1.9854368932038835,0.5414980053901672,5.968925571013905,0.01905502980859408,4.167736639188629,False,-4.167736639188629,214.55334021312478
2024-08-11,2024,746114,LAD,DIAMOND,1.8928571428571428,0.5408424735069275,3.2874525392872944,0.006646510958671562,1.4260311269461217,True,1.2732420776304656,215.82658229075525
2024-08-14,2024,746677,CIN,PLATINUM,1.9569597069597071,0.5365944504737854,4.792106012869818,0.013086684369014227,2.8244543608821897,True,2.7028890175108873,218.52947130826615
2024-08-16,2024,746438,DET,PLATINUM,2.69,0.5102140307426453,18.13968750538991,0.05509996193753192,12.04096555131444,False,-12.04096555131444,206.48850575695172
2024-08-17,2024,746997,BAL,PLATINUM,1.8928571428571428,0.5535567402839661,4.277136153921612,0.013385072350502009,2.7638635891038494,False,-2.7638635891038494,203.72464216784786
2024-08-18,2024,745464,PIT,PLATINUM,2.28,0.5393575429916382,13.480769882571202,0.04487015586346387,9.141156447299737,False,-9.141156447299737,194.5834857205481
2024-08-18,2024,746431,NYY,PLATINUM,2.055,0.5157243013381958,5.082007768084895,0.0141738007701404,2.7579875597625083,False,-2.7579875597625083,191.8254981607856
2024-08-21,2024,744893,TOR,PLATINUM,1.9523809523809523,0.5414472818374634,5.081332656226717,0.014991731941699988,2.8757964480095617,False,-2.8757964480095617,188.94970171277603
2024-08-23,2024,746995,BAL,PLATINUM,2.095,0.5690260529518127,11.4886432615123,0.04386063491644927,8.28745388439606,True,9.074762003413687,198.02446371618973
2024-08-24,2024,745457,PIT,PLATINUM,1.939153439153439,0.5723515152931213,7.442404793373686,0.02924905683792811,5.792028794535066,False,-5.792028794535066,192.23243492165466
2024-08-24,2024,746996,BAL,PLATINUM,2.57,0.5186566710472107,16.414136620521447,0.05301714085849227,10.191614079812313,True,16.00083410530533,208.23326902696
2024-08-25,2024,745459,PIT,PLATINUM,1.862068965517241,0.5654223561286926,4.679585254432828,0.015328072309493986,3.191814604887557,True,2.751564314558238,210.98483334151823
2024-08-27,2024,745213,TB,PLATINUM,2.145,0.5042698979377747,6.38751914188761,0.017829460933739445,3.761745843674127,True,4.307198991006875,215.2920323325251
2024-08-28,2024,745943,MIL,DIAMOND,1.8928571428571428,0.5410785675048828,3.1712522780078967,0.0067716407775878845,1.4578803052326963,True,1.3016788439577645,216.59371117648288
2024-08-28,2024,746589,KC,PLATINUM,2.15,0.503422737121582,5.972301515548805,0.01790410539378289,3.877916632534321,False,-3.877916632534321,212.71579454394856
2024-08-29,2024,746102,LAD,PLATINUM,1.9090909090909087,0.5742091536521912,6.7421204610674685,0.026459805667400305,5.628418586019529,True,5.11674416910866,217.83253871305723
2024-08-31,2024,746182,LAA,PLATINUM,2.58,0.5596280694007874,21.21080005256737,0.07022791440728345,15.29792488386184,True,24.17072131650171,242.00326002955893
2024-09-01,2024,745292,SF,DIAMOND,1.7142857142857144,0.6209639310836792,4.59091984977098,0.022578358650207547,5.464036399466818,False,-5.464036399466818,236.53922363009212
2024-09-01,2024,746426,DET,PLATINUM,2.0,0.5125732421875,3.6557331372630673,0.00628662109375,1.4870324727721855,True,1.4870324727721855,238.02625610286432
2024-09-02,2024,745046,MIN,PLATINUM,1.9090909090909087,0.5493406057357788,4.038379925964764,0.01340381801128382,3.1904606187100284,True,2.900418744281843,240.92667484714616
2024-09-02,2024,745779,NYM,PLATINUM,1.858384910109048,0.5577329993247986,3.324641715178922,0.01062535856158947,2.559932307302407,True,2.1974072634890245,243.1240821106352
2024-09-02,2024,746265,KC,DIAMOND,4.726190476190476,0.5227874517440796,33.888728278236535,0.09867940762172492,23.991340401253087,False,-23.991340401253087,219.1327417093821
2024-09-02,2024,746668,HOU,PLATINUM,5.0,0.6043301224708557,46.94618478714695,0.1263531632721424,27.688115091477766,False,-27.688115091477766,191.44462661790433
2024-09-03,2024,745047,MIN,PLATINUM,1.9523809523809523,0.6156376600265503,12.372402494898193,0.05301430076360703,10.14930301509803,False,-10.14930301509803,181.2953236028063
2024-09-03,2024,746020,MIA,PLATINUM,1.881074367334265,0.5509421229362488,3.610142560368901,0.010317830902889437,1.8705744924183756,False,-1.8705744924183756,179.42474911038792
2024-09-03,2024,746264,KC,DIAMOND,2.075,0.5254704356193542,6.841995893051084,0.02101189625817677,3.7700542144568656,False,-3.7700542144568656,175.65469489593104
2024-09-03,2024,746834,CHC,PLATINUM,2.02,0.5759506821632385,10.178666020747484,0.04005401420827006,7.035675645110964,False,-7.035675645110964,168.6190192508201
2024-09-04,2024,745776,NYM,PLATINUM,1.8771929824561404,0.5535628199577332,4.169203589839232,0.011156108677387254,1.8811321038366022,True,1.650115880558423,170.2691351313785
2024-09-04,2024,746178,LAA,PLATINUM,2.52,0.5020818710327148,14.434122962698536,0.043626038651717346,7.428167870436003,True,11.290815163062724,181.55995029444122
2024-09-05,2024,745042,MIN,DIAMOND,1.7692307692307692,0.6174978911876678,6.579930389358957,0.030061287432909003,5.457925852105869,True,4.1984045016198985,185.75835479606113
2024-09-05,2024,745451,WSH,DIAMOND,2.03,0.5179212987422943,4.873024866526099,0.012470931176421677,2.3165796581069977,False,-2.3165796581069977,183.44177513795412
2024-09-06,2024,745777,NYM,DIAMOND,1.5882352941176472,0.6645963191986084,3.69226304836674,0.02360251545906071,4.329687333531101,True,2.546874902077119,185.98865004003125
2024-09-07,2024,745125,STL,PLATINUM,2.04,0.5847278833389282,11.975903567760565,0.04635694279120519,8.62186520971921,True,8.96673981810798,194.95538985813923
2024-09-07,2024,746018,PHI,DIAMOND,2.0,0.5433067083358765,8.312399015466887,0.021653354167938232,4.221438103546762,False,-4.221438103546762,190.73395175459245
2024-09-07,2024,746259,KC,PLATINUM,1.9253703703703704,0.5720202922821045,6.527342600318864,0.02738117764944169,5.222520216772537,True,4.83276546726155,195.566717221854
2024-09-07,2024,746986,BAL,DIAMOND,2.2123563218390805,0.5478096008300781,8.88999878471256,0.04370621692289473,8.547481365796763,False,-8.547481365796763,187.01923585605724
2024-09-08,2024,745128,STL,PLATINUM,2.075,0.5745340585708618,11.74835818820184,0.044687946868497294,8.35750567532245,False,-8.35750567532245,178.6617301807348
2024-09-08,2024,745368,SD,PLATINUM,1.8,0.6142712235450745,7.205562171535673,0.0330275632441044,5.900761592845334,False,-5.900761592845334,172.76096858788947
2024-09-08,2024,747072,TOR,PLATINUM,3.3,0.5213273465633392,27.0263831960418,0.07830220039771951,13.527563983273046,False,-13.527563983273046,159.23340460461642
2024-09-11,2024,745285,SF,PLATINUM,2.035,0.537234365940094,6.822104246349619,0.02252945282321047,3.5874414769188907,True,3.7130019286110523,162.94640653322747
2024-09-12,2024,746591,CLE,PLATINUM,1.7142857142857144,0.6087891459465027,3.2361486491950475,0.015273487567901645,2.488759914419497,False,-2.488759914419497,160.45764661880798
2024-09-13,2024,744882,TOR,PLATINUM,1.7692307692307692,0.5882648825645447,3.225474977928766,0.013252307474613178,2.126434069645269,True,1.635718515111745,162.09336513391972
2024-09-14,2024,746584,CLE,PLATINUM,1.7142857142857144,0.6560869216918945,8.103218910592513,0.04365215301513674,7.075724377564294,True,5.054088841117354,167.14745397503708
2024-09-15,2024,744883,TOR,PLATINUM,1.819672131147541,0.5733667016029358,3.734119794470081,0.013218519389629374,2.209441861296211,True,1.811017919095255,168.95847189413234
2024-09-15,2024,746585,CLE,PLATINUM,1.7491582491582491,0.6399617195129395,7.846327487577542,0.03984282391794612,6.731782645123164,True,5.043170500134356,174.0016423942667
2024-09-16,2024,745130,STL,PLATINUM,2.165,0.594173014163971,16.03604203951989,0.06145591752467749,10.69343058414048,True,12.457846630523658,186.45948902479034
2024-09-16,2024,746588,CLE,PLATINUM,2.0,0.5215463042259216,4.435647186620378,0.010773152112960815,2.008756438169014,True,2.008756438169014,188.46824546295935
2024-09-17,2024,745122,STL,PLATINUM,1.6756756756756757,0.6271604299545288,3.740788306667431,0.01883946657180785,3.5506412102466993,True,2.3990818988153375,190.86732736177467
2024-09-17,2024,745366,SD,PLATINUM,1.847457627118644,0.5804113745689392,5.642728538380859,0.02132419914007186,4.070092897995769,False,-4.070092897995769,186.7972344637789
2024-09-17,2024,746987,BAL,PLATINUM,2.0,0.6100032329559326,13.39873221410633,0.05500161647796631,10.274149849121518,False,-10.274149849121518,176.52308461465736
2024-09-18,2024,745040,TB,PLATINUM,1.8850250626566416,0.5545426607131958,4.106629360773962,0.012803822080645934,2.2601701685328806,False,-2.2601701685328806,174.26291444612448
2024-09-18,2024,745365,SD,PLATINUM,1.896879021879022,0.5538967847824097,4.373797464231954,0.014125425532259758,2.4615378210432843,True,2.2077016332555197,176.47061607938
2024-09-18,2024,746254,KC,PLATINUM,2.21,0.589753270149231,16.39740161893964,0.06267659649376041,11.060577597012607,False,-11.060577597012607,165.41003848236738
2024-09-21,2024,745124,STL,PLATINUM,2.08,0.5111504793167114,5.269136745820246,0.0146280085598981,2.4196194588131443,True,2.6131890155181963,168.02322749788559
2024-09-21,2024,746983,BAL,PLATINUM,1.869565217391304,0.5533650517463684,3.370617249960828,0.009933715313672964,1.6690949080485022,False,-1.6690949080485022,166.3541325898371
2024-09-22,2024,745767,NYM,PLATINUM,2.22,0.5644637942314148,14.311556073717265,0.05186672606429117,8.628244224699852,True,10.526457954133821,176.88059054397092
2024-09-22,2024,746253,KC,PLATINUM,1.9615384615384617,0.5921350717544556,10.292045049920546,0.04198888659477235,7.427019057167158,False,-7.427019057167158,169.45357148680375
2024-09-24,2024,745526,PHI,PLATINUM,1.900900900900901,0.5933778882026672,8.52915232802356,0.035506836026907,6.016760176955704,False,-6.016760176955704,163.43681130984805
2024-09-24,2024,746336,HOU,PLATINUM,1.7692307692307692,0.6051684617996216,5.058902557856692,0.0229718655347824,3.754448452843433,True,2.888037271418025,166.32484858126608
2024-09-25,2024,746331,HOU,PLATINUM,1.763358778625954,0.5917006134986877,3.4711014262176376,0.01420710429549212,2.362994470725982,False,-2.362994470725982,163.9618541105401
2024-09-27,2024,746580,HOU,PLATINUM,2.05,0.5286635160446167,6.245597416214766,0.01994290664082479,3.269875949183035,True,3.433369746642186,167.3952238571823
2024-09-28,2024,746578,HOU,PLATINUM,2.23,0.5170069336891174,10.073457382517514,0.031082411001368264,5.203047147594986,True,6.399747991541832,173.79497184872412
2024-09-28,2024,746902,BOS,PLATINUM,10.0,0.5568012595176697,51.36565757906606,0.12688923875490823,22.05271167731531,False,-22.05271167731531,151.74226017140882
2024-09-29,2024,747061,ATL,PLATINUM,8.75,0.5587068796157837,50.432701229709984,0.12544145795606798,19.034770349450508,False,-19.034770349450508,132.70748982195832
2024-10-02,2024,775341,BAL,PLATINUM,2.315,0.5905948877334595,20.276717283440988,0.06981505039980201,9.264980090351234,False,-9.264980090351234,123.44250973160709
2025-05-14,2025,777915,SEA,PLATINUM,2.07,0.5125993598073731,5.350996195202717,0.01427118570122952,1.761670979805597,False,-1.761670979805597,121.68083875180149
2025-05-25,2025,777774,HOU,PLATINUM,2.1,0.5126217919946084,6.026435899545312,0.017387673451972212,2.1157466895784105,True,2.3273213585362518,124.00816011033774
2025-05-25,2025,777776,PIT,PLATINUM,2.1,0.5125754481912752,6.124405477323497,0.01736555481856318,2.15347050234523,False,-2.15347050234523,121.85468960799251
2025-05-27,2025,777746,TB,PLATINUM,2.05,0.5125754481912752,5.18388303577757,0.012090397331455727,1.4732716140618385,False,-1.4732716140618385,120.38141799393067
2025-05-29,2025,777723,PHI,DIAMOND,2.04,0.5209883133045837,5.329233009215095,0.015100038255132417,1.817764016915439,False,-1.817764016915439,118.56365397701524
2025-05-29,2025,777735,PHI,DIAMOND,2.04,0.5209883133045837,5.329233009215095,0.015100038255132417,1.7903157107212126,True,1.8619283391500612,120.42558231616529
2025-06-05,2025,777637,TOR,PLATINUM,2.06,0.5209883133045837,6.173112191851043,0.017272623916849646,2.080065793314742,True,2.204869740913627,122.63045205707891
2025-06-10,2025,777560,SD,PLATINUM,2.04,0.5209883133045837,5.440772238768194,0.015100038255132417,1.8517245173060732,True,1.9257934979983162,124.55624555507723
2025-06-19,2025,777451,DET,DIAMOND,2.05,0.5209774623448931,5.700296600312798,0.016191380430245407,2.0167375567453187,True,2.1175744345825844,126.6738199896598
2025-06-19,2025,777464,DET,PLATINUM,2.05,0.5209774623448931,5.700296600312798,0.016191380430245407,2.051024010005007,False,-2.051024010005007,124.6227959796548
2025-07-02,2025,777277,BOS,PLATINUM,1.7936507936507935,0.6100673255156579,6.242475851481322,0.029688038916346682,3.6998064169079243,False,-3.6998064169079243,120.92298956274688
2025-07-02,2025,777279,ATL,PLATINUM,1.7575757575757576,0.6121541227208268,5.41976379134409,0.025049391178079555,3.029047267980078,True,2.2947327787727865,123.21772234151966
2025-07-08,2025,777192,HOU,DIAMOND,1.7380174291938997,0.621568380802983,5.819656565171627,0.02720012973105512,3.3515380328544637,False,-3.3515380328544637,119.8661843086652
2025-07-13,2025,777125,HOU,PLATINUM,1.7575757575757576,0.6154499262219868,5.4653927944397385,0.026960957208752346,3.231707065922344,False,-3.231707065922344,116.63447724274285
2025-07-18,2025,777101,CHC,PLATINUM,1.8,0.6006113113941128,6.134792922761234,0.025343862659188473,2.955968172566318,True,2.3647745380530547,118.9992517807959
2025-07-18,2025,777110,TB,DIAMOND,1.8,0.5977597504104075,5.7016941796480864,0.02373985960585424,2.8250255304777947,True,2.260020424382236,121.25927220517814
2025-07-19,2025,777089,PHI,DIAMOND,1.769412878787879,0.6102685698300537,6.077822113528775,0.02593440699306321,3.1447873170517275,True,2.4196398627883795,123.67891206796651
2025-07-19,2025,777095,TB,PLATINUM,1.7782218992248062,0.6061480209355543,5.594749194826909,0.02501397258190168,3.0937009154275428,True,2.407585802037544,126.08649787000405
2025-07-20,2025,777076,TB,PLATINUM,1.816340130614421,0.6061480209355543,6.95759527092974,0.03092184609427487,3.8988272817023812,False,-3.8988272817023812,122.18767058830167
2025-07-20,2025,777083,ATL,PLATINUM,1.7722122838401908,0.6128265672275978,6.162535280623349,0.02786111154448273,3.4042843196211847,False,-3.4042843196211847,118.78338626868049
2025-07-21,2025,777060,PIT,PLATINUM,1.8,0.6100673255156579,6.638552426647715,0.03066287060255758,3.6422396028901645,True,2.913791682312132,121.69717795099263
2025-07-26,2025,776990,KC,DIAMOND,1.8264462809917357,0.5974357169756571,6.251908721719223,0.027583233629050567,3.356801691418371,False,-3.356801691418371,118.34037625957426
2025-07-26,2025,777010,KC,DIAMOND,1.8264462809917357,0.5974357169756571,6.251908721719223,0.027583233629050567,3.264210246117586,True,2.697694418278997,121.03807067785326
2025-07-28,2025,776970,NYY,DIAMOND,1.7874015748031495,0.6035009381301842,5.919987131608007,0.024986782388879553,3.0243519327973423,False,-3.0243519327973423,118.01371874505591
2025-08-01,2025,776922,HOU,DIAMOND,1.7936507936507935,0.6132811734712442,6.855025527290282,0.03150386301125296,3.7178880287927765,False,-3.7178880287927765,114.29583071626314
2025-08-01,2025,776924,MIN,DIAMOND,2.05,0.5229115728824498,6.003096108727767,0.017135410573576676,1.9585059861711853,False,-1.9585059861711853,112.33732473009195
2025-08-02,2025,776907,ATL,PLATINUM,1.8403954802259888,0.5783861825875941,5.249543609068031,0.0191752923998467,2.154101049116043,True,1.8102967856271832,114.14762151571914
2025-08-02,2025,776912,DET,PLATINUM,1.925925925925926,0.563756126891803,6.509338205481829,0.02315318598373757,2.6428811105547294,True,2.4471121394025275,116.59473365512167
2025-08-05,2025,776848,TB,PLATINUM,2.08,0.5252405512569398,6.892235250612055,0.021412117271859918,2.4965401103047378,True,2.696263319129117,119.29099697425079
2025-08-06,2025,776851,PHI,PLATINUM,1.6430934656741107,0.6549210671067562,5.235652044599759,0.029582218587643483,3.528892348030204,False,-3.528892348030204,115.76210462622059
2025-08-09,2025,776813,DET,PLATINUM,1.7407407407407407,0.6154428749863283,5.041516596169604,0.02407268905446788,2.786705148957786,False,-2.786705148957786,112.97539947726281
2025-08-10,2025,776789,SD,PLATINUM,1.7194244604316546,0.6402336892844158,6.604848537276031,0.035039629347438456,3.958616123062081,True,2.8479252683899863,115.8233247456528
2025-08-18,2025,777459,MIL,DIAMOND,1.9803921568627447,0.5393198793000145,5.794638288437881,0.017356539046507247,2.010292058444212,True,1.9708745671021677,117.79419931275497
2025-08-20,2025,776661,TOR,PLATINUM,1.6849636406286652,0.653518402082597,6.668847886413243,0.03691975018487109,4.348932411853828,False,-4.348932411853828,113.44526690090115
2025-08-20,2025,776663,MIL,DIAMOND,1.8403954802259888,0.5847953514055735,5.966322277750047,0.022684177681286673,2.5734125914810315,False,-2.5734125914810315,110.87185430942012
2025-08-21,2025,776657,TEX,PLATINUM,1.995049504950495,0.5421381133959027,6.179699264266281,0.02049957673948854,2.2728260856653506,False,-2.2728260856653506,108.59902822375477
2025-08-27,2025,776557,CHC,DIAMOND,1.7352941176470589,0.6313166475118039,6.257628425466466,0.032476822031964336,3.5269513124671557,False,-3.5269513124671557,105.07207691128761
2025-09-04,2025,776461,PIT,PLATINUM,1.975632971635256,0.5325797701938296,5.047585317353481,0.013371358783978743,1.4049564385586357,True,1.3707218251690478,106.44279873645665
2025-09-05,2025,776460,ATL,PLATINUM,1.760467268100856,0.6137640225681205,5.9157247070203205,0.026467763783625933,2.8173028534245717,True,2.1424666043565304,108.58526534081318
2025-09-09,2025,776393,TOR,PLATINUM,1.6666666666666663,0.646555614233154,5.260980659840286,0.029097258895721168,3.1595335778822196,True,2.106355718588145,110.69162105940133
2025-09-09,2025,776397,MIA,PLATINUM,1.8,0.591362278461168,5.209889629466746,0.02014128163440699,2.229471114326458,False,-2.229471114326458,108.46214994507487
2025-09-10,2025,776375,MIL,PLATINUM,1.900900900900901,0.5753839773005613,6.587814120259083,0.026015048026046116,2.8216480398293378,False,-2.8216480398293378,105.64050190524553
2025-09-11,2025,776369,TOR,PLATINUM,1.6451612903225803,0.6539050065055464,5.29932258560949,0.029364441647285744,3.102074353786561,True,2.001338292765522,107.64184019801105
2025-09-17,2025,776283,STL,PLATINUM,1.96162736939436,0.5396872603986901,5.360312391497935,0.015251568013418565,1.641706846869498,False,-1.641706846869498,106.00013335114156
2025-09-17,2025,776288,SD,DIAMOND,2.085,0.5234669581205283,6.787095130216381,0.021066499465737687,2.2330517526099474,True,2.4228611515817926,108.42299450272336
2026-04-19,2026,823718,MIN,DIAMOND,1.8,0.5900087952613831,4.852876335745071,0.01937994733452797,2.101231923314594,False,-2.101231923314594,106.32176257940876
2026-04-19,2026,824452,CLE,PLATINUM,1.847457627118644,0.5751113295555115,5.1127240370380855,0.018435674607753746,1.9601134186368283,True,1.6611130666413798,107.98287564605013
2026-04-19,2026,824691,CHC,PLATINUM,1.8065040650406503,0.5807338953018188,4.254395691124413,0.015219434314677769,1.6434382830050778,True,1.3254396558870218,109.30831530193716
2026-04-20,2026,824692,CHC,DIAMOND,1.869565217391304,0.5810313820838928,6.3612838548731006,0.02480436787009235,2.711323664009294,True,2.3576727513124287,111.66598805324959
