game_date,game_id,bankroll,variant
2023-04-28,718388,1314.6781921386719,kelly_full
2023-04-29,718369,1169.943595088038,kelly_full
2023-04-29,718378,1627.2761722996902,kelly_full
2023-04-29,718401,1220.4571292247676,kelly_full
2023-04-30,718363,1539.4928311655908,kelly_full
2023-05-01,718351,1693.3507332490367,kelly_full
2023-05-01,718361,1270.0130499367774,kelly_full
2023-05-02,718335,1857.394085532537,kelly_full
2023-05-02,718338,2113.0760078326157,kelly_full
2023-05-03,718323,2551.456185769073,kelly_full
2023-05-03,718330,1972.1542777115988,kelly_full
2023-05-03,718348,2871.949666917516,kelly_full
2023-05-05,718303,2463.056588372644,kelly_full
2023-05-06,718286,2201.1795870040023,kelly_full
2023-05-06,718287,2091.887480302364,kelly_full
2023-05-06,718288,3075.074596044475,kelly_full
2023-05-07,718267,2306.3059470333565,kelly_full
2023-05-07,718269,2260.5559805538,kelly_full
2023-05-07,718276,3196.3159497208608,kelly_full
2023-05-09,718250,2397.2369622906454,kelly_full
2023-05-09,718252,2943.4878887972955,kelly_full
2023-05-10,718230,4278.0460451658255,kelly_full
2023-05-10,718235,4759.804628027439,kelly_full
2023-05-11,718216,4967.683126678148,kelly_full
2023-05-12,718205,5519.770860632718,kelly_full
2023-05-12,718208,5172.628826479149,kelly_full
2023-05-12,718212,5975.718180798633,kelly_full
2023-05-13,718188,5199.818469857097,kelly_full
2023-05-14,718174,6308.8240164040035,kelly_full
2023-05-14,718178,5363.247772809951,kelly_full
2023-05-15,718163,5121.84367244407,kelly_full
2023-05-15,718171,4701.74949330915,kelly_full
2023-05-16,718148,6187.404329449268,kelly_full
2023-05-16,718152,4988.768087533888,kelly_full
2023-05-17,718132,4580.216389109445,kelly_full
2023-05-17,718138,4260.060439465064,kelly_full
2023-05-19,718119,3708.4863888517257,kelly_full
2023-05-21,718078,2781.3647916387945,kelly_full
2023-05-21,718099,2497.369965269931,kelly_full
2023-05-22,718071,3403.340205416899,kelly_full
2023-05-23,718051,3664.5393997253045,kelly_full
2023-05-23,718061,3764.3237596791314,kelly_full
2023-05-24,718042,3604.5515090064687,kelly_full
2023-05-24,718046,3742.422103936547,kelly_full
2023-05-27,717997,2806.81657795241,kelly_full
2023-05-27,718000,2871.0070407494463,kelly_full
2023-05-27,718002,4100.759702020091,kelly_full
2023-05-27,718004,3425.905815786382,kelly_full
2023-05-27,718008,4044.715089332311,kelly_full
2023-05-30,717952,3789.532798666778,kelly_full
2023-05-30,717962,3336.4155732087565,kelly_full
2023-05-31,717939,3451.3662840946236,kelly_full
2023-05-31,717944,3578.9417208918694,kelly_full
2023-06-02,717926,3153.9510743179635,kelly_full
2023-06-02,717931,2551.3075922614757,kelly_full
2023-06-03,717910,3731.287353682408,kelly_full
2023-06-03,717912,4043.31051379833,kelly_full
2023-06-03,717918,5303.203287407286,kelly_full
2023-06-04,717893,5039.280056641432,kelly_full
2023-06-05,717878,4551.670463663473,kelly_full
2023-06-05,717883,4283.983216580409,kelly_full
2023-06-05,717887,3592.085779561249,kelly_full
2023-06-06,717867,3358.652210772077,kelly_full
2023-06-07,717855,3676.2643676845755,kelly_full
2023-06-09,717835,3868.41174889613,kelly_full
2023-06-10,717813,2901.3088116720974,kelly_full
2023-06-10,717826,2695.197944881607,kelly_full
2023-06-11,717805,2064.386492293102,kelly_full
2023-06-13,717773,2256.776991281806,kelly_full
2023-06-13,717779,2803.374705427733,kelly_full
2023-06-13,717781,2945.860791536591,kelly_full
2023-06-13,717783,3038.492868924536,kelly_full
2023-06-14,717764,2984.78365580011,kelly_full
2023-06-14,717767,3311.1178371583737,kelly_full
2023-06-14,717784,2483.3383778687803,kelly_full
2023-06-16,717744,2739.6751551319267,kelly_full
2023-06-18,717709,2880.4283396477485,kelly_full
2023-06-20,717683,3054.453159765534,kelly_full
2023-06-20,717685,2461.032689716455,kelly_full
2023-06-20,717688,2519.826494559145,kelly_full
2023-06-21,717674,2935.4565794414298,kelly_full
2023-06-21,717677,3199.1533132638992,kelly_full
2023-06-22,717654,2671.3496356760843,kelly_full
2023-06-22,717661,2442.706167754939,kelly_full
2023-06-23,717648,2884.142374715072,kelly_full
2023-06-23,717655,2613.7120642739646,kelly_full
2023-06-24,717626,2241.994321447059,kelly_full
2023-06-24,717635,1681.4957410852944,kelly_full
2023-06-24,717636,1261.1218058139707,kelly_full
2023-06-24,717637,1015.933668464603,kelly_full
2023-06-25,717613,1037.1530301075866,kelly_full
2023-06-25,717627,1155.7902459065172,kelly_full
2023-06-27,717599,876.386319919677,kelly_full
2023-06-28,717584,737.2402765259869,kelly_full
2023-06-28,717585,935.9149656182135,kelly_full
2023-06-29,717566,861.5959695721205,kelly_full
2023-06-29,717567,721.0749652931066,kelly_full
2023-06-30,717555,794.6220101229239,kelly_full
2023-06-30,717562,976.3934545437619,kelly_full
2023-07-01,717534,1005.1681854406487,kelly_full
2023-07-01,717540,793.225786163559,kelly_full
2023-07-01,717547,891.9415981122919,kelly_full
2023-07-01,717550,850.9073316410763,kelly_full
2023-07-02,717521,786.8389872793393,kelly_full
2023-07-02,717523,716.9100807634143,kelly_full
2023-07-02,717531,688.8767451085411,kelly_full
2023-07-03,717512,599.6628483426856,kelly_full
2023-07-03,717514,576.0885277005334,kelly_full
2023-07-04,717499,432.06639577540005,kelly_full
2023-07-04,717508,420.8608078043199,kelly_full
2023-07-05,717489,317.60399270567825,kelly_full
2023-07-06,717473,338.81830553473355,kelly_full
2023-07-07,717453,272.73675212895165,kelly_full
2023-07-07,717457,254.19052076409992,kelly_full
2023-07-07,717464,313.3702220241873,kelly_full
2023-07-09,717433,352.4896954545636,kelly_full
2023-07-14,717412,321.6712691531228,kelly_full
2023-07-14,717413,316.8069209492311,kelly_full
2023-07-14,717418,286.7831141392155,kelly_full
2023-07-15,717397,304.59226852220235,kelly_full
2023-07-15,717401,312.7635585265159,kelly_full
2023-07-16,717381,251.0413032029789,kelly_full
2023-07-17,717374,265.8460333384045,kelly_full
2023-07-18,717350,293.26538754037887,kelly_full
2023-07-18,717354,347.0057757879798,kelly_full
2023-07-18,717362,293.01750014642874,kelly_full
2023-07-18,717364,282.9358658738251,kelly_full
2023-07-19,717333,235.25950899364585,kelly_full
2023-07-19,717339,257.39950710847563,kelly_full
2023-07-19,717348,300.77488964634034,kelly_full
2023-07-20,717327,255.6101575003168,kelly_full
2023-07-20,717329,237.62617210770196,kelly_full
2023-07-20,717331,259.42988086136825,kelly_full
2023-07-20,717334,292.1817432689095,kelly_full
2023-07-21,717319,434.62034311250284,kelly_full
2023-07-21,717325,447.0961593009613,kelly_full
2023-07-22,717306,533.2592512356897,kelly_full
2023-07-24,717282,643.053905326179,kelly_full
2023-07-25,717256,698.0455495448182,kelly_full
2023-07-25,717261,791.8423559272488,kelly_full
2023-07-27,717241,600.8324352868185,kelly_full
2023-07-28,717230,464.22567234936037,kelly_full
2023-07-29,717222,432.94376418759896,kelly_full
2023-07-30,717203,324.70782314069925,kelly_full
2023-08-02,717155,361.2672895160384,kelly_full
2023-08-02,717157,270.9504671370288,kelly_full
2023-08-02,717159,219.0920371101244,kelly_full
2023-08-02,717160,167.83037097786578,kelly_full
2023-08-03,717145,144.7749273835951,kelly_full
2023-08-03,717146,124.1655271958279,kelly_full
2023-08-03,717147,134.64580162693156,kelly_full
2023-08-03,717148,171.18921160422212,kelly_full
2023-08-05,717109,166.13398590506543,kelly_full
2023-08-05,717120,124.60048942879908,kelly_full
2023-08-05,717122,143.35775786261416,kelly_full
2023-08-06,717098,146.35198769255527,kelly_full
2023-08-06,717101,109.76399076941645,kelly_full
2023-08-07,717092,82.32299307706234,kelly_full
2023-08-08,717079,65.31321370339742,kelly_full
2023-08-08,717080,72.63755197852034,kelly_full
2023-08-09,717062,66.89940177971881,kelly_full
2023-08-09,717065,50.174551334789115,kelly_full
2023-08-09,717071,54.913530923746954,kelly_full
2023-08-11,717042,60.316551730162296,kelly_full
2023-08-11,717046,70.52585143492547,kelly_full
2023-08-12,717026,90.80203372246655,kelly_full
2023-08-12,717033,68.10152529184991,kelly_full
2023-08-13,717012,51.076143968887436,kelly_full
2023-08-13,717014,59.61861689641065,kelly_full
2023-08-13,717015,56.6563023709006,kelly_full
2023-08-13,717027,57.466203191013605,kelly_full
2023-08-14,717002,43.0996523932602,kelly_full
2023-08-15,716980,32.32473929494515,kelly_full
2023-08-15,716985,24.24355447120886,kelly_full
2023-08-15,716990,21.49413134806415,kelly_full
2023-08-15,716991,20.62482984320301,kelly_full
2023-08-15,716992,19.538629732656553,kelly_full
2023-08-16,716965,16.14294788942619,kelly_full
2023-08-16,716967,18.90693339759831,kelly_full
2023-08-16,716974,14.180200048198731,kelly_full
2023-08-17,716958,11.531849140215849,kelly_full
2023-08-18,716953,12.418244375313817,kelly_full
2023-08-18,716954,15.239827944948678,kelly_full
2023-08-18,716956,17.43750200994139,kelly_full
2023-08-19,716915,18.485434295741403,kelly_full
2023-08-19,716932,22.253006557018356,kelly_full
2023-08-19,716934,26.88904958973051,kelly_full
2023-08-20,716923,29.262089640124426,kelly_full
2023-08-20,716924,26.071444929480695,kelly_full
2023-08-22,716901,23.994610489671153,kelly_full
2023-08-23,716878,27.23603385468223,kelly_full
2023-08-23,716879,20.42702539101167,kelly_full
2023-08-24,716873,21.838163991153383,kelly_full
2023-08-25,716855,28.14698957544598,kelly_full
2023-08-25,716861,29.724369427796304,kelly_full
2023-08-25,716863,43.10033567030464,kelly_full
2023-08-25,716866,40.37590017555701,kelly_full
2023-08-26,716840,46.82031123094869,kelly_full
2023-08-26,716843,42.609282132864074,kelly_full
2023-08-26,716844,61.783459092652905,kelly_full
2023-08-27,716819,72.19190014435026,kelly_full
2023-08-27,716829,58.76633374368555,kelly_full
2023-08-28,716809,44.07475030776416,kelly_full
2023-08-28,716817,39.013478501628484,kelly_full
2023-08-29,716798,41.78546148453546,kelly_full
2023-08-29,716801,56.867008819917565,kelly_full
2023-08-29,716806,46.66108925944863,kelly_full
2023-08-30,716779,49.370296328534366,kelly_full
2023-08-30,716780,57.81536640556398,kelly_full
2023-08-30,716782,54.24291534296635,kelly_full
2023-08-30,716794,42.63324214448499,kelly_full
2023-09-01,716761,36.68373333269797,kelly_full
2023-09-02,716741,34.80094881413612,kelly_full
2023-09-02,716745,32.64887190749973,kelly_full
2023-09-02,716753,35.012450749753846,kelly_full
2023-09-03,716725,36.990826102851756,kelly_full
2023-09-04,716722,29.46126926008161,kelly_full
2023-09-05,716706,22.668794042161927,kelly_full
2023-09-05,716714,17.92433521932243,kelly_full
2023-09-06,716690,14.346642062342376,kelly_full
2023-09-06,716691,13.813192703833083,kelly_full
2023-09-06,716695,16.118880896705623,kelly_full
2023-09-06,716701,17.456480892903638,kelly_full
2023-09-08,716667,16.20897194563604,kelly_full
2023-09-08,716672,15.859559432153313,kelly_full
2023-09-09,716650,17.732243575657268,kelly_full
2023-09-09,716654,18.428234926782345,kelly_full
2023-09-10,716633,20.238818979690134,kelly_full
2023-09-11,716590,21.905391619945483,kelly_full
2023-09-11,716629,20.53775105348122,kelly_full
2023-09-12,716617,18.987177195349496,kelly_full
2023-09-16,716554,17.316137898428412,kelly_full
2023-09-16,716560,21.608520447648008,kelly_full
2023-09-16,716566,39.43554981695762,kelly_full
2023-09-16,716581,57.608481667121374,kelly_full
2023-09-17,716544,50.84074483922913,kelly_full
2023-09-18,716529,54.32002279715621,kelly_full
2023-09-18,716531,72.91113129655734,kelly_full
2023-09-19,716515,64.75839081389073,kelly_full
2023-09-19,716517,81.1370477748658,kelly_full
2023-09-19,716522,74.02396758252475,kelly_full
2023-09-20,716495,67.23764950096668,kelly_full
2023-09-20,716505,80.89813408984244,kelly_full
2023-09-22,716482,68.6895848314903,kelly_full
2023-09-23,716464,59.52156474801257,kelly_full
2023-09-24,716447,65.69940924663095,kelly_full
2023-09-26,716437,61.59133456734024,kelly_full
2023-09-27,716420,50.60974398881264,kelly_full
2023-09-28,716404,57.5485105265129,kelly_full
2023-09-29,716395,55.67051176742641,kelly_full
2023-09-30,716372,60.72701930879973,kelly_full
2023-09-30,716383,45.5452644815998,kelly_full
2024-04-29,745832,55.012523380045366,kelly_full
2024-04-30,744942,64.11007240029552,kelly_full
2024-04-30,745426,61.90822099391853,kelly_full
2024-04-30,746073,55.40825253512295,kelly_full
2024-05-01,745023,65.40571374879394,kelly_full
2024-05-01,745996,72.7956633881345,kelly_full
2024-05-02,745830,67.03020782839783,kelly_full
2024-05-02,746070,56.32331524600623,kelly_full
2024-05-05,745103,51.26265594074723,kelly_full
2024-05-05,745504,42.431598018457905,kelly_full
2024-05-05,745587,46.553702487493155,kelly_full
2024-05-05,746883,50.48868243122499,kelly_full
2024-05-06,746313,44.98136241771993,kelly_full
2024-05-06,746639,40.957491648469585,kelly_full
2024-05-07,745508,47.752263139698314,kelly_full
2024-05-07,746147,35.81419735477374,kelly_full
2024-05-08,745507,39.893906889179256,kelly_full
2024-05-08,745906,37.02657334964157,kelly_full
2024-05-08,746312,34.75128874306934,kelly_full
2024-05-08,746640,31.16228238840415,kelly_full
2024-05-08,746879,27.449117158156735,kelly_full
2024-05-09,745748,20.770914533856676,kelly_full
2024-05-09,745910,19.830683671094544,kelly_full
2024-05-09,745995,22.556851958031277,kelly_full
2024-05-10,744940,23.342749236563375,kelly_full
2024-05-11,744943,17.50706192742253,kelly_full
2024-05-11,745096,13.130296445566898,kelly_full
2024-05-13,747128,11.756069530247,kelly_full
2024-05-14,745014,12.411813035764366,kelly_full
2024-05-16,746881,13.111327675636456,kelly_full
2024-05-19,746144,10.165188069903113,kelly_full
2024-05-20,745093,10.809430133737658,kelly_full
2024-05-20,746637,9.814671497497152,kelly_full
2024-05-21,746633,9.642703994646823,kelly_full
2024-05-21,746716,10.599114907001171,kelly_full
2024-05-21,746875,11.283644468504768,kelly_full
2024-05-22,745576,10.810295104272743,kelly_full
2024-05-22,746712,9.463058561362981,kelly_full
2024-05-24,746956,11.317257496464169,kelly_full
2024-05-25,744851,8.688210561579144,kelly_full
2024-05-25,745493,6.516157921184358,kelly_full
2024-05-25,746710,8.101968204259364,kelly_full
2024-05-26,746230,7.287253442267339,kelly_full
2024-05-31,747032,7.75562702866973,kelly_full
2024-06-01,746305,5.816720271502298,kelly_full
2024-06-01,746384,6.79930092213256,kelly_full
2024-06-02,747030,6.18532176103426,kelly_full
2024-06-03,744854,6.544457925994381,kelly_full
2024-06-05,745007,7.076009255040515,kelly_full
2024-06-05,746056,5.62202746340658,kelly_full
2024-06-07,745737,4.299730637882795,kelly_full
2024-06-07,746053,4.533358785681188,kelly_full
2024-06-08,745735,4.184208334962081,kelly_full
2024-06-08,746300,4.412834944287476,kelly_full
2024-06-09,745736,5.244559916718894,kelly_full
2024-06-11,745170,3.9334199375391705,kelly_full
2024-06-11,747027,5.088862044191302,kelly_full
2024-06-12,745328,4.976921563346873,kelly_full
2024-06-12,745978,5.659288352348779,kelly_full
2024-06-15,746381,4.997735432166943,kelly_full
2024-06-16,744839,5.684519399562067,kelly_full
2024-06-16,744926,5.24675950716686,kelly_full
2024-06-16,747109,4.037404061914282,kelly_full
2024-06-18,744917,3.6125831251339315,kelly_full
2024-06-20,745164,3.827397305941596,kelly_full
2024-06-20,745734,3.759345912757282,kelly_full
2024-06-20,745889,3.62422417647398,kelly_full
2024-06-21,745483,2.8411942599600386,kelly_full
2024-06-21,745729,2.4988991747105773,kelly_full
2024-06-21,746698,2.6171936676994303,kelly_full
2024-06-22,745402,2.7045104473068484,kelly_full
2024-06-23,745727,2.3549323424531527,kelly_full
2024-06-24,747021,2.1794373011237833,kelly_full
2024-06-25,745322,2.541234078149503,kelly_full
2024-06-25,746697,2.421857127524571,kelly_full
2024-06-28,746292,2.7251669660341444,kelly_full
2024-06-28,747017,2.955563009739805,kelly_full
2024-06-29,745972,2.519262040012542,kelly_full
2024-06-29,746211,2.741803854994147,kelly_full
2024-06-29,746289,2.6136853264366073,kelly_full
2024-06-30,744916,2.3140715110033936,kelly_full
2024-06-30,745154,2.5178521393241855,kelly_full
2024-07-01,744840,2.2948301381727005,kelly_full
2024-07-03,744998,2.155485850739077,kelly_full
2024-07-03,745234,2.011503802722369,kelly_full
2024-07-04,744834,2.1329330968207034,kelly_full
2024-07-04,746285,1.975298451082014,kelly_full
2024-07-06,744995,2.128373451929029,kelly_full
2024-07-06,745476,1.7009216644491654,kelly_full
2024-07-06,746129,1.7741074136423987,kelly_full
2024-07-07,744832,1.5361666361908461,kelly_full
2024-07-07,746122,1.1521249771431346,kelly_full
2024-07-07,746691,0.9090258636602052,kelly_full
2024-07-09,745074,0.9949128862389284,kelly_full
2024-07-09,746206,0.8191311389362251,kelly_full
2024-07-10,745394,0.6967077658239912,kelly_full
2024-07-10,746205,0.9297920293919715,kelly_full
2024-07-12,747012,0.7836186817105742,kelly_full
2024-07-13,745392,0.860341171765226,kelly_full
2024-07-13,746202,1.0316056279709025,kelly_full
2024-07-14,746201,1.311066743161665,kelly_full
2024-07-20,744830,1.3690969788284737,kelly_full
2024-07-20,744994,1.2494120071799095,kelly_full
2024-07-20,747093,1.3927795375524348,kelly_full
2024-07-20,747096,1.217475704963233,kelly_full
2024-07-21,744991,1.356527869322605,kelly_full
2024-07-21,746125,1.4070868518722763,kelly_full
2024-07-21,746528,1.1022997494444315,kelly_full
2024-07-22,746034,0.9172560255507015,kelly_full
2024-07-23,746848,0.7996545849548407,kelly_full
2024-07-24,744905,0.8980680393058095,kelly_full
2024-07-25,744907,0.8418787572577553,kelly_full
2024-07-25,745794,0.8955728022584479,kelly_full
2024-07-27,745793,0.671679601693836,kelly_full
2024-07-29,746444,0.5431638426813968,kelly_full
2024-07-29,746684,0.5867390270461769,kelly_full
2024-07-30,746365,0.503347869856899,kelly_full
2024-07-30,746683,0.5901966769354986,kelly_full
2024-07-30,746926,0.52697513709529,kelly_full
2024-07-31,745789,0.469402090388549,kelly_full
2024-07-31,746925,0.5310671188457103,kelly_full
2024-08-01,746607,0.5557706642380107,kelly_full
2024-08-02,744825,0.5027930511914969,kelly_full
2024-08-02,746605,0.5595565979411602,kelly_full
2024-08-02,746845,0.5778913971789659,kelly_full
2024-08-04,746680,0.5428419979036763,kelly_full
2024-08-05,745184,0.5058568633397694,kelly_full
2024-08-07,745142,0.5286250778837215,kelly_full
2024-08-07,746031,0.5994172575136032,kelly_full
2024-08-07,746115,0.5543537325954956,kelly_full
2024-08-07,746272,0.5266326318579395,kelly_full
2024-08-08,744819,0.48856059812984115,kelly_full
2024-08-10,745873,0.4671279431137066,kelly_full
2024-08-10,746026,0.736080395209477,kelly_full
2024-08-11,745872,0.6799762597205238,kelly_full
2024-08-11,746114,0.6961172227986272,kelly_full
2024-08-14,746677,0.7309883230390573,kelly_full
2024-08-16,746438,0.5698786079341278,kelly_full
2024-08-17,746997,0.5393671423413211,kelly_full
2024-08-18,745464,0.44256119136337635,kelly_full
2024-08-18,746431,0.4174700947434544,kelly_full
2024-08-21,744893,0.39243569572717457,kelly_full
2024-08-23,746995,0.4678263527768836,kelly_full
2024-08-24,745457,0.4130924344462769,kelly_full
2024-08-24,746996,0.5506305874936638,kelly_full
2024-08-25,745459,0.5797343994278776,kelly_full
2024-08-27,745213,0.6270748907934502,kelly_full
2024-08-28,745943,0.6422403404402303,kelly_full
2024-08-28,746589,0.5962453854667067,kelly_full
2024-08-29,746102,0.6536146110286457,kelly_full
2024-08-31,746182,0.9117923823849607,kelly_full
2024-09-01,745292,0.8294452806889014,kelly_full
2024-09-01,746426,0.8503029134796624,kelly_full
2024-09-02,745046,0.8917476607769198,kelly_full
2024-09-02,745779,0.9242809249035884,kelly_full
2024-09-02,746265,0.6932106936776913,kelly_full
2024-09-02,746668,0.5199080202582684,kelly_full
2024-09-03,745047,0.40965777963673505,kelly_full
2024-09-03,746020,0.39275066084335514,kelly_full
2024-09-03,746264,0.35974091627947136,kelly_full
2024-09-03,746834,0.3021046451916552,kelly_full
2024-09-04,745776,0.3139303022221872,kelly_full
2024-09-04,746178,0.3971991580542251,kelly_full
2024-09-05,745042,0.4339385982338482,kelly_full
2024-09-05,745451,0.41229212466037934,kelly_full
2024-09-06,745777,0.43518890406260424,kelly_full
2024-09-07,745125,0.5191128569192336,kelly_full
2024-09-07,746018,0.47415071874322395,kelly_full
2024-09-07,746259,0.5222063312598209,kelly_full
2024-09-07,746986,0.43091167848961787,kelly_full
2024-09-08,745128,0.35388544571618175,kelly_full
2024-09-08,745368,0.3071335499579447,kelly_full
2024-09-08,747072,0.23035016246845852,kelly_full
2024-09-11,745285,0.25183536777760784,kelly_full
2024-09-12,746591,0.2364497503419709,kelly_full
2024-09-13,744882,0.24609130355374728,kelly_full
2024-09-14,746584,0.27678391852066914,kelly_full
2024-09-15,744883,0.2887795696475644,kelly_full
2024-09-15,746585,0.3232582102356643,kelly_full
2024-09-16,745130,0.4158343756042315,kelly_full
2024-09-16,746588,0.43375376353296136,kelly_full
2024-09-17,745122,0.4558394109072183,kelly_full
2024-09-17,745366,0.416957769410904,kelly_full
2024-09-17,746987,0.32522436412831657,kelly_full
2024-09-18,745040,0.30856790454995586,kelly_full
2024-09-18,745365,0.32420464215440536,kelly_full
2024-09-18,746254,0.24315348161580402,kelly_full
2024-09-21,745124,0.2585190788449265,kelly_full
2024-09-21,746983,0.24824685911533256,kelly_full
2024-09-22,745767,0.3110805280850441,kelly_full
2024-09-22,746253,0.25883282802262486,kelly_full
2024-09-24,745526,0.22207148889070502,kelly_full
2024-09-24,746336,0.2377680931427241,kelly_full
2024-09-25,746331,0.22425610875304824,kelly_full
2024-09-27,746580,0.24303984704313436,kelly_full
2024-09-28,746578,0.2802068279674159,kelly_full
2024-09-28,746902,0.21015512097556194,kelly_full
2024-09-29,747061,0.15761634073167147,kelly_full
2024-10-02,775341,0.1182122555487536,kelly_full
2025-05-14,777915,0.11146413934436375,kelly_full
2025-05-25,777774,0.11999178839307342,kelly_full
2025-05-25,777776,0.11165689247660403,kelly_full
2025-05-27,777746,0.10625698769725293,kelly_full
2025-05-29,777723,0.09983904938083832,kelly_full
2025-05-29,777735,0.10611055499526624,kelly_full
2025-06-05,777637,0.11388165968584188,kelly_full
2025-06-10,777560,0.12103526814394888,kelly_full
2025-06-19,777451,0.12926612604632973,kelly_full
2025-06-19,777464,0.120894137952089,kelly_full
2025-07-02,777277,0.10653769846296979,kelly_full
2025-07-02,777279,0.11462468174785226,kelly_full
2025-07-08,777192,0.1021534568921623,kelly_full
2025-07-13,777125,0.09113683697217945,kelly_full
2025-07-18,777101,0.09852806730630989,kelly_full
2025-07-18,777110,0.10601300325859134,kelly_full
2025-07-19,777089,0.11447465024008949,kelly_full
2025-07-19,777095,0.12338829729609838,kelly_full
2025-07-20,777076,0.10812672154080002,kelly_full
2025-07-20,777083,0.09607659894165022,kelly_full
2025-07-21,777060,0.10550374876975147,kelly_full
2025-07-26,776990,0.09386321056552462,kelly_full
2025-07-26,777010,0.1024220564042077,kelly_full
2025-07-28,776970,0.09218526586343376,kelly_full
2025-08-01,776922,0.08056849791376355,kelly_full
2025-08-01,776924,0.07504620074956878,kelly_full
2025-08-02,776907,0.07988362753774952,kelly_full
2025-08-02,776912,0.08673385155788706,kelly_full
2025-08-05,776848,0.09475676289019655,kelly_full
2025-08-06,776851,0.08354430180029536,kelly_full
2025-08-09,776813,0.07549975780225084,kelly_full
2025-08-10,776789,0.08311266004458823,kelly_full
2025-08-18,777459,0.08876971153212931,kelly_full
2025-08-20,776661,0.07566028923713218,kelly_full
2025-08-20,776663,0.06879512345924159,kelly_full
2025-08-21,776657,0.06315403980862035,kelly_full
2025-08-27,776557,0.05494986976276373,kelly_full
2025-09-04,776461,0.05781727233015033,kelly_full
2025-09-05,776460,0.06247222603647026,kelly_full
2025-09-09,776393,0.06731961412920409,kelly_full
2025-09-09,776397,0.06189600089842048,kelly_full
2025-09-10,776375,0.05545509115445007,kelly_full
2025-09-11,776369,0.059657433833804285,kelly_full
2025-09-17,776283,0.05601795619531515,kelly_full
2025-09-17,776288,0.06113959993540495,kelly_full
2026-04-19,823718,0.05640007102819592,kelly_full
2026-04-19,824452,0.05992472647677226,kelly_full
2026-04-19,824691,0.06286691924077473,kelly_full
2026-04-20,824692,0.06829082947280103,kelly_full
2023-04-28,718388,1078.669548034668,kelly_quarter
2023-04-29,718369,1048.9815218471308,kelly_quarter
2023-04-29,718378,1151.4936055167818,kelly_quarter
2023-04-29,718401,1023.9569725071988,kelly_quarter
2023-04-30,718363,1090.8742823533341,kelly_quarter
2023-05-01,718351,1118.1299514155592,kelly_quarter
2023-05-01,718361,1043.6213934703019,kelly_quarter
2023-05-02,718335,1169.4013137252657,kelly_quarter
2023-05-02,718338,1209.645166411459,kelly_quarter
2023-05-03,718323,1272.38361752796,kelly_quarter
2023-05-03,718330,1200.1607177652468,kelly_quarter
2023-05-03,718348,1353.7739471458817,kelly_quarter
2023-05-05,718303,1305.5881447205516,kelly_quarter
2023-05-06,718286,1270.884972453226,kelly_quarter
2023-05-06,718287,1255.1096017343928,kelly_quarter
2023-05-06,718288,1408.2967600514978,kelly_quarter
2023-05-07,718267,1290.086111188789,kelly_quarter
2023-05-07,718269,1283.6882830495356,kelly_quarter
2023-05-07,718276,1416.534374730073,kelly_quarter
2023-05-09,718250,1324.9773578422212,kelly_quarter
2023-05-09,718252,1400.4569746580385,kelly_quarter
2023-05-10,718230,1559.1964827503198,kelly_quarter
2023-05-10,718235,1603.0924740511505,kelly_quarter
2023-05-11,718216,1620.5957374593645,kelly_quarter
2023-05-12,718205,1665.6223125012323,kelly_quarter
2023-05-12,718208,1639.4342907385421,kelly_quarter
2023-05-12,718212,1703.0679028807174,kelly_quarter
2023-05-13,718188,1647.7854308171522,kelly_quarter
2023-05-14,718174,1735.6444201688337,kelly_quarter
2023-05-14,718178,1670.6091565931313,kelly_quarter
2023-05-15,718163,1651.8102907941775,kelly_quarter
2023-05-15,718171,1617.9398755406276,kelly_quarter
2023-05-16,718148,1745.7486945824264,kelly_quarter
2023-05-16,718152,1661.2012194544673,kelly_quarter
2023-05-17,718132,1627.1904893641668,kelly_quarter
2023-05-17,718138,1598.7554400063796,kelly_quarter
2023-05-19,718119,1547.0054691717428,kelly_quarter
2023-05-21,718078,1388.254156676841,kelly_quarter
2023-05-21,718099,1352.8167880002752,kelly_quarter
2023-05-22,718071,1475.507034874349,kelly_quarter
2023-05-23,718051,1503.8175493574547,kelly_quarter
2023-05-23,718061,1514.0546798179168,kelly_quarter
2023-05-24,718042,1497.9891166995756,kelly_quarter
2023-05-24,718046,1512.3132739631153,kelly_quarter
2023-05-27,717997,1371.6472381961496,kelly_quarter
2023-05-27,718000,1379.489456289923,kelly_quarter
2023-05-27,718002,1527.2103435943732,kelly_quarter
2023-05-27,718004,1464.3778497174903,kelly_quarter
2023-05-27,718008,1530.504200097939,kelly_quarter
2023-05-30,717952,1506.3642075998096,kelly_quarter
2023-05-30,717962,1461.3349383903549,kelly_quarter
2023-05-31,717939,1473.9219113201668,kelly_quarter
2023-05-31,717944,1487.5423311889774,kelly_quarter
2023-06-02,717926,1443.3818204542206,kelly_quarter
2023-06-02,717931,1374.4330142014423,kelly_quarter
2023-06-03,717910,1566.6539102426168,kelly_quarter
2023-06-03,717912,1599.4061655332364,kelly_quarter
2023-06-03,717918,1723.9996306618857,kelly_quarter
2023-06-04,717893,1702.5501628730565,kelly_quarter
2023-06-05,717878,1661.3647265303707,kelly_quarter
2023-06-05,717883,1636.9381916133482,kelly_quarter
2023-06-05,717887,1570.8435501268602,kelly_quarter
2023-06-06,717867,1545.3230281781643,kelly_quarter
2023-06-07,717855,1581.8565354680866,kelly_quarter
2023-06-09,717835,1602.5262670449545,kelly_quarter
2023-06-10,717813,1413.7190674996586,kelly_quarter
2023-06-10,717826,1388.6111867711102,kelly_quarter
2023-06-11,717805,1307.3600265853404,kelly_quarter
2023-06-13,717773,1337.8198809793266,kelly_quarter
2023-06-13,717779,1418.825812414641,kelly_quarter
2023-06-13,717781,1436.8543457114713,kelly_quarter
2023-06-13,717783,1448.1497541137915,kelly_quarter
2023-06-14,717764,1441.750283460491,kelly_quarter
2023-06-14,717767,1481.1578630987883,kelly_quarter
2023-06-14,717784,1316.2284648116183,kelly_quarter
2023-06-16,717744,1350.1946135469939,kelly_quarter
2023-06-18,717709,1367.5364680381058,kelly_quarter
2023-06-20,717683,1388.1918411104964,kelly_quarter
2023-06-20,717685,1320.7672145258377,kelly_quarter
2023-06-20,717688,1328.6554610105281,kelly_quarter
2023-06-21,717674,1383.4438743429043,kelly_quarter
2023-06-21,717677,1414.5131152955626,kelly_quarter
2023-06-22,717654,1356.1707078565535,kelly_quarter
2023-06-22,717661,1327.1517084717239,kelly_quarter
2023-06-23,717648,1387.111111692422,kelly_quarter
2023-06-23,717655,1354.5956495710045,kelly_quarter
2023-06-24,717626,1306.433569651774,kelly_quarter
2023-06-24,717635,1180.8204516920296,kelly_quarter
2023-06-24,717636,1092.1163563776936,kelly_quarter
2023-06-24,717637,1039.0338599141196,kelly_quarter
2023-06-25,717613,1044.4593212206003,kelly_quarter
2023-06-25,717627,1074.32756204134,kelly_quarter
2023-06-27,717599,1009.3998340878156,kelly_quarter
2023-06-28,717584,969.3336013308849,kelly_quarter
2023-06-28,717585,1034.6386511236553,kelly_quarter
2023-06-29,717566,1014.0990431873716,kelly_quarter
2023-06-29,717567,972.7507137442091,kelly_quarter
2023-06-30,717555,997.5549795263739,kelly_quarter
2023-06-30,717562,1054.6031757780918,kelly_quarter
2023-07-01,717534,1062.3730769497963,kelly_quarter
2023-07-01,717540,1006.372026051678,kelly_quarter
2023-07-01,717547,1037.6824150377272,kelly_quarter
2023-07-01,717550,1025.7476267003321,kelly_quarter
2023-07-02,717521,1006.4394277543533,kelly_quarter
2023-07-02,717523,984.0780521123284,kelly_quarter
2023-07-02,717531,974.4579508312576,kelly_quarter
2023-07-03,717512,942.9083334122412,kelly_quarter
2023-07-03,717514,933.6412829982247,kelly_quarter
2023-07-04,717499,825.795523175591,kelly_quarter
2023-07-04,717508,820.4412972559488,kelly_quarter
2023-07-05,717489,770.1181537372987,kelly_quarter
2023-07-06,717473,782.9781364547212,kelly_quarter
2023-07-07,717453,744.8010289206153,kelly_quarter
2023-07-07,717457,732.1393211609196,kelly_quarter
2023-07-07,717464,774.7528165194626,kelly_quarter
2023-07-09,717433,798.9318227641937,kelly_quarter
2023-07-14,717412,781.4690275270292,kelly_quarter
2023-07-14,717413,778.5146624461378,kelly_quarter
2023-07-14,717418,760.0696946452347,kelly_quarter
2023-07-15,717397,771.869725632411,kelly_quarter
2023-07-15,717401,777.0464586173724,kelly_quarter
2023-07-16,717381,738.7099432133842,kelly_quarter
2023-07-17,717374,749.6009810805546,kelly_quarter
2023-07-18,717350,768.9294383762027,kelly_quarter
2023-07-18,717354,804.1556944474696,kelly_quarter
2023-07-18,717362,772.8774115485998,kelly_quarter
2023-07-18,717364,766.2294575894542,kelly_quarter
2023-07-19,717333,733.9509154547219,kelly_quarter
2023-07-19,717339,751.2187316994884,kelly_quarter
2023-07-19,717348,782.8664223100059,kelly_quarter
2023-07-20,717327,753.4773729853415,kelly_quarter
2023-07-20,717329,740.224255227866,kelly_quarter
2023-07-20,717331,757.2043230485024,kelly_quarter
2023-07-20,717334,781.1027380272807,kelly_quarter
2023-07-21,717319,878.4133475727965,kelly_quarter
2023-07-21,717325,884.7170811850598,kelly_quarter
2023-07-22,717306,927.342116994783,kelly_quarter
2023-07-24,717282,975.0755631202134,kelly_quarter
2023-07-25,717256,995.9217970087229,kelly_quarter
2023-07-25,717261,1029.3774518821704,kelly_quarter
2023-07-27,717241,967.3002897042209,kelly_quarter
2023-07-28,717230,912.3183373309773,kelly_quarter
2023-07-29,717222,896.9491644574439,kelly_quarter
2023-07-30,717203,828.1092161616854,kelly_quarter
2023-08-02,717155,851.4188108848259,kelly_quarter
2023-08-02,717157,797.9632983427739,kelly_quarter
2023-08-02,717159,759.7818510948728,kelly_quarter
2023-08-02,717160,715.3397023774845,kelly_quarter
2023-08-03,717145,690.7725247224319,kelly_quarter
2023-08-03,717146,666.1888353053441,kelly_quarter
2023-08-03,717147,680.2463639419477,kelly_quarter
2023-08-03,717148,726.4017610332887,kelly_quarter
2023-08-05,717109,721.0390912483815,kelly_quarter
2023-08-05,717120,631.7499039068391,kelly_quarter
2023-08-05,717122,655.5256984180414,kelly_quarter
2023-08-06,717098,658.9485940983319,kelly_quarter
2023-08-06,717101,615.0118759886782,kelly_quarter
2023-08-07,717092,571.8944789314263,kelly_quarter
2023-08-08,717079,542.3529178558515,kelly_quarter
2023-08-08,717080,557.5580195865507,kelly_quarter
2023-08-09,717062,546.5466639798803,kelly_quarter
2023-08-09,717065,495.8923197713512,kelly_quarter
2023-08-09,717071,507.60156040828724,kelly_quarter
2023-08-11,717042,520.0874711943885,kelly_quarter
2023-08-11,717046,542.0952315595284,kelly_quarter
2023-08-12,717026,589.5710453219771,kelly_quarter
2023-08-12,717033,531.2305401520348,kelly_quarter
2023-08-13,717012,481.0237968862147,kelly_quarter
2023-08-13,717014,501.13657578402047,kelly_quarter
2023-08-13,717015,494.9114894142344,kelly_quarter
2023-08-13,717027,496.6801771170424,kelly_quarter
2023-08-14,717002,461.11540244832685,kelly_quarter
2023-08-15,716980,431.6261020448794,kelly_quarter
2023-08-15,716985,404.4358568303961,kelly_quarter
2023-08-15,716990,392.9692493046837,kelly_quarter
2023-08-15,716991,388.99596987490713,kelly_quarter
2023-08-15,716992,383.8743825855519,kelly_quarter
2023-08-16,716965,367.19568903253946,kelly_quarter
2023-08-16,716967,382.9134434678059,kelly_quarter
2023-08-16,716974,352.6612355300512,kelly_quarter
2023-08-17,716958,336.1951296191368,kelly_quarter
2023-08-18,716953,342.6555367345556,kelly_quarter
2023-08-18,716954,362.1194642285377,kelly_quarter
2023-08-18,716956,375.1744107449761,kelly_quarter
2023-08-19,716915,380.8110750103266,kelly_quarter
2023-08-19,716932,400.21463919013183,kelly_quarter
2023-08-19,716934,422.58923968006354,kelly_quarter
2023-08-20,716923,431.91293469650344,kelly_quarter
2023-08-20,716924,420.13933327657634,kelly_quarter
2023-08-22,716901,411.7723263919603,kelly_quarter
2023-08-23,716878,425.67887053451284,kelly_quarter
2023-08-23,716879,388.1048680927663,kelly_quarter
2023-08-24,716873,394.80762766966484,kelly_quarter
2023-08-25,716855,423.3216142772988,kelly_quarter
2023-08-25,716861,429.252434904098,kelly_quarter
2023-08-25,716863,490.4896145272666,kelly_quarter
2023-08-25,716866,482.7384723676949,kelly_quarter
2023-08-26,716840,502.00098499690307,kelly_quarter
2023-08-26,716843,490.7134652244386,kelly_quarter
2023-08-26,716844,560.9141563907046,kelly_quarter
2023-08-27,716819,584.5379628981225,kelly_quarter
2023-08-27,716829,557.3612532571996,kelly_quarter
2023-08-28,716809,507.6175532947251,kelly_quarter
2023-08-28,716817,493.04463800394024,kelly_quarter
2023-08-29,716798,501.80258140485614,kelly_quarter
2023-08-29,716801,547.0812448179378,kelly_quarter
2023-08-29,716806,522.5350831087189,kelly_quarter
2023-08-30,716779,530.1198596509681,kelly_quarter
2023-08-30,716780,552.7898641724421,kelly_quarter
2023-08-30,716782,544.2505481547804,kelly_quarter
2023-08-30,716794,515.1289063596245,kelly_quarter
2023-09-01,716761,497.15722620211824,kelly_quarter
2023-09-02,716741,490.7781049694508,kelly_quarter
2023-09-02,716745,483.19072400730806,kelly_quarter
2023-09-02,716753,491.93573804081575,kelly_quarter
2023-09-03,716725,498.88493410255404,kelly_quarter
2023-09-04,716722,473.4976768750301,kelly_quarter
2023-09-05,716706,446.20573293735,kelly_quarter
2023-09-05,716714,422.8586073414897,kelly_quarter
2023-09-06,716690,401.7579873276313,kelly_quarter
2023-09-06,716691,398.02335835165553,kelly_quarter
2023-09-06,716695,414.6328015396925,kelly_quarter
2023-09-06,716701,423.23471437280386,kelly_quarter
2023-09-08,716667,415.67320904687995,kelly_quarter
2023-09-08,716672,413.43306973934654,kelly_quarter
2023-09-09,716650,425.6375316194695,kelly_quarter
2023-09-09,716654,429.81410464387875,kelly_quarter
2023-09-10,716633,440.3714717313262,kelly_quarter
2023-09-11,716590,449.4371075161131,kelly_quarter
2023-09-11,716629,442.42207177767733,kelly_quarter
2023-09-12,716617,434.0714970607506,kelly_quarter
2023-09-16,716554,424.5209656442173,kelly_quarter
2023-09-16,716560,450.82888712471197,kelly_quarter
2023-09-16,716566,590.0442992688141,kelly_quarter
2023-09-16,716581,658.0212571720286,kelly_quarter
2023-09-17,716544,638.6954801040283,kelly_quarter
2023-09-18,716529,649.6227349700847,kelly_quarter
2023-09-18,716531,705.2063214985997,kelly_quarter
2023-09-19,716515,685.4927193926017,kelly_quarter
2023-09-19,716517,728.8363307728009,kelly_quarter
2023-09-19,716522,712.8625203802181,kelly_quarter
2023-09-20,716495,696.5241911548626,kelly_quarter
2023-09-20,716505,731.901907544671,kelly_quarter
2023-09-22,716482,704.28859918141,kelly_quarter
2023-09-23,716464,680.7881950164273,kelly_quarter
2023-09-24,716447,698.4532363468763,kelly_quarter
2023-09-26,716437,687.5349568379461,kelly_quarter
2023-09-27,716420,656.88848904561,kelly_quarter
2023-09-28,716404,679.4038957022693,kelly_quarter
2023-09-29,716395,673.8610951094565,kelly_quarter
2023-09-30,716372,689.162659623063,kelly_quarter
2023-09-30,716383,613.8805115204506,kelly_quarter
2024-04-29,745832,645.781554369934,kelly_quarter
2024-04-30,744942,672.4801540081796,kelly_quarter
2024-04-30,745426,666.7060949663406,kelly_quarter
2024-04-30,746073,649.2061227534673,kelly_quarter
2024-05-01,745023,678.4906279261908,kelly_quarter
2024-05-01,745996,697.6556644488278,kelly_quarter
2024-05-02,745830,683.8419888046757,kelly_quarter
2024-05-02,746070,656.5340669189003,kelly_quarter
2024-05-05,745103,641.7866429592983,kelly_quarter
2024-05-05,745504,614.1463709439533,kelly_quarter
2024-05-05,745587,629.0619976144867,kelly_quarter
2024-05-05,746883,642.3549593538988,kelly_quarter
2024-05-06,746313,624.8378933844962,kelly_quarter
2024-05-06,746639,610.8639561826776,kelly_quarter
2024-05-07,745508,636.1992539965291,kelly_quarter
2024-05-07,746147,579.7755702646471,kelly_quarter
2024-05-08,745507,596.2865917067401,kelly_quarter
2024-05-08,745906,585.5722202845149,kelly_quarter
2024-05-08,746312,576.5763604309147,kelly_quarter
2024-05-08,746640,561.689601576907,kelly_quarter
2024-05-08,746879,544.9574646880587,kelly_quarter
2024-05-09,745748,511.8112586567088,kelly_quarter
2024-05-09,745910,506.019256329202,kelly_quarter
2024-05-09,745995,523.4101551008206,kelly_quarter
2024-05-10,744940,527.9691535951044,kelly_quarter
2024-05-11,744943,473.6294093487057,kelly_quarter
2024-05-11,745096,421.1793050100309,kelly_quarter
2024-05-13,747128,410.1590675858422,kelly_quarter
2024-05-14,745014,415.8786480992628,kelly_quarter
2024-05-16,746881,421.7382514045452,kelly_quarter
2024-05-19,746144,398.0469099085868,kelly_quarter
2024-05-20,745093,404.353693437308,kelly_quarter
2024-05-20,746637,395.05083649513017,kelly_quarter
2024-05-21,746633,393.3203683417048,kelly_quarter
2024-05-21,746716,403.0732315567862,kelly_quarter
2024-05-21,746875,409.5812170082212,kelly_quarter
2024-05-22,745576,405.28572965009477,kelly_quarter
2024-05-22,746712,392.6585131856561,kelly_quarter
2024-05-24,746956,411.89296556397875,kelly_quarter
2024-05-25,744851,387.9718446794578,kelly_quarter
2024-05-25,745493,348.6929169921882,kelly_quarter
2024-05-25,746710,369.90790364881633,kelly_quarter
2024-05-26,746230,360.6086376531235,kelly_quarter
2024-05-31,747032,366.402986725904,kelly_quarter
2024-06-01,746305,343.1649876358666,kelly_quarter
2024-06-01,746384,357.6571439149277,kelly_quarter
2024-06-02,747030,349.5830038049167,kelly_quarter
2024-06-03,744854,354.6574325966674,kelly_quarter
2024-06-05,745007,361.85889342752006,kelly_quarter
2024-06-05,746056,343.2701584774622,kelly_quarter
2024-06-07,745737,323.0859347340603,kelly_quarter
2024-06-07,746053,327.4746961977783,kelly_quarter
2024-06-08,745735,321.169330618856,kelly_quarter
2024-06-08,746300,325.5565318048697,kelly_quarter
2024-06-09,745736,340.8966420094671,kelly_quarter
2024-06-11,745170,315.7184471442054,kelly_quarter
2024-06-11,747027,339.6112164947158,kelly_quarter
2024-06-12,745328,337.74359645783676,kelly_quarter
2024-06-12,745978,349.3202814873024,kelly_quarter
2024-06-15,746381,339.111672298801,kelly_quarter
2024-06-16,744839,350.76177177147287,kelly_quarter
2024-06-16,744926,344.00880706706613,kelly_quarter
2024-06-16,747109,324.18567035415214,kelly_quarter
2024-06-18,744917,315.6578602775135,kelly_quarter
2024-06-20,745164,320.3503325558158,kelly_quarter
2024-06-20,745734,318.926369697058,kelly_quarter
2024-06-20,745889,316.06058627222353,kelly_quarter
2024-06-21,745483,298.9890088510066,kelly_quarter
2024-06-21,745729,289.98377558382174,kelly_quarter
2024-06-21,746698,293.41563510569046,kelly_quarter
2024-06-22,745402,295.8629232697352,kelly_quarter
2024-06-23,745727,286.30230203825676,kelly_quarter
2024-06-24,747021,280.96832349637674,kelly_quarter
2024-06-25,745322,292.6288371797589,kelly_quarter
2024-06-25,746697,289.19220588437685,kelly_quarter
2024-06-28,746292,298.24670793036177,kelly_quarter
2024-06-28,747017,304.55043742765855,kelly_quarter
2024-06-29,745972,293.3109840018079,kelly_quarter
2024-06-29,746211,299.7884720218193,kelly_quarter
2024-06-29,746289,296.2863562665303,kelly_quarter
2024-06-30,744916,287.79532974892277,kelly_quarter
2024-06-30,745154,294.13125247701896,kelly_quarter
2024-07-01,744840,287.6179887011103,kelly_quarter
2024-07-03,744998,283.2518786542289,kelly_quarter
2024-07-03,745234,278.521717055252,kelly_quarter
2024-07-04,744834,282.7251263959779,kelly_quarter
2024-07-04,746285,277.5014188161097,kelly_quarter
2024-07-06,744995,282.8776354958038,kelly_quarter
2024-07-06,745476,268.67470616247095,kelly_quarter
2024-07-06,746129,271.5647804190858,kelly_quarter
2024-07-07,744832,262.45930934043304,kelly_quarter
2024-07-07,746122,231.5487018759189,kelly_quarter
2024-07-07,746691,219.33447050543498,kelly_quarter
2024-07-09,745074,224.51528696337962,kelly_quarter
2024-07-09,746206,214.59841635479225,kelly_quarter
2024-07-10,745394,206.58020634362862,kelly_quarter
2024-07-10,746205,223.85810879616506,kelly_quarter
2024-07-12,747012,215.05988076936637,kelly_quarter
2024-07-13,745392,220.3238981889946,kelly_quarter
2024-07-13,746202,231.2886334157861,kelly_quarter
2024-07-14,746201,246.95260850296597,kelly_quarter
2024-07-20,744830,249.68525314991228,kelly_quarter
2024-07-20,744994,244.22844970457072,kelly_quarter
2024-07-20,747093,251.23463130832508,kelly_quarter
2024-07-20,747096,243.32914580972255,kelly_quarter
2024-07-21,744991,250.27701430488503,kelly_quarter
2024-07-21,746125,252.60902522131818,kelly_quarter
2024-07-21,746528,238.92970387347776,kelly_quarter
2024-07-22,746034,228.90238549300594,kelly_quarter
2024-07-23,746848,221.56548893960232,kelly_quarter
2024-07-24,744905,228.3825026670791,kelly_quarter
2024-07-25,744907,224.8102096181247,kelly_quarter
2024-07-25,745794,228.39474284449136,kelly_quarter
2024-07-27,745793,201.76443634486338,kelly_quarter
2024-07-29,746444,192.11329106175992,kelly_quarter
2024-07-29,746684,195.96635132605076,kelly_quarter
2024-07-30,746365,189.00334901414138,kelly_quarter
2024-07-30,746683,197.15611789364664,kelly_quarter
2024-07-30,746926,191.8763044648105,kelly_quarter
2024-07-31,745789,186.63559069045655,kelly_quarter
2024-07-31,746925,192.76513785625613,kelly_quarter
2024-08-01,746607,195.00684241868288,kelly_quarter
2024-08-02,744825,190.35969310699522,kelly_quarter
2024-08-02,746605,195.7324261396635,kelly_quarter
2024-08-02,746845,197.33580046801728,kelly_quarter
2024-08-04,746680,194.34367197481077,kelly_quarter
2024-08-05,745184,191.03339620055704,kelly_quarter
2024-08-07,745142,193.18296145555718,kelly_quarter
2024-08-07,746031,199.65060907622234,kelly_quarter
2024-08-07,746115,195.89823121078462,kelly_quarter
2024-08-07,746272,193.44920170020595,kelly_quarter
2024-08-08,744819,189.95292930543405,kelly_quarter
2024-08-10,745873,187.86966900021721,kelly_quarter
2024-08-10,746026,218.72107685231342,kelly_quarter
2024-08-11,745872,214.55334021312478,kelly_quarter
2024-08-11,746114,215.82658229075525,kelly_quarter
2024-08-14,746677,218.52947130826615,kelly_quarter
2024-08-16,746438,206.48850575695172,kelly_quarter
2024-08-17,746997,203.72464216784786,kelly_quarter
2024-08-18,745464,194.5834857205481,kelly_quarter
2024-08-18,746431,191.8254981607856,kelly_quarter
2024-08-21,744893,188.94970171277603,kelly_quarter
2024-08-23,746995,198.02446371618973,kelly_quarter
2024-08-24,745457,192.23243492165466,kelly_quarter
2024-08-24,746996,208.23326902696,kelly_quarter
2024-08-25,745459,210.98483334151823,kelly_quarter
2024-08-27,745213,215.2920323325251,kelly_quarter
2024-08-28,745943,216.59371117648288,kelly_quarter
2024-08-28,746589,212.71579454394856,kelly_quarter
2024-08-29,746102,217.83253871305723,kelly_quarter
2024-08-31,746182,242.00326002955893,kelly_quarter
2024-09-01,745292,236.53922363009212,kelly_quarter
2024-09-01,746426,238.02625610286432,kelly_quarter
2024-09-02,745046,240.92667484714616,kelly_quarter
2024-09-02,745779,243.1240821106352,kelly_quarter
2024-09-02,746265,219.1327417093821,kelly_quarter
2024-09-02,746668,191.44462661790433,kelly_quarter
2024-09-03,745047,181.2953236028063,kelly_quarter
2024-09-03,746020,179.42474911038792,kelly_quarter
2024-09-03,746264,175.65469489593104,kelly_quarter
2024-09-03,746834,168.6190192508201,kelly_quarter
2024-09-04,745776,170.2691351313785,kelly_quarter
2024-09-04,746178,181.55995029444122,kelly_quarter
2024-09-05,745042,185.75835479606113,kelly_quarter
2024-09-05,745451,183.44177513795412,kelly_quarter
2024-09-06,745777,185.98865004003125,kelly_quarter
2024-09-07,745125,194.95538985813923,kelly_quarter
2024-09-07,746018,190.73395175459245,kelly_quarter
2024-09-07,746259,195.566717221854,kelly_quarter
2024-09-07,746986,187.01923585605724,kelly_quarter
2024-09-08,745128,178.6617301807348,kelly_quarter
2024-09-08,745368,172.76096858788947,kelly_quarter
2024-09-08,747072,159.23340460461642,kelly_quarter
2024-09-11,745285,162.94640653322747,kelly_quarter
2024-09-12,746591,160.45764661880798,kelly_quarter
2024-09-13,744882,162.09336513391972,kelly_quarter
2024-09-14,746584,167.14745397503708,kelly_quarter
2024-09-15,744883,168.95847189413234,kelly_quarter
2024-09-15,746585,174.0016423942667,kelly_quarter
2024-09-16,745130,186.45948902479034,kelly_quarter
2024-09-16,746588,188.46824546295935,kelly_quarter
2024-09-17,745122,190.86732736177467,kelly_quarter
2024-09-17,745366,186.7972344637789,kelly_quarter
2024-09-17,746987,176.52308461465736,kelly_quarter
2024-09-18,745040,174.26291444612448,kelly_quarter
2024-09-18,745365,176.47061607938,kelly_quarter
2024-09-18,746254,165.41003848236738,kelly_quarter
2024-09-21,745124,168.02322749788559,kelly_quarter
2024-09-21,746983,166.3541325898371,kelly_quarter
2024-09-22,745767,176.88059054397092,kelly_quarter
2024-09-22,746253,169.45357148680375,kelly_quarter
2024-09-24,745526,163.43681130984805,kelly_quarter
2024-09-24,746336,166.32484858126608,kelly_quarter
2024-09-25,746331,163.9618541105401,kelly_quarter
2024-09-27,746580,167.3952238571823,kelly_quarter
2024-09-28,746578,173.79497184872412,kelly_quarter
2024-09-28,746902,151.74226017140882,kelly_quarter
2024-09-29,747061,132.70748982195832,kelly_quarter
2024-10-02,775341,123.44250973160709,kelly_quarter
2025-05-14,777915,121.68083875180149,kelly_quarter
2025-05-25,777774,124.00816011033774,kelly_quarter
2025-05-25,777776,121.85468960799251,kelly_quarter
2025-05-27,777746,120.38141799393067,kelly_quarter
2025-05-29,777723,118.56365397701524,kelly_quarter
2025-05-29,777735,120.42558231616529,kelly_quarter
2025-06-05,777637,122.63045205707891,kelly_quarter
2025-06-10,777560,124.55624555507723,kelly_quarter
2025-06-19,777451,126.6738199896598,kelly_quarter
2025-06-19,777464,124.6227959796548,kelly_quarter
2025-07-02,777277,120.92298956274688,kelly_quarter
2025-07-02,777279,123.21772234151966,kelly_quarter
2025-07-08,777192,119.8661843086652,kelly_quarter
2025-07-13,777125,116.63447724274285,kelly_quarter
2025-07-18,777101,118.9992517807959,kelly_quarter
2025-07-18,777110,121.25927220517814,kelly_quarter
2025-07-19,777089,123.67891206796651,kelly_quarter
2025-07-19,777095,126.08649787000405,kelly_quarter
2025-07-20,777076,122.18767058830167,kelly_quarter
2025-07-20,777083,118.78338626868049,kelly_quarter
2025-07-21,777060,121.69717795099263,kelly_quarter
2025-07-26,776990,118.34037625957426,kelly_quarter
2025-07-26,777010,121.03807067785326,kelly_quarter
2025-07-28,776970,118.01371874505591,kelly_quarter
2025-08-01,776922,114.29583071626314,kelly_quarter
2025-08-01,776924,112.33732473009195,kelly_quarter
2025-08-02,776907,114.14762151571914,kelly_quarter
2025-08-02,776912,116.59473365512167,kelly_quarter
2025-08-05,776848,119.29099697425079,kelly_quarter
2025-08-06,776851,115.76210462622059,kelly_quarter
2025-08-09,776813,112.97539947726281,kelly_quarter
2025-08-10,776789,115.8233247456528,kelly_quarter
2025-08-18,777459,117.79419931275497,kelly_quarter
2025-08-20,776661,113.44526690090115,kelly_quarter
2025-08-20,776663,110.87185430942012,kelly_quarter
2025-08-21,776657,108.59902822375477,kelly_quarter
2025-08-27,776557,105.07207691128761,kelly_quarter
2025-09-04,776461,106.44279873645665,kelly_quarter
2025-09-05,776460,108.58526534081318,kelly_quarter
2025-09-09,776393,110.69162105940133,kelly_quarter
2025-09-09,776397,108.46214994507487,kelly_quarter
2025-09-10,776375,105.64050190524553,kelly_quarter
2025-09-11,776369,107.64184019801105,kelly_quarter
2025-09-17,776283,106.00013335114156,kelly_quarter
2025-09-17,776288,108.42299450272336,kelly_quarter
2026-04-19,823718,106.32176257940876,kelly_quarter
2026-04-19,824452,107.98287564605013,kelly_quarter
2026-04-19,824691,109.30831530193716,kelly_quarter
2026-04-20,824692,111.66598805324959,kelly_quarter
2023-04-28,718388,1039.334774017334,kelly_eighth
2023-04-29,718369,1025.0320628464922,kelly_eighth
2023-04-29,718378,1075.1178700805247,kelly_eighth
2023-04-29,718401,1015.5791489875112,kelly_eighth
2023-04-30,718363,1048.7640514837897,kelly_eighth
2023-05-01,718351,1061.865820575795,kelly_eighth
2023-05-01,718361,1026.4861713130701,kelly_eighth
2023-05-02,718335,1088.3435410346956,kelly_eighth
2023-05-02,718338,1107.0707036534218,kelly_eighth
2023-05-03,718323,1135.7799082831227,kelly_eighth
2023-05-03,718330,1103.545400805022,kelly_eighth
2023-05-03,718348,1174.168930752519,kelly_eighth
2023-05-05,718303,1153.2724316617791,kelly_eighth
2023-05-06,718286,1137.9451586511614,kelly_eighth
2023-05-06,718287,1130.8825577374173,kelly_eighth
2023-05-06,718288,1199.8951304923323,kelly_eighth
2023-05-07,718267,1149.536290663177,kelly_eighth
2023-05-07,718269,1146.6858857314005,kelly_eighth
2023-05-07,718276,1206.0198924042547,kelly_eighth
2023-05-09,718250,1167.0446350346683,kelly_eighth
2023-05-09,718252,1200.2859886842232,kelly_eighth
2023-05-10,718230,1268.3112157570918,kelly_eighth
2023-05-10,718235,1286.1645712224063,kelly_eighth
2023-05-11,718216,1293.1860243328213,kelly_eighth
2023-05-12,718205,1311.1509418695664,kelly_eighth
2023-05-12,718208,1300.8435483079704,kelly_eighth
2023-05-12,718212,1326.089260892581,kelly_eighth
2023-05-13,718188,1304.5664864937783,kelly_eighth
2023-05-14,718174,1339.345860950493,kelly_eighth
2023-05-14,718178,1314.2529588347854,kelly_eighth
2023-05-15,718163,1306.8585108570799,kelly_eighth
2023-05-15,718171,1293.4599260779878,kelly_eighth
2023-05-16,718148,1344.5482230317546,kelly_eighth
2023-05-16,718152,1311.989654379263,kelly_eighth
2023-05-17,718132,1298.5590941636217,kelly_eighth
2023-05-17,718138,1287.2129757534242,kelly_eighth
2023-05-19,718119,1266.380135318198,kelly_eighth
2023-05-21,718078,1201.4031482921368,kelly_eighth
2023-05-21,718099,1186.069296745411,kelly_eighth
2023-05-22,718071,1239.853052283572,kelly_eighth
2023-05-23,718051,1251.7475661570982,kelly_eighth
2023-05-23,718061,1256.008157192158,kelly_eighth
2023-05-24,718042,1249.3444354007665,kelly_eighth
2023-05-24,718046,1255.3177118316519,kelly_eighth
2023-05-27,717997,1196.936763521691,kelly_eighth
2023-05-27,718000,1200.3584301436197,kelly_eighth
2023-05-27,718002,1264.6278638735016,kelly_eighth
2023-05-27,718004,1238.613201634391,kelly_eighth
2023-05-27,718008,1266.578992899578,kelly_eighth
2023-05-30,717952,1256.5903867314514,kelly_eighth
2023-05-30,717962,1237.8089570729821,kelly_eighth
2023-05-31,717939,1243.1397910336475,kelly_eighth
2023-05-31,717944,1248.8836794240228,kelly_eighth
2023-06-02,717926,1230.3459410432988,kelly_eighth
2023-06-02,717931,1200.9597860042286,kelly_eighth
2023-06-03,717910,1284.9397121955662,kelly_eighth
2023-06-03,717912,1298.3711003316885,kelly_eighth
2023-06-03,717918,1348.9425430018775,kelly_eighth
2023-06-04,717893,1340.5509809880296,kelly_eighth
2023-06-05,717878,1324.3367224317828,kelly_eighth
2023-06-05,717883,1314.601064548901,kelly_eighth
2023-06-05,717887,1288.0612457260904,kelly_eighth
2023-06-06,717867,1277.5980792031853,kelly_eighth
2023-06-07,717855,1292.7001445607393,kelly_eighth
2023-06-09,717835,1301.1458425106935,kelly_eighth
2023-06-10,717813,1224.4963336145136,kelly_eighth
2023-06-10,717826,1213.6227065256062,kelly_eighth
2023-06-11,717805,1178.1166361898595,kelly_eighth
2023-06-13,717773,1191.8409586671207,kelly_eighth
2023-06-13,717779,1227.9243613554233,kelly_eighth
2023-06-13,717781,1235.725768350201,kelly_eighth
2023-06-13,717783,1240.5829159338953,kelly_eighth
2023-06-14,717764,1237.8418064799343,kelly_eighth
2023-06-14,717767,1254.7588656017779,kelly_eighth
2023-06-14,717784,1184.8991194346029,kelly_eighth
2023-06-16,717744,1200.1876733608742,kelly_eighth
2023-06-18,717709,1207.8952585432698,kelly_eighth
2023-06-20,717683,1217.0173286966808,kelly_eighth
2023-06-20,717685,1187.4619976162192,kelly_eighth
2023-06-20,717688,1191.008039956376,kelly_eighth
2023-06-21,717674,1215.5642333000153,kelly_eighth
2023-06-21,717677,1229.2137418772134,kelly_eighth
2023-06-22,717654,1203.863927802409,kelly_eighth
2023-06-22,717661,1190.9839391778457,kelly_eighth
2023-06-23,717648,1217.887678133497,kelly_eighth
2023-06-23,717655,1203.613341949219,kelly_eighth
2023-06-24,717626,1182.216358286541,kelly_eighth
2023-06-24,717635,1125.3815194102829,kelly_eighth
2023-06-24,717636,1083.1117783079337,kelly_eighth
2023-06-24,717637,1056.7893645807087,kelly_eighth
2023-06-25,717613,1059.5484516652755,kelly_eighth
2023-06-25,717627,1074.6983228343108,kelly_eighth
2023-06-27,717599,1042.223255265296,kelly_eighth
2023-06-28,717584,1021.5387068237553,kelly_eighth
2023-06-28,717585,1055.9497888407066,kelly_eighth
2023-06-29,717566,1045.4684509167682,kelly_eighth
2023-06-29,717567,1024.1547665082562,kelly_eighth
2023-06-30,717555,1037.2122778889272,kelly_eighth
2023-06-30,717562,1066.8703372431057,kelly_eighth
2023-07-01,717534,1070.8004776379921,kelly_eighth
2023-07-01,717540,1042.5778346931502,kelly_eighth
2023-07-01,717547,1058.7962493089392,kelly_eighth
2023-07-01,717550,1052.707435937523,kelly_eighth
2023-07-02,717521,1042.7995969740648,kelly_eighth
2023-07-02,717523,1031.2149785339273,kelly_eighth
2023-07-02,717531,1026.1745284828569,kelly_eighth
2023-07-03,717512,1009.5625167736005,kelly_eighth
2023-07-03,717514,1004.6014477027685,kelly_eighth
2023-07-04,717499,946.5802309788777,kelly_eighth
2023-07-04,717508,943.511550981535,kelly_eighth
2023-07-05,717489,914.5756189713161,kelly_eighth
2023-07-06,717473,922.2117372712614,kelly_eighth
2023-07-07,717453,899.7287489068376,kelly_eighth
2023-07-07,717457,892.0810000186784,kelly_eighth
2023-07-07,717464,918.0423768051774,kelly_eighth
2023-07-09,717433,932.3678183449839,kelly_eighth
2023-07-14,717412,922.1781201545002,kelly_eighth
2023-07-14,717413,920.4349603230938,kelly_eighth
2023-07-14,717418,909.5312522589187,kelly_eighth
2023-07-15,717397,916.5914580769324,kelly_eighth
2023-07-15,717401,919.6651304060765,kelly_eighth
2023-07-16,717381,896.978741421654,kelly_eighth
2023-07-17,717374,903.5909642085674,kelly_eighth
2023-07-18,717350,915.2405083028553,kelly_eighth
2023-07-18,717354,936.2050434755216,kelly_eighth
2023-07-18,717362,917.9978191759435,kelly_eighth
2023-07-18,717364,914.0497110120307,kelly_eighth
2023-07-19,717333,894.7968672209805,kelly_eighth
2023-07-19,717339,905.3229034682355,kelly_eighth
2023-07-19,717348,924.3928347296404,kelly_eighth
2023-07-20,717327,907.0418372663222,kelly_eighth
2023-07-20,717329,899.0647348932152,kelly_eighth
2023-07-20,717331,909.3765965120498,kelly_eighth
2023-07-20,717334,923.7271876364761,kelly_eighth
2023-07-21,717319,981.2666451921422,kelly_eighth
2023-07-21,717325,984.7875636475495,kelly_eighth
2023-07-22,717306,1008.5107436664207,kelly_eighth
2023-07-24,717282,1034.466479078139,kelly_eighth
2023-07-25,717256,1045.5244580637261,kelly_eighth
2023-07-25,717261,1063.085427979129,kelly_eighth
2023-07-27,717241,1031.030458054827,kelly_eighth
2023-07-28,717230,1001.728250589621,kelly_eighth
2023-07-29,717222,993.2905518031124,kelly_eighth
2023-07-30,717203,955.1735252544825,kelly_eighth
2023-08-02,717155,968.6166238998236,kelly_eighth
2023-08-02,717157,938.2097915481238,kelly_eighth
2023-08-02,717159,915.7637669390626,kelly_eighth
2023-08-02,717160,888.980743982109,kelly_eighth
2023-08-03,717145,873.7154456932377,kelly_eighth
2023-08-03,717146,858.168251510561,kelly_eighth
2023-08-03,717147,867.2225347192434,kelly_eighth
2023-08-03,717148,896.6434934911317,kelly_eighth
2023-08-05,717109,893.3337527744113,kelly_eighth
2023-08-05,717120,838.0211866610434,kelly_eighth
2023-08-05,717122,853.7905753122091,kelly_eighth
2023-08-06,717098,856.019653500266,kelly_eighth
2023-08-06,717101,827.4812405276813,kelly_eighth
2023-08-07,717092,798.4746159418528,kelly_eighth
2023-08-08,717079,777.8517672318806,kelly_eighth
2023-08-08,717080,788.7554748204035,kelly_eighth
2023-08-09,717062,780.9668082468369,kelly_eighth
2023-08-09,717065,744.7765210055741,kelly_eighth
2023-08-09,717071,753.5695262180922,kelly_eighth
2023-08-11,717042,762.8376240820108,kelly_eighth
2023-08-11,717046,778.9775510732868,kelly_eighth
2023-08-12,717026,813.0883410109608,kelly_eighth
2023-08-12,717033,772.859105756994,kelly_eighth
2023-08-13,717012,736.3375432991131,kelly_eighth
2023-08-13,717014,751.7315781664066,kelly_eighth
2023-08-13,717015,747.0625974662249,kelly_eighth
2023-08-13,717027,748.3975032601177,kelly_eighth
2023-08-14,717002,721.603008741965,kelly_eighth
2023-08-15,716980,698.5289932310562,kelly_eighth
2023-08-15,716985,676.5271095111002,kelly_eighth
2023-08-15,716990,666.936625984164,kelly_eighth
2023-08-15,716991,663.5649555777949,kelly_eighth
2023-08-15,716992,659.1966508839935,kelly_eighth
2023-08-16,716965,644.8761603406892,kelly_eighth
2023-08-16,716967,658.6780722804755,kelly_eighth
2023-08-16,716974,632.658528769275,kelly_eighth
2023-08-17,716958,617.8887989398811,kelly_eighth
2023-08-18,716953,623.8255494182878,kelly_eighth
2023-08-18,716954,641.543189965531,kelly_eighth
2023-08-18,716956,653.1074841561625,kelly_eighth
2023-08-19,716915,658.0136658038741,kelly_eighth
2023-08-19,716932,674.7776351753901,kelly_eighth
2023-08-19,716934,693.6398637499645,kelly_eighth
2023-08-20,716923,701.2918410527301,kelly_eighth
2023-08-20,716924,691.7335134914085,kelly_eighth
2023-08-22,716901,684.8456329583423,kelly_eighth
2023-08-23,716878,696.410076966782,kelly_eighth
2023-08-23,716879,665.6745674739691,kelly_eighth
2023-08-24,716873,671.4228290252355,kelly_eighth
2023-08-25,716855,695.6687404680912,kelly_eighth
2023-08-25,716861,700.5419696822802,kelly_eighth
2023-08-25,716863,750.5116506237366,kelly_eighth
2023-08-25,716866,744.5815327128751,kelly_eighth
2023-08-26,716840,759.4368964329149,kelly_eighth
2023-08-26,716843,750.8989062290924,kelly_eighth
2023-08-26,716844,804.6101103725998,kelly_eighth
2023-08-27,716819,821.5538381648028,kelly_eighth
2023-08-27,716829,802.4557371591013,kelly_eighth
2023-08-28,716809,766.6467199470737,kelly_eighth
2023-08-28,716817,755.6420988152469,kelly_eighth
2023-08-29,716798,762.3533275992828,kelly_eighth
2023-08-29,716801,796.7476701169842,kelly_eighth
2023-08-29,716806,778.8736364726365,kelly_eighth
2023-08-30,716779,784.5264458994676,kelly_eighth
2023-08-30,716780,801.301159911754,kelly_eighth
2023-08-30,716782,795.1120415204019,kelly_eighth
2023-08-30,716794,773.8396990866859,kelly_eighth
2023-09-01,716761,760.340942374072,kelly_eighth
2023-09-02,716741,755.4629009880327,kelly_eighth
2023-09-02,716745,749.6232101231371,kelly_eighth
2023-09-02,716753,756.4067276522017,kelly_eighth
2023-09-03,716725,761.7493143422918,kelly_eighth
2023-09-04,716722,742.367364253053,kelly_eighth
2023-09-05,716706,720.9726991091044,kelly_eighth
2023-09-05,716714,702.1107270245255,kelly_eighth
2023-09-06,716690,684.5930847188149,kelly_eighth
2023-09-06,716691,681.4111925703228,kelly_eighth
2023-09-06,716695,695.6287758518168,kelly_eighth
2023-09-06,716701,702.8444834271237,kelly_eighth
2023-09-08,716667,696.5659787059241,kelly_eighth
2023-09-08,716672,694.6890176759271,kelly_eighth
2023-09-09,716650,704.9425584003195,kelly_eighth
2023-09-09,716654,708.4011867571405,kelly_eighth
2023-09-10,716633,717.1012867456869,kelly_eighth
2023-09-11,716590,724.4825313354871,kelly_eighth
2023-09-11,716629,718.8284912437834,kelly_eighth
2023-09-12,716617,712.0446626243522,kelly_eighth
2023-09-16,716554,704.2113851960753,kelly_eighth
2023-09-16,716560,726.0316712675709,kelly_eighth
2023-09-16,716566,838.1305198904033,kelly_eighth
2023-09-16,716581,886.4095754957123,kelly_eighth
2023-09-17,716544,873.3928578287232,kelly_eighth
2023-09-18,716529,880.8641697864448,kelly_eighth
2023-09-18,716531,918.5488036250742,kelly_eighth
2023-09-19,716515,905.7100746761299,kelly_eighth
2023-09-19,716517,934.3440370723154,kelly_eighth
2023-09-19,716522,924.1050891360838,kelly_eighth
2023-09-20,716495,913.5151557664077,kelly_eighth
2023-09-20,716505,936.7146946402198,kelly_eighth
2023-09-22,716482,919.0444362047207,kelly_eighth
2023-09-23,716464,903.7112931427055,kelly_eighth
2023-09-24,716447,915.4360097733855,kelly_eighth
2023-09-26,716437,908.2809235721085,kelly_eighth
2023-09-27,716420,888.037878623045,kelly_eighth
2023-09-28,716404,903.2570020337513,kelly_eighth
2023-09-29,716395,899.5724680783197,kelly_eighth
2023-09-30,716372,909.7858980083624,kelly_eighth
2023-09-30,716383,860.0946997410371,kelly_eighth
2024-04-29,745832,882.4426301249929,kelly_eighth
2024-04-30,744942,900.6840790530397,kelly_eighth
2024-04-30,745426,896.8173455743641,kelly_eighth
2024-04-30,746073,885.047332711075,kelly_eighth
2024-05-01,745023,905.0087689056046,kelly_eighth
2024-05-01,745996,917.7904680149911,kelly_eighth
2024-05-02,745830,908.7042808882302,kelly_eighth
2024-05-02,746070,890.5605971674187,kelly_eighth
2024-05-05,745103,880.5584698217812,kelly_eighth
2024-05-05,745504,861.5966575915805,kelly_eighth
2024-05-05,745587,872.0593540213118,kelly_eighth
2024-05-05,746883,881.2732722610574,kelly_eighth
2024-05-06,746313,869.2570794828498,kelly_eighth
2024-05-06,746639,859.5370033082644,kelly_eighth
2024-05-07,745508,877.3614515675165,kelly_eighth
2024-05-07,746147,838.4554290039781,kelly_eighth
2024-05-08,745507,850.3943207722228,kelly_eighth
2024-05-08,745906,842.754168591352,kelly_eighth
2024-05-08,746312,836.2807583704902,kelly_eighth
2024-05-08,746640,825.4846948839436,kelly_eighth
2024-05-08,746879,813.1895385594623,kelly_eighth
2024-05-09,745748,788.4590322959513,kelly_eighth
2024-05-09,745910,783.9976644841257,kelly_eighth
2024-05-09,745995,797.4699027929369,kelly_eighth
2024-05-10,744940,800.9429573856295,kelly_eighth
2024-05-11,744943,759.7255537135327,kelly_eighth
2024-05-11,745096,717.6592421896903,kelly_eighth
2024-05-13,747128,708.2703962225252,kelly_eighth
2024-05-14,745014,713.2087358529409,kelly_eighth
2024-05-16,746881,718.2331826297356,kelly_eighth
2024-05-19,746144,698.0596418769809,kelly_eighth
2024-05-20,745093,703.5897828501463,kelly_eighth
2024-05-20,746637,695.4961321650344,kelly_eighth
2024-05-21,746633,693.9728675667111,kelly_eighth
2024-05-21,746716,702.576823777893,kelly_eighth
2024-05-21,746875,708.2486960205648,kelly_eighth
2024-05-22,745576,704.5348131643293,kelly_eighth
2024-05-22,746712,693.5594531384045,kelly_eighth
2024-05-24,746956,710.5465243783684,kelly_eighth
2024-05-25,744851,689.9136528258546,kelly_eighth
2024-05-25,745493,654.9896385559583,kelly_eighth
2024-05-25,746710,674.9149019683288,kelly_eighth
2024-05-26,746230,666.4314211668224,kelly_eighth
2024-05-31,747032,671.7856138900486,kelly_eighth
2024-06-01,746305,650.4826304949443,kelly_eighth
2024-06-01,746384,664.2178544799016,kelly_eighth
2024-06-02,747030,656.720467510445,kelly_eighth
2024-06-03,744854,661.4868337413483,kelly_eighth
2024-06-05,745007,668.2027109308312,kelly_eighth
2024-06-05,746056,651.0398840499558,kelly_eighth
2024-06-07,745737,631.8993698499638,kelly_eighth
2024-06-07,746053,636.1911933328214,kelly_eighth
2024-06-08,745735,630.0664177415623,kelly_eighth
2024-06-08,746300,634.3697989670623,kelly_eighth
2024-06-09,745736,649.315440777216,kelly_eighth
2024-06-11,745170,625.3366321263845,kelly_eighth
2024-06-11,747027,648.9985753117891,kelly_eighth
2024-06-12,745328,647.2140601304757,kelly_eighth
2024-06-12,745978,658.3061924452737,kelly_eighth
2024-06-15,746381,648.6869533097292,kelly_eighth
2024-06-16,744839,659.8296949933948,kelly_eighth
2024-06-16,744926,653.4780811634349,kelly_eighth
2024-06-16,747109,634.6500961297988,kelly_eighth
2024-06-18,744917,626.3027569660985,kelly_eighth
2024-06-20,745164,630.9579686600255,kelly_eighth
2024-06-20,745734,629.5556590297513,kelly_eighth
2024-06-20,745889,626.7271532301651,kelly_eighth
2024-06-21,745483,609.8012510723864,kelly_eighth
2024-06-21,745729,600.6179661522633,kelly_eighth
2024-06-21,746698,604.1720209989443,kelly_eighth
2024-06-22,745402,606.6916260559568,kelly_eighth
2024-06-23,745727,596.8892000254693,kelly_eighth
2024-06-24,747021,591.3290034043637,kelly_eighth
2024-06-25,745322,603.5994256529881,kelly_eighth
2024-06-25,746697,600.0550916494336,kelly_eighth
2024-06-28,746292,609.448844220372,kelly_eighth
2024-06-28,747017,615.8894864039271,kelly_eighth
2024-06-29,745972,604.5247659057793,kelly_eighth
2024-06-29,746211,611.1999368719828,kelly_eighth
2024-06-29,746289,607.6299314709826,kelly_eighth
2024-06-30,744916,598.9231487388562,kelly_eighth
2024-06-30,745154,605.5159082422645,kelly_eighth
2024-07-01,744840,598.8116141598141,kelly_eighth
2024-07-03,744998,594.266562202912,kelly_eighth
2024-07-03,745234,589.3045882780724,kelly_eighth
2024-07-04,744834,593.7514379476248,kelly_eighth
2024-07-04,746285,588.2662801080972,kelly_eighth
2024-07-06,744995,593.9647140128884,kelly_eighth
2024-07-06,745476,579.0536044003658,kelly_eighth
2024-07-06,746129,582.167980031739,kelly_eighth
2024-07-07,744832,572.4080367561121,kelly_eighth
2024-07-07,746122,538.700944829814,kelly_eighth
2024-07-07,746691,524.4926639663445,kelly_eighth
2024-07-09,745074,530.6870852519871,kelly_eighth
2024-07-09,746206,518.9668250655377,kelly_eighth
2024-07-10,745394,509.2715415147899,kelly_eighth
2024-07-10,746205,530.5687029705897,kelly_eighth
2024-07-12,747012,520.1423117674267,kelly_eighth
2024-07-13,745392,526.5080694811254,kelly_eighth
2024-07-13,746202,539.6092846104928,kelly_eighth
2024-07-14,746201,557.8817484711677,kelly_eighth
2024-07-20,744830,560.9683580494798,kelly_eighth
2024-07-20,744994,554.8384524376852,kelly_eighth
2024-07-20,747093,562.7967778564206,kelly_eighth
2024-07-20,747096,553.9421431612858,kelly_eighth
2024-07-21,744991,561.8506021989522,kelly_eighth
2024-07-21,746125,564.4681852426279,kelly_eighth
2024-07-21,746528,549.1846028571586,kelly_eighth
2024-07-22,746034,537.6606090354909,kelly_eighth
2024-07-23,746848,529.043922361743,kelly_eighth
2024-07-24,744905,537.1825988732309,kelly_eighth
2024-07-25,744907,532.9813714552718,kelly_eighth
2024-07-25,745794,537.2304877170758,kelly_eighth
2024-07-27,745793,505.91056246251026,kelly_eighth
2024-07-29,746444,493.81076819986646,kelly_eighth
2024-07-29,746684,498.7627489777559,kelly_eighth
2024-07-30,746365,489.90182425591894,kelly_eighth
2024-07-30,746683,500.4679236600826,kelly_eighth
2024-07-30,746926,493.7666929494342,kelly_eighth
2024-07-31,745789,487.0235729058337,kelly_eighth
2024-07-31,746925,495.0210667116472,kelly_eighth
2024-08-01,746607,497.899416490258,kelly_eighth
2024-08-02,744825,491.96677099450505,kelly_eighth
2024-08-02,746605,498.9094332733617,kelly_eighth
2024-08-02,746845,500.9528825711118,kelly_eighth
2024-08-04,746680,497.15500253581155,kelly_eighth
2024-08-05,745184,492.9209563633263,kelly_eighth
2024-08-07,745142,495.6942038224974,kelly_eighth
2024-08-07,746031,503.99197349580174,kelly_eighth
2024-08-07,746115,499.25577876427974,kelly_eighth
2024-08-07,746272,496.13504580011875,kelly_eighth
2024-08-08,744819,491.65163814202447,kelly_eighth
2024-08-10,745873,488.95560616852123,kelly_eighth
2024-08-10,746026,529.1030363198367,kelly_eighth
2024-08-11,745872,524.0619992553907,kelly_eighth
2024-08-11,746114,525.616992032656,kelly_eighth
2024-08-14,746677,528.9082557410073,kelly_eighth
2024-08-16,746438,514.3368433611193,kelly_eighth
2024-08-17,746997,510.89462543066065,kelly_eighth
2024-08-18,745464,499.43266469422076,kelly_eighth
2024-08-18,746431,495.89323515048267,kelly_eighth
2024-08-21,744893,492.17608592394345,kelly_eighth
2024-08-23,746995,503.9950536255195,kelly_eighth
2024-08-24,745457,496.6243636407558,kelly_eighth
2024-08-24,746996,517.2931026558631,kelly_eighth
2024-08-25,745459,520.710820794963,kelly_eighth
2024-08-27,745213,526.0259069232252,kelly_eighth
2024-08-28,745943,527.6161116024167,kelly_eighth
2024-08-28,746589,522.8928643676229,kelly_eighth
2024-08-29,746102,529.1817932658219,kelly_eighth
2024-08-31,746182,558.5408268756801,kelly_eighth
2024-09-01,745292,552.2353593206888,kelly_eighth
2024-09-01,746426,553.9712065499988,kelly_eighth
2024-09-02,745046,557.3463562027658,kelly_eighth
2024-09-02,745779,559.8880360150492,kelly_eighth
2024-09-02,746265,532.2633261508212,kelly_eighth
2024-09-02,746668,498.636748674367,kelly_eighth
2024-09-03,745047,485.419309391362,kelly_eighth
2024-09-03,746020,482.9150722157133,kelly_eighth
2024-09-03,746264,477.84159151626005,kelly_eighth
2024-09-03,746834,468.27185456831273,kelly_eighth
2024-09-04,745776,470.56312285784156,kelly_eighth
2024-09-04,746178,486.165014647102,kelly_eighth
2024-09-05,745042,491.7860708952293,kelly_eighth
2024-09-05,745451,488.71955577340066,kelly_eighth
2024-09-06,745777,492.1122060293674,kelly_eighth
2024-09-07,745125,503.97487106788117,kelly_eighth
2024-09-07,746018,498.51849788039425,kelly_eighth
2024-09-07,746259,504.8341615553316,kelly_eighth
2024-09-07,746986,493.8019658678191,kelly_eighth
2024-09-08,745128,482.76846786068876,kelly_eighth
2024-09-08,745368,474.7961348084246,kelly_eighth
2024-09-08,747072,456.20734376050865,kelly_eighth
2024-09-11,745285,461.52626145694086,kelly_eighth
2024-09-12,746591,458.00170364862953,kelly_eighth
2024-09-13,744882,460.3361572642635,kelly_eighth
2024-09-14,746584,467.5128231125848,kelly_eighth
2024-09-15,744883,470.0455392261971,kelly_eighth
2024-09-15,746585,477.06063521567387,kelly_eighth
2024-09-16,745130,494.1384861635132,kelly_eighth
2024-09-16,746588,496.80020070166705,kelly_eighth
2024-09-17,745122,499.9621773145003,kelly_eighth
2024-09-17,745366,494.63153079872114,kelly_eighth
2024-09-17,746987,481.0287639212708,kelly_eighth
2024-09-18,745040,477.9492605668103,kelly_eighth
2024-09-18,745365,480.9767818455642,kelly_eighth
2024-09-18,746254,465.90378800626326,kelly_eighth
2024-09-21,745124,469.5840200897473,kelly_eighth
2024-09-21,746983,467.2516631040365,kelly_eighth
2024-09-22,745767,482.03489965215044,kelly_eighth
2024-09-22,746253,471.91484528404214,kelly_eighth
2024-09-24,745526,463.5367437689603,kelly_eighth
2024-09-24,746336,467.63224521061085,kelly_eighth
2024-09-25,746331,464.3103951707897,kelly_eighth
2024-09-27,746580,469.1717370739989,kelly_eighth
2024-09-28,746578,478.1402751626042,kelly_eighth
2024-09-28,746902,447.8048473958816,kelly_eighth
2024-09-29,747061,419.7182009273146,kelly_eighth
2024-10-02,775341,405.0668772515873,kelly_eighth
2025-05-14,777915,402.17648493825004,kelly_eighth
2025-05-25,777774,406.0225873028426,kelly_eighth
2025-05-25,777776,402.49718355415143,kelly_eighth
2025-05-27,777746,400.06400811717066,kelly_eighth
2025-05-29,777723,397.0435172036352,kelly_eighth
2025-05-29,777735,400.16111079897337,kelly_eighth
2025-06-05,777637,403.8243819566525,kelly_eighth
2025-06-10,777560,406.99521903692084,kelly_eighth
2025-06-19,777451,410.45487160989774,kelly_eighth
2025-06-19,777464,407.13195612205607,kelly_eighth
2025-07-02,777277,401.0884814433361,kelly_eighth
2025-07-02,777279,404.89417169663005,kelly_eighth
2025-07-08,777192,399.38758469788183,kelly_eighth
2025-07-13,777125,394.00364890750853,kelly_eighth
2025-07-18,777101,397.9978786535609,kelly_eighth
2025-07-18,777110,401.7772441586263,kelly_eighth
2025-07-19,777089,405.78582930946953,kelly_eighth
2025-07-19,777095,409.7354282547474,kelly_eighth
2025-07-20,777076,403.4005403288148,kelly_eighth
2025-07-20,777083,397.780946603212,kelly_eighth
2025-07-21,777060,402.65978888075483,kelly_eighth
2025-07-26,776990,397.1064593658938,kelly_eighth
2025-07-26,777010,401.6326908718006,kelly_eighth
2025-07-28,776970,396.6149365482637,kelly_eighth
2025-08-01,776922,390.3674852336471,kelly_eighth
2025-08-01,776924,387.0229316666205,kelly_eighth
2025-08-02,776907,390.1413358606115,kelly_eighth
2025-08-02,776912,394.3232872074284,kelly_eighth
2025-08-05,776848,398.8826673005322,kelly_eighth
2025-08-06,776851,392.9827501730789,kelly_eighth
2025-08-09,776813,388.2526743987358,kelly_eighth
2025-08-10,776789,393.14628224193126,kelly_eighth
2025-08-18,777459,396.49121302561815,kelly_eighth
2025-08-20,776661,389.172034757917,kelly_eighth
2025-08-20,776663,384.7580109653988,kelly_eighth
2025-08-21,776657,380.8143227794397,kelly_eighth
2025-08-27,776557,374.63050328537423,kelly_eighth
2025-09-04,776461,377.0741316132928,kelly_eighth
2025-09-05,776460,380.86898079021285,kelly_eighth
2025-09-09,776393,384.5630619033469,kelly_eighth
2025-09-09,776397,380.6902654353543,kelly_eighth
2025-09-10,776375,375.7384276661798,kelly_eighth
2025-09-11,776369,379.2975725480658,kelly_eighth
2025-09-17,776283,376.4051311855451,kelly_eighth
2025-09-17,776288,380.7069058190941,kelly_eighth
2026-04-19,823718,377.01786592676154,kelly_eighth
2026-04-19,824452,379.96302639181897,kelly_eighth
2026-04-19,824691,382.29496124694055,kelly_eighth
2026-04-20,824692,386.41782422678915,kelly_eighth
