game_id,game_date,home_team,away_team,home_win,home_f5_win,raw_prob,fill_prob,raw_f5,fill_f5,patched,delta_prob
822747,2026-04-21,WSH,ATL,1,1.0,0.5365944504737854,0.5365944504737854,0.5333686470985413,0.5333686470985413,False,0.0
822749,2026-04-20,WSH,ATL,0,1.0,0.4877137839794159,0.4877137839794159,0.35756945610046387,0.35756945610046387,False,0.0
822750,2026-04-19,WSH,SF,1,1.0,0.43160006403923035,0.43160006403923035,0.27288317680358887,0.27288317680358887,False,0.0
822751,2026-04-18,WSH,SF,0,1.0,0.5971457958221436,0.5971457958221436,0.46900632977485657,0.46900632977485657,False,0.0
822752,2026-04-17,WSH,SF,0,0.0,0.5110663175582886,0.5110663175582886,0.4016173183917999,0.4016173183917999,False,0.0
822753,2026-04-08,WSH,STL,0,0.0,0.5448352098464966,0.5448352098464966,0.5524499416351318,0.5524499416351318,False,0.0
822754,2026-04-07,WSH,STL,0,1.0,0.46899837255477905,0.46899837255477905,0.6923233866691589,0.6923233866691589,False,0.0
822755,2026-04-06,WSH,STL,1,1.0,0.5050889253616333,0.3225630223751068,0.5256584882736206,0.6215065121650696,True,-0.1825259029865265
822756,2026-04-05,WSH,LAD,0,1.0,0.4042600095272064,0.4042600095272064,0.7693881392478943,0.7693881392478943,False,0.0
822757,2026-04-04,WSH,LAD,0,0.0,0.4010564088821411,0.26213476061820984,0.49197784066200256,0.16037100553512573,True,-0.13892164826393127
822758,2026-04-03,WSH,LAD,0,0.0,0.3458733856678009,0.2751532196998596,0.49197784066200256,0.4509813189506531,True,-0.07072016596794128
822828,2026-04-12,TOR,MIN,0,0.0,0.4496518671512604,0.4496518671512604,0.32683083415031433,0.32683083415031433,False,0.0
822829,2026-04-10,TOR,MIN,1,1.0,0.5515304207801819,0.565294623374939,0.5275987386703491,0.6870691180229187,True,0.01376420259475708
822830,2026-04-11,TOR,MIN,0,0.0,0.5966793298721313,0.5966793298721313,0.48471418023109436,0.48471418023109436,False,0.0
822831,2026-04-07,TOR,LAD,0,0.0,0.4081334173679352,0.4081334173679352,0.581313967704773,0.581313967704773,False,0.0
822832,2026-04-06,TOR,LAD,0,0.0,0.39777639508247375,0.39777639508247375,0.434674471616745,0.434674471616745,False,0.0
822833,2026-04-08,TOR,LAD,1,,0.5415350198745728,0.5415350198745728,0.46918371319770813,0.46918371319770813,False,0.0
822834,2026-03-30,TOR,COL,0,0.0,0.5779096484184265,0.4900591969490051,0.5275987386703491,0.40726998448371887,True,-0.08785045146942139
822835,2026-04-01,TOR,COL,0,1.0,0.5820536613464355,0.5820536613464355,0.6487126350402832,0.6487126350402832,False,0.0
822836,2026-03-31,TOR,COL,1,1.0,0.5835645198822021,0.6275964975357056,0.6451903581619263,0.6188618540763855,True,0.04403197765350342
822837,2026-03-29,TOR,ATH,1,1.0,0.5482123494148254,0.4314465820789337,0.5275987386703491,0.43675729632377625,True,-0.11676576733589172
822838,2026-03-28,TOR,ATH,1,1.0,0.6031159162521362,0.5421371459960938,0.5256584882736206,0.54388028383255,True,-0.06097877025604248
822839,2026-03-27,TOR,ATH,1,1.0,0.6019074320793152,0.6045782566070557,0.49197784066200256,0.5437444448471069,True,0.0026708245277404785
822914,2026-04-21,TEX,PIT,1,1.0,0.618095338344574,0.618095338344574,0.6859349012374878,0.6859349012374878,False,0.0
822915,2026-04-08,TEX,SEA,1,1.0,0.45704731345176697,0.45704731345176697,0.5386587977409363,0.5386587977409363,False,0.0
822916,2026-04-07,TEX,SEA,1,1.0,0.48568233847618103,0.48568233847618103,0.5408051609992981,0.5408051609992981,False,0.0
822917,2026-04-05,TEX,CIN,0,0.0,0.5815033912658691,0.5815033912658691,0.5946648120880127,0.5946648120880127,False,0.0
822918,2026-04-06,TEX,SEA,1,,0.6117135882377625,0.5570405721664429,0.5256584882736206,0.5363373756408691,True,-0.05467301607131958
822919,2026-04-03,TEX,CIN,0,,0.609171986579895,0.609171986579895,0.7570062875747681,0.7570062875747681,False,0.0
822920,2026-04-04,TEX,CIN,0,0.0,0.5723930597305298,0.5885522961616516,0.5275987386703491,0.6207348704338074,True,0.016159236431121826
822994,2026-04-20,TB,CIN,0,0.0,0.4923223555088043,0.4923223555088043,0.4969382584095001,0.4969382584095001,False,0.0
822995,2026-04-21,TB,CIN,0,0.0,0.5469538569450378,0.5469538569450378,0.4784223139286041,0.4784223139286041,False,0.0
822996,2026-04-11,TB,NYY,1,,0.601425051689148,0.601425051689148,0.46423953771591187,0.46423953771591187,False,0.0
822997,2026-04-10,TB,NYY,1,1.0,0.6138079762458801,0.5790467858314514,0.4364212453365326,0.6913530826568604,True,-0.03476119041442871
822998,2026-04-12,TB,NYY,1,1.0,0.5014889240264893,0.5014889240264893,0.4919009804725647,0.4919009804725647,False,0.0
822999,2026-04-07,TB,CHC,0,0.0,0.5382418632507324,0.5508520007133484,0.4364212453365326,0.4916892349720001,True,0.012610137462615967
823000,2026-04-08,TB,CHC,0,0.0,0.6287941336631775,0.6287941336631775,0.5900390148162842,0.5900390148162842,False,0.0
823002,2026-04-06,TB,CHC,1,1.0,0.42949378490448,0.42949378490448,0.48618367314338684,0.48618367314338684,False,0.0
823071,2026-04-15,STL,CLE,1,,0.4386436939239502,0.4386436939239502,0.5050855278968811,0.5050855278968811,False,0.0
823072,2026-04-14,STL,CLE,1,,0.3552579879760742,0.3552579879760742,0.5337424278259277,0.5337424278259277,False,0.0
823073,2026-04-13,STL,CLE,0,0.0,0.39192840456962585,0.39192840456962585,0.44798362255096436,0.44798362255096436,False,0.0
823074,2026-04-11,STL,BOS,0,0.0,0.4047982692718506,0.4047982692718506,0.5411059260368347,0.5306211113929749,True,0.0
823075,2026-04-12,STL,BOS,0,0.0,0.5732802152633667,0.5831551551818848,0.4287150800228119,0.47482770681381226,True,0.009874939918518066
823076,2026-04-10,STL,BOS,1,1.0,0.44762393832206726,0.44762393832206726,0.35276877880096436,0.35276877880096436,False,0.0
823077,2026-03-31,STL,NYM,1,1.0,0.5245958566665649,0.4600987136363983,0.5275987386703491,0.47116634249687195,True,-0.06449714303016663
823078,2026-04-01,STL,NYM,1,,0.45823073387145996,0.3558189272880554,0.5256584882736206,0.5260516405105591,True,-0.10241180658340454
823079,2026-03-29,STL,TB,0,0.0,0.45373469591140747,0.436397522687912,0.5275987386703491,0.36724451184272766,True,-0.017337173223495483
823080,2026-03-30,STL,NYM,0,0.0,0.46264517307281494,0.33682796359062195,0.5275987386703491,0.41249844431877136,True,-0.125817209482193
823081,2026-03-26,STL,TB,1,,0.50480055809021,0.5489794015884399,0.5275987386703491,0.6051814556121826,True,0.04417884349822998
823082,2026-03-28,STL,TB,1,1.0,0.37132731080055237,0.37784600257873535,0.5275987386703491,0.4474242031574249,True,0.006518691778182983
823148,2026-04-21,SEA,ATH,0,,0.5165303945541382,0.5165303945541382,0.6686593294143677,0.6686593294143677,False,0.0
823149,2026-04-20,SEA,ATH,0,1.0,0.6187294125556946,0.6187294125556946,0.6902956366539001,0.6902956366539001,False,0.0
823150,2026-04-19,SEA,TEX,1,1.0,0.36229580640792847,0.36229580640792847,0.5087437033653259,0.5087437033653259,False,0.0
823151,2026-04-18,SEA,TEX,1,1.0,0.48116105794906616,0.48116105794906616,0.5078791379928589,0.5078791379928589,False,0.0
823152,2026-04-17,SEA,TEX,0,0.0,0.4982783794403076,0.4982783794403076,0.4937521517276764,0.4937521517276764,False,0.0
823153,2026-04-13,SEA,HOU,1,1.0,0.4872089624404907,0.4872089624404907,0.5424885153770447,0.5424885153770447,False,0.0
823154,2026-04-12,SEA,HOU,1,1.0,0.4930252730846405,0.4930252730846405,0.490446001291275,0.490446001291275,False,0.0
823155,2026-04-11,SEA,HOU,1,,0.4346282184123993,0.4346282184123993,0.5578497052192688,0.5578497052192688,False,0.0
823156,2026-04-10,SEA,HOU,1,1.0,0.4692170023918152,0.4692170023918152,0.7758837342262268,0.7758837342262268,False,0.0
823157,2026-04-01,SEA,NYY,0,0.0,0.3739926815032959,0.3739926815032959,0.5208050012588501,0.5208050012588501,False,0.0
823158,2026-03-31,SEA,NYY,0,0.0,0.3581908047199249,0.30528131127357483,0.49197784066200256,0.5194957852363586,True,-0.0529094934463501
823159,2026-03-30,SEA,NYY,1,1.0,0.4041712284088135,0.23640169203281403,0.52081298828125,0.46276143193244934,True,-0.16776953637599945
823160,2026-03-29,SEA,CLE,1,1.0,0.5342812538146973,0.4677584171295166,0.5275987386703491,0.5236986875534058,True,-0.06652283668518066
823161,2026-03-28,SEA,CLE,0,1.0,0.5734894275665283,0.46775439381599426,0.52081298828125,0.4346519112586975,True,-0.10573503375053406
823162,2026-03-27,SEA,CLE,1,1.0,0.569434642791748,0.5716072916984558,0.52081298828125,0.44774311780929565,True,0.0021726489067077637
823163,2026-03-26,SEA,CLE,0,,0.6105464696884155,0.616601824760437,0.5275987386703491,0.5440259575843811,True,0.006055355072021484
823234,2026-04-08,SF,PHI,1,,0.5273327827453613,0.5273327827453613,0.5026915669441223,0.5026915669441223,False,0.0
823235,2026-04-07,SF,PHI,1,1.0,0.5034155249595642,0.5034155249595642,0.639619767665863,0.639619767665863,False,0.0
823236,2026-04-21,SF,LAD,1,1.0,0.4107125401496887,0.4107125401496887,0.7115117907524109,0.7115117907524109,False,0.0
823237,2026-04-06,SF,PHI,0,1.0,0.5084047317504883,0.5056888461112976,0.49197784066200256,0.5505181550979614,True,-0.002715885639190674
823238,2026-04-05,SF,NYM,0,0.0,0.5255781412124634,0.4966560900211334,0.5256584882736206,0.5409230589866638,True,-0.028922051191329956
823239,2026-04-04,SF,NYM,0,0.0,0.5352888107299805,0.47520339488983154,0.5256584882736206,0.46410465240478516,True,-0.060085415840148926
823240,2026-04-03,SF,NYM,0,0.0,0.351823627948761,0.24689286947250366,0.52081298828125,0.4565376043319702,True,-0.10493075847625732
823241,2026-03-28,SF,NYY,0,0.0,0.39830130338668823,0.30088043212890625,0.5275987386703491,0.5315577387809753,True,-0.09742087125778198
823242,2026-04-02,SF,NYM,1,1.0,0.509070634841919,0.509070634841919,0.7086814045906067,0.7086814045906067,False,0.0
823243,2026-03-27,SF,NYY,0,,0.3623950183391571,0.2804725170135498,0.5256584882736206,0.6150537729263306,True,-0.0819225013256073
823244,2026-03-25,SF,NYY,0,0.0,0.5097561478614807,0.544163167476654,0.5275987386703491,0.4604322612285614,True,0.03440701961517334
823313,2026-04-16,SD,SEA,1,1.0,0.6390517950057983,0.6390517950057983,0.507733166217804,0.507733166217804,False,0.0
823314,2026-04-15,SD,SEA,1,0.0,0.6714527010917664,0.6714527010917664,0.5038711428642273,0.5038711428642273,False,0.0
823315,2026-04-14,SD,SEA,1,1.0,0.6618874669075012,0.6618874669075012,0.3794175982475281,0.3794175982475281,False,0.0
823316,2026-04-11,SD,COL,1,1.0,0.6685941219329834,0.6685941219329834,0.5220360159873962,0.5220360159873962,False,0.0
823317,2026-04-12,SD,COL,1,1.0,0.6291971802711487,0.6291971802711487,0.6176937222480774,0.6176937222480774,False,0.0
823318,2026-04-10,SD,COL,1,1.0,0.6427003741264343,0.6427003741264343,0.5114908218383789,0.5114908218383789,False,0.0
823319,2026-04-09,SD,COL,1,,0.6927391290664673,0.6927391290664673,0.49798837304115295,0.49798837304115295,False,0.0
823320,2026-03-30,SD,SF,0,0.0,0.5766215324401855,0.6221030950546265,0.5275987386703491,0.5090617537498474,True,0.04548156261444092
823321,2026-04-01,SD,SF,1,1.0,0.6460943818092346,0.592448890209198,0.6641086935997009,0.5135844349861145,True,-0.05364549160003662
823322,2026-03-31,SD,SF,0,0.0,0.5614531636238098,0.5775548219680786,0.517150342464447,0.4258289039134979,True,0.0161016583442688
823323,2026-03-28,SD,DET,1,1.0,0.5885789394378662,0.6238683462142944,0.517150342464447,0.4147823452949524,True,0.03528940677642822
823324,2026-03-27,SD,DET,0,1.0,0.58046555519104,0.6639580726623535,0.5275987386703491,0.4514390528202057,True,0.08349251747131348
823325,2026-03-26,SD,DET,0,0.0,0.5869296193122864,0.5038667321205139,0.5256584882736206,0.43301132321357727,True,-0.08306288719177246
823393,2026-04-19,PIT,TB,1,1.0,0.4936359226703644,0.4936359226703644,0.4451057016849518,0.4451057016849518,False,0.0
823394,2026-04-18,PIT,TB,0,0.0,0.6340137720108032,0.6340137720108032,0.42045459151268005,0.42045459151268005,False,0.0
823396,2026-04-16,PIT,WSH,0,,0.5514881014823914,0.5514881014823914,0.5900835990905762,0.5900835990905762,False,0.0
823397,2026-04-17,PIT,TB,1,1.0,0.5143542885780334,0.5143542885780334,0.5197651386260986,0.5197651386260986,False,0.0
823398,2026-04-14,PIT,WSH,0,0.0,0.5957792401313782,0.5957792401313782,0.32817068696022034,0.32817068696022034,False,0.0
823399,2026-04-15,PIT,WSH,1,1.0,0.5739532709121704,0.5739532709121704,0.5260828733444214,0.5260828733444214,False,0.0
823400,2026-04-13,PIT,WSH,1,1.0,0.6101157665252686,0.6101157665252686,0.5299885869026184,0.5299885869026184,False,0.0
823401,2026-04-06,PIT,SD,0,0.0,0.443133145570755,0.4995800256729126,0.5256584882736206,0.7373785376548767,True,0.05644688010215759
823402,2026-04-07,PIT,SD,1,1.0,0.5443171262741089,0.5443171262741089,0.47348132729530334,0.47348132729530334,False,0.0
823403,2026-04-08,PIT,SD,0,,0.5222943425178528,0.5222943425178528,0.6338638663291931,0.6338638663291931,False,0.0
823404,2026-04-04,PIT,BAL,1,0.0,0.6071398258209229,0.6218726634979248,0.5256584882736206,0.6055421233177185,True,0.014732837677001953
823405,2026-04-05,PIT,BAL,1,1.0,0.5056555867195129,0.49554526805877686,0.5256584882736206,0.9020758271217346,True,-0.010110318660736084
823406,2026-04-03,PIT,BAL,1,1.0,0.5209373235702515,0.5209373235702515,0.4834766387939453,0.4834766387939453,False,0.0
823474,2026-04-18,PHI,ATL,0,0.0,0.49407297372817993,0.49407297372817993,0.7833828926086426,0.7833828926086426,False,0.0
823475,2026-04-19,PHI,ATL,0,0.0,0.40385112166404724,0.40385112166404724,0.7377387285232544,0.7377387285232544,False,0.0
823476,2026-04-17,PHI,ATL,0,0.0,0.4659351110458374,0.4659351110458374,0.5864261388778687,0.5864261388778687,False,0.0
823477,2026-04-15,PHI,CHC,0,0.0,0.4902602732181549,0.4902602732181549,0.631052553653717,0.631052553653717,False,0.0
823478,2026-04-14,PHI,CHC,0,,0.5163030624389648,0.5594924688339233,0.5314038395881653,0.6270318031311035,True,0.043189406394958496
823479,2026-04-12,PHI,AZ,0,0.0,0.5544227361679077,0.5544227361679077,0.43118342757225037,0.43118342757225037,False,0.0
823480,2026-04-11,PHI,AZ,1,1.0,0.6017394065856934,0.6017394065856934,0.49240052700042725,0.49240052700042725,False,0.0
823481,2026-04-13,PHI,CHC,1,1.0,0.42509952187538147,0.42509952187538147,0.6911478638648987,0.6911478638648987,False,0.0
823482,2026-04-10,PHI,AZ,0,0.0,0.6877593994140625,0.6877593994140625,0.6791461110115051,0.6791461110115051,False,0.0
823483,2026-04-01,PHI,WSH,1,,0.6271876096725464,0.6271876096725464,0.7051584124565125,0.7051584124565125,False,0.0
823484,2026-03-30,PHI,WSH,0,0.0,0.6547051072120667,0.6402888894081116,0.5275987386703491,0.5651307702064514,True,-0.014416217803955078
823485,2026-03-31,PHI,WSH,1,1.0,0.6006646752357483,0.5743938684463501,0.5275987386703491,0.49905169010162354,True,-0.026270806789398193
823486,2026-03-26,PHI,TEX,1,1.0,0.45192351937294006,0.5439887046813965,0.5256584882736206,0.5503696203231812,True,0.09206518530845642
823487,2026-03-29,PHI,TEX,0,0.0,0.5882757902145386,0.6272913813591003,0.5256584882736206,0.49152836203575134,True,0.03901559114456177
823488,2026-03-28,PHI,TEX,0,0.0,0.5475373268127441,0.5509865283966064,0.517150342464447,0.45593610405921936,True,0.0034492015838623047
823556,2026-04-19,NYY,KC,1,1.0,0.799494743347168,0.799494743347168,0.6373298168182373,0.6373298168182373,False,0.0
823558,2026-04-18,NYY,KC,1,1.0,0.616511881351471,0.616511881351471,0.610898494720459,0.610898494720459,False,0.0
823559,2026-04-17,NYY,KC,1,1.0,0.6749385595321655,0.6749385595321655,0.7828129529953003,0.7828129529953003,False,0.0
823560,2026-04-16,NYY,LAA,0,1.0,0.6487262845039368,0.6487262845039368,0.4608219861984253,0.4608219861984253,False,0.0
823561,2026-04-15,NYY,LAA,1,0.0,0.706051230430603,0.706051230430603,0.42578110098838806,0.42578110098838806,False,0.0
823562,2026-04-14,NYY,LAA,0,0.0,0.7999586462974548,0.7999586462974548,0.6371390223503113,0.6371390223503113,False,0.0
823563,2026-04-13,NYY,LAA,1,1.0,0.6886844635009766,0.6886844635009766,0.494186133146286,0.494186133146286,False,0.0
823564,2026-04-08,NYY,ATH,0,,0.6402143239974976,0.6402143239974976,0.7303025126457214,0.7303025126457214,False,0.0
823565,2026-04-09,NYY,ATH,0,,0.7404294610023499,0.7404294610023499,0.4886789917945862,0.4886789917945862,False,0.0
823566,2026-04-05,NYY,MIA,0,1.0,0.8114588856697083,0.7752363085746765,0.5256584882736206,0.7529048323631287,True,-0.03622257709503174
823567,2026-04-07,NYY,ATH,1,0.0,0.5858134031295776,0.6795459389686584,0.49197784066200256,0.7362752556800842,True,0.09373253583908081
823568,2026-04-03,NYY,MIA,1,1.0,0.6984614729881287,0.6984614729881287,0.5275739431381226,0.5275739431381226,False,0.0
823569,2026-04-04,NYY,MIA,1,0.0,0.6813576221466064,0.71338951587677,0.49197784066200256,0.6574822068214417,True,0.032031893730163574
823640,2026-04-21,NYM,MIN,0,1.0,0.43277260661125183,0.43277260661125183,0.8720517754554749,0.8720517754554749,False,0.0
823642,2026-04-12,NYM,ATH,0,0.0,0.3465794026851654,0.3465794026851654,0.5455555319786072,0.5455555319786072,False,0.0
823643,2026-04-10,NYM,ATH,0,0.0,0.5632283091545105,0.5632283091545105,0.5312764048576355,0.5312764048576355,False,0.0
823644,2026-04-11,NYM,ATH,0,0.0,0.5577600598335266,0.5577600598335266,0.7534736394882202,0.7534736394882202,False,0.0
823645,2026-04-09,NYM,AZ,0,1.0,0.6265973448753357,0.6265973448753357,0.4848718047142029,0.4848718047142029,False,0.0
823646,2026-04-08,NYM,AZ,0,0.0,0.5480033159255981,0.5480033159255981,0.47095590829849243,0.47095590829849243,False,0.0
823647,2026-03-29,NYM,PIT,0,,0.523414671421051,0.6562698483467102,0.5275987386703491,0.5153214335441589,True,0.13285517692565918
823648,2026-04-07,NYM,AZ,1,0.0,0.5557875633239746,0.5557875633239746,0.7323610186576843,0.8389112949371338,True,0.0
823649,2026-03-26,NYM,PIT,1,1.0,0.35438549518585205,0.45820489525794983,0.5275987386703491,0.535635232925415,True,0.10381940007209778
823651,2026-03-28,NYM,PIT,1,,0.4953070282936096,0.6063160300254822,0.5256584882736206,0.41099587082862854,True,0.11100900173187256
823718,2026-04-19,MIN,CIN,0,1.0,0.7065600156784058,0.7065600156784058,0.5358688235282898,0.5358688235282898,False,0.0
823720,2026-04-17,MIN,CIN,0,0.0,0.5919153690338135,0.5919153690338135,0.5328311324119568,0.5328311324119568,False,0.0
823721,2026-04-18,MIN,CIN,0,1.0,0.7216005921363831,0.7216005921363831,0.7497267127037048,0.7497267127037048,False,0.0
823722,2026-04-15,MIN,BOS,0,0.0,0.701846182346344,0.701846182346344,0.42425957322120667,0.42425957322120667,False,0.0
823723,2026-04-14,MIN,BOS,1,1.0,0.6713418364524841,0.6713418364524841,0.6004552245140076,0.6004552245140076,False,0.0
823724,2026-04-09,MIN,DET,1,1.0,0.5791134834289551,0.5791134834289551,0.542356550693512,0.542356550693512,False,0.0
823725,2026-04-13,MIN,BOS,1,1.0,0.6226097345352173,0.6226097345352173,0.4149729609489441,0.4149729609489441,False,0.0
823726,2026-04-08,MIN,DET,1,1.0,0.7005028128623962,0.7005028128623962,0.5416193008422852,0.5416193008422852,False,0.0
823727,2026-04-07,MIN,DET,1,1.0,0.5961217880249023,0.5961217880249023,0.5356570482254028,0.5356570482254028,False,0.0
823728,2026-04-06,MIN,DET,1,1.0,0.6370947957038879,0.6370947957038879,0.6117497682571411,0.6117497682571411,False,0.0
823729,2026-04-05,MIN,TB,0,,0.5899901986122131,0.5899901986122131,0.4878953993320465,0.4878953993320465,False,0.0
823730,2026-04-04,MIN,TB,0,0.0,0.6859443187713623,0.6859443187713623,0.561734676361084,0.561734676361084,False,0.0
823732,2026-04-03,MIN,TB,1,,0.6282060146331787,0.599129855632782,0.49197784066200256,0.4880131185054779,True,-0.02907615900039673
823801,2026-04-16,MIL,TOR,1,,0.5359156131744385,0.5043686628341675,0.49197784066200256,0.5201804041862488,True,-0.031546950340270996
823802,2026-04-14,MIL,TOR,0,1.0,0.6784987449645996,0.6784987449645996,0.4723968505859375,0.4723968505859375,False,0.0
823803,2026-04-15,MIL,TOR,1,0.0,0.602997899055481,0.602997899055481,0.33780965209007263,0.33780965209007263,False,0.0
823804,2026-04-12,MIL,WSH,0,1.0,0.6831693649291992,0.6831693649291992,0.700473427772522,0.700473427772522,False,0.0
823805,2026-04-11,MIL,WSH,0,0.0,0.6968332529067993,0.6968332529067993,0.5016729831695557,0.5016729831695557,False,0.0
823806,2026-04-01,MIL,TB,1,,0.6235325336456299,0.6265760064125061,0.5256584882736206,0.6682577133178711,True,0.0030434727668762207
823807,2026-03-31,MIL,TB,1,1.0,0.6324006915092468,0.596116304397583,0.5275987386703491,0.4262853264808655,True,-0.03628438711166382
823808,2026-04-10,MIL,WSH,0,1.0,0.7559065818786621,0.7559065818786621,0.405380517244339,0.405380517244339,False,0.0
823809,2026-03-30,MIL,TB,0,0.0,0.5104261040687561,0.5706634521484375,0.46673575043678284,0.4973827004432678,True,0.060237348079681396
823810,2026-03-29,MIL,CWS,1,0.0,0.5231205821037292,0.5032410025596619,0.49197784066200256,0.4771144986152649,True,-0.019879579544067383
823811,2026-03-28,MIL,CWS,1,1.0,0.5200478434562683,0.5168572664260864,0.5256584882736206,0.35064858198165894,True,-0.0031905770301818848
823812,2026-03-26,MIL,CWS,1,1.0,0.49985888600349426,0.5605852603912354,0.5256584882736206,0.42638856172561646,True,0.06072637438774109
823879,2026-04-20,MIA,STL,1,1.0,0.6387690901756287,0.6387690901756287,0.5894064903259277,0.5894064903259277,False,0.0
823880,2026-04-21,MIA,STL,0,0.0,0.5492075681686401,0.5492075681686401,0.4692913889884949,0.4692913889884949,False,0.0
823881,2026-04-19,MIA,MIL,1,1.0,0.3279385566711426,0.3279385566711426,0.4287811815738678,0.4287811815738678,False,0.0
823882,2026-04-18,MIA,MIL,0,0.0,0.29231929779052734,0.29231929779052734,0.37283119559288025,0.37283119559288025,False,0.0
823883,2026-04-17,MIA,MIL,0,0.0,0.4432239830493927,0.4343408942222595,0.5275987386703491,0.6046831011772156,True,-0.008883088827133179
823884,2026-04-09,MIA,CIN,1,1.0,0.5438167452812195,0.5438167452812195,0.47380930185317993,0.47380930185317993,False,0.0
823885,2026-04-08,MIA,CIN,1,1.0,0.3410452902317047,0.3410452902317047,0.6850463151931763,0.6850463151931763,False,0.0
823886,2026-04-06,MIA,CIN,0,0.0,0.44369861483573914,0.44369861483573914,0.7068568468093872,0.7068568468093872,False,0.0
823887,2026-04-07,MIA,CIN,0,1.0,0.42058464884757996,0.42058464884757996,0.5571703314781189,0.5571703314781189,False,0.0
823888,2026-03-31,MIA,CWS,1,1.0,0.5316289067268372,0.6918752789497375,0.5275987386703491,0.5890515446662903,True,0.1602463722229004
823889,2026-04-01,MIA,CWS,1,1.0,0.7210278511047363,0.7210278511047363,0.6785835027694702,0.6785835027694702,False,0.0
823890,2026-03-30,MIA,CWS,0,0.0,0.5352558493614197,0.6282318830490112,0.5275987386703491,0.504774272441864,True,0.09297603368759155
823891,2026-03-29,MIA,COL,1,0.0,0.2937443256378174,0.3594121038913727,0.5275987386703491,0.5282747149467468,True,0.0656677782535553
823892,2026-03-28,MIA,COL,1,,0.3048263192176819,0.45619139075279236,0.517150342464447,0.4148648679256439,True,0.15136507153511047
823893,2026-03-27,MIA,COL,1,1.0,0.37810179591178894,0.5673850774765015,0.49197784066200256,0.5188570618629456,True,0.18928328156471252
823963,2026-04-15,LAD,NYM,1,1.0,0.6494988799095154,0.6494988799095154,0.5770609378814697,0.5770609378814697,False,0.0
823964,2026-04-13,LAD,NYM,1,1.0,0.6330075860023499,0.6330075860023499,0.541702926158905,0.541702926158905,False,0.0
823965,2026-04-14,LAD,NYM,1,,0.7248603105545044,0.7248603105545044,0.39582833647727966,0.39582833647727966,False,0.0
823966,2026-04-12,LAD,TEX,0,0.0,0.6090250611305237,0.5539117455482483,0.5274299383163452,0.4067339301109314,True,-0.05511331558227539
823967,2026-04-11,LAD,TEX,1,1.0,0.8029947876930237,0.8029947876930237,0.45411521196365356,0.45411521196365356,False,0.0
823968,2026-04-10,LAD,TEX,1,0.0,0.55933678150177,0.5823161005973816,0.5256584882736206,0.7238414883613586,True,0.022979319095611572
823969,2026-03-31,LAD,CLE,1,1.0,0.8660215735435486,0.8678058385848999,0.517150342464447,0.3885594606399536,True,0.0017842650413513184
823970,2026-04-01,LAD,CLE,0,0.0,0.752039909362793,0.752039909362793,0.9037277698516846,0.9037277698516846,False,0.0
823971,2026-03-27,LAD,AZ,1,,0.6453816890716553,0.6476162075996399,0.5256584882736206,0.4682551920413971,True,0.002234518527984619
823972,2026-03-30,LAD,CLE,0,0.0,0.7365089654922485,0.7169044613838196,0.52081298828125,0.41877785325050354,True,-0.019604504108428955
823973,2026-03-28,LAD,AZ,1,0.0,0.5246891379356384,0.5889520049095154,0.5275987386703491,0.4016056954860687,True,0.06426286697387695
823974,2026-03-26,LAD,AZ,1,1.0,0.46131575107574463,0.5915147662162781,0.5256584882736206,0.3784855008125305,True,0.13019901514053345
824045,2026-04-21,LAA,TOR,0,1.0,0.4862026572227478,0.4862026572227478,0.5534000992774963,0.5534000992774963,False,0.0
824046,2026-04-20,LAA,TOR,0,,0.5739352703094482,0.5739352703094482,0.5614326596260071,0.5614326596260071,False,0.0
824047,2026-04-19,LAA,SD,0,0.0,0.5635218024253845,0.41444122791290283,0.6598834991455078,0.7746191024780273,True,-0.1490805745124817
824048,2026-04-17,LAA,SD,1,1.0,0.6220425367355347,0.5348676443099976,0.6259918808937073,0.6110700368881226,True,-0.08717489242553711
824049,2026-04-18,LAA,SD,0,,0.5375584959983826,0.5375584959983826,0.5504460334777832,0.5504460334777832,False,0.0
824050,2026-04-08,LAA,ATL,0,0.0,0.37245962023735046,0.37245962023735046,0.7018956542015076,0.7018956542015076,False,0.0
824051,2026-04-07,LAA,ATL,0,0.0,0.45743730664253235,0.45743730664253235,0.5550355315208435,0.5550355315208435,False,0.0
824052,2026-04-06,LAA,ATL,1,1.0,0.4280581772327423,0.4280581772327423,0.39101651310920715,0.39101651310920715,False,0.0
824053,2026-04-05,LAA,SEA,1,1.0,0.6705641746520996,0.5645374059677124,0.6051088571548462,0.4349803924560547,True,-0.10602676868438721
824054,2026-04-04,LAA,SEA,1,1.0,0.6688162088394165,0.6129122972488403,0.5256584882736206,0.3722688555717468,True,-0.05590391159057617
824056,2026-04-03,LAA,SEA,0,,0.6400150656700134,0.6400150656700134,0.462306410074234,0.462306410074234,False,0.0
824125,2026-04-20,KC,BAL,0,1.0,0.4766286015510559,0.4766286015510559,0.6451054215431213,0.6451054215431213,False,0.0
824126,2026-04-12,KC,CWS,0,1.0,0.5310457348823547,0.5310457348823547,0.3945547342300415,0.3945547342300415,False,0.0
824127,2026-04-21,KC,BAL,1,,0.5454864501953125,0.5454864501953125,0.7155682444572449,0.7155682444572449,False,0.0
824128,2026-04-10,KC,CWS,1,1.0,0.6020650863647461,0.6020650863647461,0.48138758540153503,0.48138758540153503,False,0.0
824129,2026-04-11,KC,CWS,1,1.0,0.5369383692741394,0.5369383692741394,0.537033200263977,0.537033200263977,False,0.0
824130,2026-04-09,KC,CWS,0,0.0,0.49470198154449463,0.49470198154449463,0.5769690275192261,0.5769690275192261,False,0.0
824131,2026-04-05,KC,MIL,0,0.0,0.4653947353363037,0.4080754518508911,0.5256584882736206,0.48831409215927124,True,-0.0573192834854126
824132,2026-04-04,KC,MIL,0,0.0,0.3463307321071625,0.2594064474105835,0.5275987386703491,0.6478708982467651,True,-0.08692428469657898
824133,2026-04-02,KC,MIN,0,0.0,0.3144437074661255,0.3144437074661255,0.45210716128349304,0.45210716128349304,False,0.0
824134,2026-04-04,KC,MIL,1,,0.271401971578598,0.255539208650589,0.5866600871086121,0.5154004693031311,True,-0.015862762928009033
824135,2026-03-30,KC,MIN,1,1.0,0.4335857927799225,0.2698392868041992,0.5275987386703491,0.46921852231025696,True,-0.16374650597572327
824136,2026-04-01,KC,MIN,1,1.0,0.3660812973976135,0.2571108341217041,0.5275987386703491,0.4619932770729065,True,-0.10897046327590942
824205,2026-04-19,HOU,STL,0,0.0,0.5146753787994385,0.5146753787994385,0.7291823029518127,0.7291823029518127,False,0.0
824206,2026-04-18,HOU,STL,0,0.0,0.5335729718208313,0.5335729718208313,0.6078330874443054,0.6078330874443054,False,0.0
824207,2026-04-17,HOU,STL,0,0.0,0.5622353553771973,0.5737236738204956,0.5275987386703491,0.6151936054229736,True,0.01148831844329834
824208,2026-04-16,HOU,COL,0,0.0,0.4202973544597626,0.4202973544597626,0.6715588569641113,0.6715588569641113,False,0.0
824209,2026-04-15,HOU,COL,1,1.0,0.40691041946411133,0.393130898475647,0.5275987386703491,0.577721118927002,True,-0.013779520988464355
824210,2026-04-14,HOU,COL,1,1.0,0.6692482233047485,0.7124906182289124,0.5275987386703491,0.5908533334732056,True,0.04324239492416382
824211,2026-04-01,HOU,BOS,1,1.0,0.5515546798706055,0.5515546798706055,0.5646340250968933,0.5646340250968933,False,0.0
824212,2026-03-31,HOU,BOS,1,1.0,0.5465168356895447,0.5402221083641052,0.5275987386703491,0.6095622181892395,True,-0.006294727325439453
824213,2026-03-28,HOU,LAA,1,0.0,0.47632330656051636,0.4559701085090637,0.52081298828125,0.4530242383480072,True,-0.020353198051452637
824214,2026-03-30,HOU,BOS,1,1.0,0.5584080815315247,0.49124836921691895,0.5275987386703491,0.3703759014606476,True,-0.06715971231460571
824215,2026-03-29,HOU,LAA,1,,0.5158095955848694,0.48369744420051575,0.5275987386703491,0.6426296234130859,True,-0.03211215138435364
824216,2026-03-27,HOU,LAA,0,0.0,0.4608309864997864,0.35027995705604553,0.5275987386703491,0.4874785542488098,True,-0.11055102944374084
824218,2026-03-26,HOU,LAA,0,,0.4447791576385498,0.5420588254928589,0.5256584882736206,0.680153489112854,True,0.09727966785430908
824289,2026-04-16,DET,KC,1,1.0,0.806534469127655,0.806534469127655,0.6017192602157593,0.6017192602157593,False,0.0
824290,2026-04-21,DET,MIL,0,0.0,0.5290573835372925,0.5290573835372925,0.6951279044151306,0.6951279044151306,False,0.0
824291,2026-04-15,DET,KC,1,,0.38107219338417053,0.38107219338417053,0.5713093280792236,0.5713093280792236,False,0.0
824292,2026-04-14,DET,KC,1,0.0,0.5826276540756226,0.5826276540756226,0.6060392260551453,0.6060392260551453,False,0.0
824293,2026-04-12,DET,MIA,1,1.0,0.5496689677238464,0.5496689677238464,0.30649253726005554,0.30649253726005554,False,0.0
824294,2026-04-11,DET,MIA,1,1.0,0.6629396677017212,0.6629396677017212,0.7306426167488098,0.7306426167488098,False,0.0
824295,2026-04-04,DET,STL,1,1.0,0.5758682489395142,0.6087532639503479,0.52081298828125,0.6980175971984863,True,0.03288501501083374
824296,2026-04-05,DET,STL,0,0.0,0.6391265988349915,0.5900249481201172,0.5275987386703491,0.31239423155784607,True,-0.04910165071487427
824297,2026-04-10,DET,MIA,1,1.0,0.6342599987983704,0.5914424657821655,0.5256584882736206,0.6755291819572449,True,-0.042817533016204834
824299,2026-04-03,DET,STL,1,1.0,0.6116266250610352,0.6116266250610352,0.6690530180931091,0.6690530180931091,False,0.0
824369,2026-04-21,COL,SD,0,,0.41096678376197815,0.41096678376197815,0.33285385370254517,0.33285385370254517,False,0.0
824370,2026-04-20,COL,LAD,0,0.0,0.2932375371456146,0.2932375371456146,0.6986657381057739,0.6986657381057739,False,0.0
824371,2026-04-19,COL,LAD,1,,0.35642826557159424,0.35642826557159424,0.41339370608329773,0.41339370608329773,False,0.0
824372,2026-04-18,COL,LAD,1,0.0,0.3397507667541504,0.3397507667541504,0.4406418800354004,0.4406418800354004,False,0.0
824373,2026-04-17,COL,LAD,0,0.0,0.39792969822883606,0.39792969822883606,0.3905961513519287,0.3905961513519287,False,0.0
824374,2026-04-08,COL,HOU,1,1.0,0.5272712111473083,0.5272712111473083,0.7820284366607666,0.7820284366607666,False,0.0
824375,2026-04-07,COL,HOU,1,1.0,0.3669610917568207,0.3669610917568207,0.5602059364318848,0.5602059364318848,False,0.0
824376,2026-04-06,COL,HOU,1,1.0,0.3586598038673401,0.33685222268104553,0.5256584882736206,0.6563056707382202,True,-0.021807581186294556
824377,2026-04-03,COL,PHI,0,0.0,0.45317837595939636,0.45317837595939636,0.44800329208374023,0.44800329208374023,False,0.0
824378,2026-04-04,COL,PHI,0,0.0,0.473247766494751,0.42261794209480286,0.5566199421882629,0.529782235622406,True,-0.05062982439994812
824379,2026-04-05,COL,PHI,1,1.0,0.5039060711860657,0.41763946413993835,0.5256584882736206,0.49934664368629456,True,-0.08626660704612732
824448,2026-04-21,CLE,HOU,1,0.0,0.6849269866943359,0.6849269866943359,0.5609663724899292,0.5609663724899292,False,0.0
824450,2026-04-20,CLE,HOU,0,0.0,0.668347954750061,0.668347954750061,0.4545745551586151,0.4545745551586151,False,0.0
824451,2026-04-18,CLE,BAL,1,1.0,0.694284975528717,0.6830092072486877,0.5256584882736206,0.38567206263542175,True,-0.011275768280029297
824452,2026-04-19,CLE,BAL,1,1.0,0.6014339923858643,0.6014339923858643,0.473408967256546,0.473408967256546,False,0.0
824453,2026-04-16,CLE,BAL,1,1.0,0.5995121598243713,0.5995121598243713,0.6054701209068298,0.6054701209068298,False,0.0
824454,2026-04-17,CLE,BAL,0,,0.6959573030471802,0.6959573030471802,0.8890401721000671,0.8890401721000671,False,0.0
824455,2026-04-08,CLE,KC,1,1.0,0.629029393196106,0.629029393196106,0.4991039037704468,0.4991039037704468,False,0.0
824456,2026-04-06,CLE,KC,0,,0.52499920129776,0.52499920129776,0.4479825794696808,0.4479825794696808,False,0.0
824457,2026-04-07,CLE,KC,1,,0.6350325345993042,0.6252598762512207,0.5256584882736206,0.6302187442779541,True,-0.009772658348083496
824458,2026-04-03,CLE,CHC,1,,0.36492428183555603,0.36492428183555603,0.6680324077606201,0.6680324077606201,False,0.0
824459,2026-04-05,CLE,CHC,0,,0.5158710479736328,0.5158710479736328,0.5706700086593628,0.5706700086593628,False,0.0
824460,2026-04-05,CLE,CHC,1,0.0,0.4784918427467346,0.4784918427467346,0.6187770366668701,0.6187770366668701,False,0.0
824530,2026-04-16,CIN,SF,0,,0.5865951776504517,0.5865951776504517,0.4555385708808899,0.4555385708808899,False,0.0
824531,2026-04-14,CIN,SF,1,1.0,0.5735933780670166,0.5735933780670166,0.2907576858997345,0.2907576858997345,False,0.0
824532,2026-04-15,CIN,SF,1,1.0,0.5073646903038025,0.5073646903038025,0.41126248240470886,0.41126248240470886,False,0.0
824533,2026-04-12,CIN,LAA,0,0.0,0.5662007927894592,0.5662007927894592,0.4629116356372833,0.4629116356372833,False,0.0
824534,2026-04-10,CIN,LAA,0,0.0,0.44012507796287537,0.44012507796287537,0.45041918754577637,0.45041918754577637,False,0.0
824535,2026-04-11,CIN,LAA,1,1.0,0.44097328186035156,0.44097328186035156,0.7513366341590881,0.7513366341590881,False,0.0
824536,2026-04-01,CIN,PIT,0,0.0,0.5607038736343384,0.5607038736343384,0.6333253979682922,0.6333253979682922,False,0.0
824537,2026-03-31,CIN,PIT,0,0.0,0.48849204182624817,0.4050520360469818,0.5275987386703491,0.30468958616256714,True,-0.08344000577926636
824538,2026-03-29,CIN,BOS,1,0.0,0.4036730229854584,0.35183531045913696,0.5275987386703491,0.26453909277915955,True,-0.05183771252632141
824539,2026-03-30,CIN,PIT,1,1.0,0.35363003611564636,0.41215553879737854,0.5275987386703491,0.5173856019973755,True,0.05852550268173218
824540,2026-03-28,CIN,BOS,1,1.0,0.4553723931312561,0.4181766211986542,0.49197784066200256,0.43878573179244995,True,-0.03719577193260193
824541,2026-03-26,CIN,BOS,0,,0.36157768964767456,0.2525549530982971,0.5256584882736206,0.4187057912349701,True,-0.10902273654937744
824614,2026-04-16,CWS,TB,0,,0.4828563928604126,0.4828563928604126,0.3358501195907593,0.3358501195907593,False,0.0
824615,2026-04-15,CWS,TB,0,0.0,0.5117931962013245,0.5117931962013245,0.6720129251480103,0.6720129251480103,False,0.0
824616,2026-04-14,CWS,TB,0,0.0,0.389342337846756,0.3800288438796997,0.5275987386703491,0.6252344250679016,True,-0.009313493967056274
824617,2026-04-08,CWS,BAL,0,1.0,0.4836474061012268,0.4836474061012268,0.5475532412528992,0.5475532412528992,False,0.0
824618,2026-04-07,CWS,BAL,0,1.0,0.5695793032646179,0.5695793032646179,0.3347148299217224,0.3347148299217224,False,0.0
824619,2026-04-06,CWS,BAL,0,0.0,0.586778461933136,0.5869895815849304,0.5275987386703491,0.47470495104789734,True,0.0002111196517944336
824620,2026-04-05,CWS,TOR,1,1.0,0.5070637464523315,0.3168018162250519,0.49197784066200256,0.3754356801509857,True,-0.19026193022727966
824621,2026-04-03,CWS,TOR,1,1.0,0.4686993360519409,0.48560792207717896,0.49197784066200256,0.4169924855232239,True,0.016908586025238037
824622,2026-04-04,CWS,TOR,1,1.0,0.4508853256702423,0.4691179692745209,0.46673575043678284,0.6337804794311523,True,0.018232643604278564
824690,2026-04-21,CHC,PHI,1,1.0,0.7306636571884155,0.7306636571884155,0.7616657614707947,0.7616657614707947,False,0.0
824691,2026-04-19,CHC,NYM,1,0.0,0.6622300148010254,0.6622300148010254,0.5171789526939392,0.5171789526939392,False,0.0
824692,2026-04-20,CHC,PHI,1,1.0,0.6638872623443604,0.6638872623443604,0.5248193740844727,0.5248193740844727,False,0.0
824693,2026-04-17,CHC,NYM,1,1.0,0.773296594619751,0.773296594619751,0.504377007484436,0.504377007484436,False,0.0
824694,2026-04-18,CHC,NYM,1,,0.6459325551986694,0.6459325551986694,0.3342220187187195,0.3342220187187195,False,0.0
824695,2026-04-10,CHC,PIT,0,,0.5728229284286499,0.5728229284286499,0.5060542821884155,0.5060542821884155,False,0.0
824696,2026-04-12,CHC,PIT,1,0.0,0.5908884406089783,0.6239230036735535,0.4315074682235718,0.5458757281303406,True,0.033034563064575195
824697,2026-04-11,CHC,PIT,0,0.0,0.5286858081817627,0.5286858081817627,0.41961896419525146,0.41961896419525146,False,0.0
824698,2026-04-01,CHC,LAA,1,1.0,0.638674259185791,0.5710717439651489,0.52081298828125,0.5846917033195496,True,-0.06760251522064209
824699,2026-03-31,CHC,LAA,0,,0.5868719220161438,0.5721905827522278,0.5836864709854126,0.6163300275802612,True,-0.014681339263916016
824700,2026-03-29,CHC,WSH,0,0.0,0.7290809750556946,0.7322114706039429,0.5275987386703491,0.36847618222236633,True,0.003130495548248291
824701,2026-03-28,CHC,WSH,1,1.0,0.7209159135818481,0.724247932434082,0.5275987386703491,0.4748367369174957,True,0.0033320188522338867
824702,2026-03-30,CHC,LAA,1,1.0,0.6171522736549377,0.654154896736145,0.5256584882736206,0.4529353380203247,True,0.037002623081207275
824704,2026-03-26,CHC,WSH,0,0.0,0.5675402283668518,0.6726728081703186,0.52081298828125,0.4713500738143921,True,0.1051325798034668
824773,2026-04-21,BOS,NYY,0,0.0,0.19076253473758698,0.19076253473758698,0.5595991015434265,0.5595991015434265,False,0.0
824775,2026-04-18,BOS,DET,0,0.0,0.5759896039962769,0.5759896039962769,0.5595920085906982,0.5003718137741089,True,0.0
824776,2026-04-20,BOS,DET,1,,0.338794082403183,0.338794082403183,0.6014997363090515,0.6014997363090515,False,0.0
824777,2026-04-19,BOS,DET,0,0.0,0.3703392744064331,0.3703392744064331,0.6095436811447144,0.6095436811447144,False,0.0
824778,2026-04-17,BOS,DET,1,,0.38365453481674194,0.38365453481674194,0.5265761017799377,0.5265761017799377,False,0.0
824779,2026-04-08,BOS,MIL,1,1.0,0.5248530507087708,0.5191636085510254,0.5275987386703491,0.5329437851905823,True,-0.005689442157745361
824780,2026-04-07,BOS,MIL,1,,0.3667193353176117,0.3667193353176117,0.3672611117362976,0.3672611117362976,False,0.0
824781,2026-04-05,BOS,SD,0,0.0,0.5085536241531372,0.5085536241531372,0.6406504511833191,0.6406504511833191,False,0.0
824782,2026-04-04,BOS,SD,0,0.0,0.6297024488449097,0.5813598036766052,0.49197784066200256,0.6587538123130798,True,-0.04834264516830444
824783,2026-04-06,BOS,MIL,0,,0.40862926840782166,0.24702362716197968,0.5256584882736206,0.4358406662940979,True,-0.16160564124584198
824786,2026-04-03,BOS,SD,1,,0.44721555709838867,0.37699177861213684,0.49197784066200256,0.7113286852836609,True,-0.07022377848625183
824853,2026-04-14,BAL,AZ,0,0.0,0.5176163911819458,0.5344234704971313,0.4364212453365326,0.4861592650413513,True,0.016807079315185547
824855,2026-04-15,BAL,AZ,0,1.0,0.5348456501960754,0.5348456501960754,0.5679877996444702,0.5679877996444702,False,0.0
824856,2026-04-13,BAL,AZ,1,0.0,0.5454815030097961,0.5402353405952454,0.5275987386703491,0.5026655793190002,True,-0.005246162414550781
824857,2026-04-11,BAL,SF,1,1.0,0.45368605852127075,0.45368605852127075,0.43038904666900635,0.43038904666900635,False,0.0
824858,2026-04-10,BAL,SF,0,0.0,0.46365123987197876,0.46365123987197876,0.5795447826385498,0.5795447826385498,False,0.0
824859,2026-04-12,BAL,SF,1,1.0,0.528384804725647,0.5339438915252686,0.52081298828125,0.5790026783943176,True,0.005559086799621582
824860,2026-04-01,BAL,TEX,1,1.0,0.6715636849403381,0.5651050209999084,0.5256584882736206,0.4876425266265869,True,-0.10645866394042969
824861,2026-03-31,BAL,TEX,0,,0.6416324377059937,0.5664535760879517,0.5275987386703491,0.44806134700775146,True,-0.07517886161804199
824862,2026-03-28,BAL,MIN,0,0.0,0.4475485682487488,0.3987518548965454,0.5256584882736206,0.49254027009010315,True,-0.04879671335220337
824863,2026-03-30,BAL,TEX,0,0.0,0.6326169967651367,0.5522971153259277,0.52081298828125,0.38792550563812256,True,-0.08031988143920898
824864,2026-03-29,BAL,MIN,1,0.0,0.4326297640800476,0.45653843879699707,0.5256584882736206,0.4352465569972992,True,0.023908674716949463
824865,2026-03-26,BAL,MIN,1,,0.43259432911872864,0.3870340883731842,0.5275987386703491,0.5171979069709778,True,-0.045560240745544434
824935,2026-04-14,ATL,MIA,1,0.0,0.5341273546218872,0.5341273546218872,0.5517332553863525,0.5517332553863525,False,0.0
824936,2026-04-15,ATL,MIA,1,1.0,0.504176139831543,0.504176139831543,0.3802064061164856,0.3802064061164856,False,0.0
824937,2026-04-13,ATL,MIA,0,0.0,0.5781472325325012,0.5781472325325012,0.6126102209091187,0.6126102209091187,False,0.0
824938,2026-04-12,ATL,CLE,1,1.0,0.6198477745056152,0.6198477745056152,0.6181218028068542,0.6181218028068542,False,0.0
824939,2026-04-11,ATL,CLE,0,0.0,0.5981082320213318,0.5981082320213318,0.37244927883148193,0.37244927883148193,False,0.0
824940,2026-04-01,ATL,ATH,1,1.0,0.5740852355957031,0.5740852355957031,0.5569394826889038,0.5569394826889038,False,0.0
824941,2026-04-10,ATL,CLE,1,0.0,0.5808969736099243,0.5808969736099243,0.6536755561828613,0.6536755561828613,False,0.0
824942,2026-03-31,ATL,ATH,0,0.0,0.5760497450828552,0.5348424315452576,0.5275987386703491,0.3923622667789459,True,-0.041207313537597656
824943,2026-03-30,ATL,ATH,1,1.0,0.5155306458473206,0.5206233263015747,0.5275987386703491,0.5033062100410461,True,0.00509268045425415
824944,2026-03-29,ATL,KC,0,0.0,0.7188541293144226,0.6215770840644836,0.5256584882736206,0.44335994124412537,True,-0.09727704524993896
824945,2026-03-28,ATL,KC,1,,0.6662168502807617,0.6656504273414612,0.52081298828125,0.4648172855377197,True,-0.0005664229393005371
824946,2026-03-27,ATL,KC,1,1.0,0.5796481966972351,0.5446693301200867,0.5256584882736206,0.4005166292190552,True,-0.03497886657714844
825018,2026-04-19,ATH,CWS,0,0.0,0.5648980736732483,0.5819199681282043,0.5256584882736206,0.48674577474594116,True,0.017021894454956055
825019,2026-04-17,ATH,CWS,0,0.0,0.6511049866676331,0.6511049866676331,0.6829389333724976,0.6829389333724976,False,0.0
825020,2026-04-18,ATH,CWS,1,0.0,0.6622610688209534,0.6622610688209534,0.5996598601341248,0.5996598601341248,False,0.0
825021,2026-04-15,ATH,TEX,1,,0.4781799614429474,0.4781799614429474,0.4020085632801056,0.4020085632801056,False,0.0
825022,2026-04-14,ATH,TEX,1,1.0,0.44175484776496887,0.44175484776496887,0.645095705986023,0.645095705986023,False,0.0
825023,2026-04-16,ATH,TEX,0,1.0,0.5431587100028992,0.5431587100028992,0.39660176634788513,0.39660176634788513,False,0.0
825024,2026-04-13,ATH,TEX,0,0.0,0.49436071515083313,0.49436071515083313,0.48710644245147705,0.48710644245147705,False,0.0
825025,2026-04-05,ATH,HOU,1,1.0,0.6208539009094238,0.5565234422683716,0.5256584882736206,0.5155734419822693,True,-0.06433045864105225
825026,2026-04-03,ATH,HOU,1,1.0,0.5539891123771667,0.5539891123771667,0.5721237659454346,0.5721237659454346,False,0.0
825027,2026-04-04,ATH,HOU,0,0.0,0.5668264627456665,0.5240675210952759,0.5256584882736206,0.501849353313446,True,-0.042758941650390625
825098,2026-04-18,AZ,TOR,1,1.0,0.4914948344230652,0.4914948344230652,0.80262291431427,0.80262291431427,False,0.0
825100,2026-04-19,AZ,TOR,0,0.0,0.647843599319458,0.647843599319458,0.4935057759284973,0.4935057759284973,False,0.0
825101,2026-04-17,AZ,TOR,1,1.0,0.4812461733818054,0.4812461733818054,0.4138663113117218,0.4138663113117218,False,0.0
825102,2026-04-05,AZ,ATL,1,,0.40447524189949036,0.35653427243232727,0.5256584882736206,0.5121439695358276,True,-0.047940969467163086
825103,2026-04-03,AZ,ATL,0,,0.5844879746437073,0.5796197652816772,0.52081298828125,0.5520870089530945,True,-0.004868209362030029
825104,2026-04-04,AZ,ATL,1,1.0,0.47187942266464233,0.47241926193237305,0.5256584882736206,0.5567286014556885,True,0.0005398392677307129
825105,2026-04-02,AZ,ATL,0,0.0,0.3572390675544739,0.3623529374599457,0.5183049440383911,0.7691456079483032,True,0.005113869905471802
825106,2026-04-01,AZ,DET,1,1.0,0.6725909113883972,0.6725909113883972,0.20208868384361267,0.20208868384361267,False,0.0
825107,2026-03-31,AZ,DET,1,0.0,0.6100219488143921,0.6418556571006775,0.5275987386703491,0.5148284435272217,True,0.0318337082862854
825108,2026-03-30,AZ,DET,1,1.0,0.5900115966796875,0.5665004849433899,0.5256584882736206,0.44993856549263,True,-0.023511111736297607
831446,2026-03-22,MIA,NYM,1,0.0,0.2664378583431244,0.3711022138595581,0.5275987386703491,0.5063116550445557,True,0.10466435551643372
831447,2026-03-23,PIT,ATL,0,0.0,0.3107277750968933,0.4382011890411377,0.5275987386703491,0.30182376503944397,True,0.12747341394424438
831448,2026-03-21,WSH,NYM,1,,0.43837329745292664,0.489188015460968,0.5275987386703491,0.47489747405052185,True,0.05081471800804138
831449,2026-03-21,STL,MIA,1,1.0,0.40852800011634827,0.4090469777584076,0.5275987386703491,0.3876451253890991,True,0.0005189776420593262
831450,2026-03-20,MIA,WSH,1,1.0,0.41910359263420105,0.5805519223213196,0.5275987386703491,0.5921544432640076,True,0.16144832968711853
831451,2026-03-20,ATL,PIT,1,1.0,0.47631439566612244,0.49383795261383057,0.5275987386703491,0.48761966824531555,True,0.01752355694770813
831456,2026-03-20,NYM,STL,0,0.0,0.34757038950920105,0.5757697820663452,0.5275987386703491,0.45583194494247437,True,0.22819939255714417
831492,2026-03-22,MIN,ATL,1,1.0,0.43439850211143494,0.48812440037727356,0.5275987386703491,0.3824511170387268,True,0.05372589826583862
831493,2026-03-22,NYY,PHI,1,1.0,0.4167437255382538,0.5198082327842712,0.5275987386703491,0.4829731583595276,True,0.10306450724601746
831496,2026-03-22,HOU,STL,0,,0.3850756585597992,0.5207272171974182,0.5275987386703491,0.4992932677268982,True,0.13565155863761902
831499,2026-03-21,BAL,PHI,1,0.0,0.46606743335723877,0.48637133836746216,0.5275987386703491,0.44741275906562805,True,0.02030390501022339
831502,2026-03-21,BOS,ATL,0,0.0,0.5265032052993774,0.5573104023933411,0.5275987386703491,0.5208091735839844,True,0.030807197093963623
831503,2026-03-22,BAL,WSH,1,1.0,0.47470614314079285,0.547927975654602,0.5275987386703491,0.532789945602417,True,0.0732218325138092
831505,2026-03-20,HOU,MIA,0,0.0,0.3697628080844879,0.42252761125564575,0.5275987386703491,0.4791662395000458,True,0.05276480317115784
831545,2026-03-24,ATL,TB,1,1.0,0.6546483039855957,0.5616263747215271,0.5275987386703491,0.40278610587120056,True,-0.0930219292640686
831546,2026-03-23,WSH,BAL,0,,0.5144416689872742,0.5151523947715759,0.5275987386703491,0.4987163245677948,True,0.0007107257843017578
831547,2026-03-23,PHI,TB,0,,0.37425509095191956,0.4754829406738281,0.5275987386703491,0.4916149079799652,True,0.10122784972190857
831549,2026-03-21,NYM,HOU,0,0.0,0.4170536994934082,0.546475887298584,0.5275987386703491,0.4972812831401825,True,0.12942218780517578
831550,2026-03-20,PHI,DET,0,1.0,0.4640585482120514,0.4342721402645111,0.5275987386703491,0.4172411262989044,True,-0.029786407947540283
831552,2026-03-22,PIT,BOS,0,1.0,0.35992977023124695,0.4430173635482788,0.5275987386703491,0.4045584201812744,True,0.08308759331703186
831553,2026-03-21,PIT,TOR,1,1.0,0.24125529825687408,0.25150156021118164,0.5275987386703491,0.5747970938682556,True,0.010246261954307556
831592,2026-03-22,TOR,TB,1,1.0,0.5949655771255493,0.6664374470710754,0.5275987386703491,0.5578731298446655,True,0.07147186994552612
831599,2026-03-21,TB,MIN,1,,0.5242558717727661,0.5542195439338684,0.5275987386703491,0.52237468957901,True,0.029963672161102295
831601,2026-03-21,DET,NYY,1,,0.36016911268234253,0.438746839761734,0.5275987386703491,0.42621123790740967,True,0.07857772707939148
831602,2026-03-20,TB,BOS,1,1.0,0.4586527943611145,0.42473268508911133,0.5275987386703491,0.4131833016872406,True,-0.033920109272003174
831603,2026-03-20,NYY,BAL,1,,0.5797006487846375,0.7090398669242859,0.5275987386703491,0.3966636657714844,True,0.12933921813964844
831604,2026-03-20,MIN,TOR,0,0.0,0.44928446412086487,0.4948003590106964,0.5275987386703491,0.47215309739112854,True,0.04551589488983154
831734,2026-03-21,AZ,TEX,1,1.0,0.4823981821537018,0.45279964804649353,0.5275987386703491,0.43587908148765564,True,-0.029598534107208252
831735,2026-03-23,SD,SEA,1,0.0,0.3668978214263916,0.39890626072883606,0.5275987386703491,0.4194391965866089,True,0.03200843930244446
831743,2026-03-20,CLE,SEA,0,0.0,0.4707086384296417,0.42590945959091187,0.5275987386703491,0.393355131149292,True,-0.04479917883872986
831746,2026-03-22,CWS,SEA,0,0.0,0.458941787481308,0.32686248421669006,0.5275987386703491,0.47845542430877686,True,-0.13207930326461792
831749,2026-03-20,TEX,SF,1,0.0,0.5844601988792419,0.5131387710571289,0.5275987386703491,0.5934442281723022,True,-0.07132142782211304
831766,2026-03-20,LAD,SD,1,1.0,0.6080423593521118,0.5649541616439819,0.5275987386703491,0.5745479464530945,True,-0.04308819770812988
831767,2026-03-21,MIL,SD,1,1.0,0.5956808924674988,0.5281380414962769,0.5275987386703491,0.6216081976890564,True,-0.06754285097122192
831779,2026-03-24,CHC,NYY,0,0.0,0.5714051127433777,0.5401032567024231,0.5275987386703491,0.42054569721221924,True,-0.03130185604095459
831780,2026-03-23,CHC,NYY,1,1.0,0.4150431454181671,0.3866637349128723,0.5275987386703491,0.6482120752334595,True,-0.0283794105052948
831789,2026-03-22,CHC,MIL,1,1.0,0.4286569058895111,0.40202292799949646,0.5275987386703491,0.4078074097633362,True,-0.02663397789001465
831796,2026-03-20,AZ,MIL,1,0.0,0.4559675455093384,0.48648884892463684,0.5275987386703491,0.437958300113678,True,0.030521303415298462
831804,2026-03-22,LAA,LAD,0,0.0,0.35446345806121826,0.20713138580322266,0.5275987386703491,0.4753575325012207,True,-0.1473320722579956
831820,2026-03-24,LAD,LAA,0,0.0,0.6266295313835144,0.6687489748001099,0.5275987386703491,0.6305588483810425,True,0.04211944341659546
831821,2026-03-23,LAD,LAA,0,0.0,0.6566054821014404,0.6861404776573181,0.5275987386703491,0.4653020203113556,True,0.029534995555877686
831835,2026-03-20,SF,KC,1,1.0,0.45261865854263306,0.46742576360702515,0.5275987386703491,0.4409932494163513,True,0.01480710506439209
831837,2026-03-24,TEX,KC,1,1.0,0.4177130460739136,0.4756269156932831,0.5275987386703491,0.45507991313934326,True,0.05791386961936951
831838,2026-03-23,TEX,KC,1,1.0,0.4825614094734192,0.6629936695098877,0.5275987386703491,0.5260387063026428,True,0.1804322600364685
831856,2026-03-24,COL,DET,0,,0.33821818232536316,0.28364232182502747,0.5275987386703491,0.47765615582466125,True,-0.05457586050033569
831857,2026-03-23,COL,DET,1,,0.34786298871040344,0.38863101601600647,0.5275987386703491,0.5525058507919312,True,0.04076802730560303
831864,2026-03-20,SD,COL,0,0.0,0.5012598633766174,0.6813076138496399,0.5275987386703491,0.49961405992507935,True,0.18004775047302246
831868,2026-03-21,KC,COL,1,0.0,0.4645468294620514,0.6364921927452087,0.5275987386703491,0.5753303170204163,True,0.17194536328315735
831873,2026-03-21,SF,CLE,1,1.0,0.492172509431839,0.5901817679405212,0.5275987386703491,0.5438818335533142,True,0.09800925850868225
831885,2026-03-23,AZ,CLE,0,0.0,0.47498878836631775,0.4598489999771118,0.5275987386703491,0.4501199424266815,True,-0.015139788389205933
831887,2026-03-24,AZ,CLE,0,0.0,0.41856780648231506,0.47494739294052124,0.5275987386703491,0.47608065605163574,True,0.05637958645820618
831896,2026-03-22,CLE,CIN,1,1.0,0.4749254286289215,0.472196102142334,0.5275987386703491,0.40819087624549866,True,-0.0027293264865875244
831902,2026-03-20,CHC,CIN,0,0.0,0.425723671913147,0.4079378545284271,0.5275987386703491,0.5106652975082397,True,-0.01778581738471985
831910,2026-03-20,LAA,CWS,1,1.0,0.5420731902122498,0.5182719826698303,0.5275987386703491,0.4581190049648285,True,-0.023801207542419434
831915,2026-03-23,ATH,CWS,1,1.0,0.4773816764354706,0.39464184641838074,0.5275987386703491,0.4919925630092621,True,-0.08273983001708984
831916,2026-03-21,CIN,CWS,1,1.0,0.3843534588813782,0.4321471154689789,0.5275987386703491,0.6219429969787598,True,0.04779365658760071
831923,2026-03-21,SEA,CHC,0,,0.500093400478363,0.5916540026664734,0.5275987386703491,0.517352283000946,True,0.09156060218811035
831931,2026-03-20,ATH,CHC,1,1.0,0.6305873990058899,0.49091798067092896,0.5275987386703491,0.4078733026981354,True,-0.13966941833496094
831937,2026-03-21,LAD,ATH,0,,0.3829241693019867,0.5228813290596008,0.5275987386703491,0.5985470414161682,True,0.13995715975761414
831945,2026-03-22,COL,ATH,1,0.0,0.46457427740097046,0.4135335087776184,0.5275987386703491,0.5594081282615662,True,-0.05104076862335205
831947,2026-03-22,SD,AZ,0,0.0,0.44381582736968994,0.554438054561615,0.5275987386703491,0.5157742500305176,True,0.11062222719192505
832036,2026-03-23,BOS,MIN,0,0.0,0.453360915184021,0.5362717509269714,0.5275987386703491,0.4452861547470093,True,0.08291083574295044
832037,2026-03-24,MIN,BOS,1,1.0,0.529754102230072,0.5627388954162598,0.5275987386703491,0.5154927372932434,True,0.032984793186187744
832077,2026-03-24,MIL,CIN,1,1.0,0.5949901342391968,0.5275267362594604,0.5275987386703491,0.41138479113578796,True,-0.06746339797973633
832078,2026-03-23,MIL,CIN,1,1.0,0.5952407717704773,0.658194363117218,0.5275987386703491,0.38011276721954346,True,0.06295359134674072
