game_id,game_date,side,team,price,decimal,prob,fair,edge_pp,ev,tier,signals,stake,won,pnl,bankroll
778150,2025-04-27,home,STL,-114.0,1.8771929824561404,0.5844084620475769,0.51257761103378,7.183085101379694,0.097047463843697,PLATINUM,"F3_swing_take_gap=976.2, F4_opp_sp_lucky=-1.05",0.8297558158636094,False,-0.8297558158636094,99.1702441841364
778144,2025-04-27,home,MIN,-147.5,1.6779661016949152,0.6621918082237244,0.5926750767951611,6.951673142856329,0.11113540701946967,DIAMOND,"F1_xera_gap=1.29, F3_swing_take_gap=572.0, F4_our_sp_unlucky=2.51",4.064113760286421,True,2.7553313629060483,101.92557554704244
778141,2025-04-28,home,CIN,-120.0,1.8333333333333335,0.651248574256897,0.5323040167875672,11.894455746932975,0.1939557194709779,PLATINUM,"F3_swing_take_gap=73.3, F4_our_sp_unlucky=3.43",1.5288836332056366,True,1.2740696943380307,103.19964524138047
778131,2025-04-29,home,PHI,-191.0,1.5235602094240837,0.7053926587104797,0.6606899849223155,4.470267378816429,0.07470818683114966,DIAMOND,"F1_xera_gap=1.63, F3_swing_take_gap=860.5, F4_our_sp_unlucky=4.61",3.6814573753046775,True,1.9274645944003543,105.12710983578081
778135,2025-04-29,home,PIT,132.0,2.3200000000000003,0.59922856092453,0.4008260486262436,19.84025122982864,0.3902102613449099,PLATINUM,"F1_xera_gap=2.39, F4_our_sp_unlucky=2.05",1.5769066475367122,False,-1.5769066475367122,103.5502031882441
778124,2025-04-29,home,HOU,-113.5,1.881057268722467,0.5801926851272583,0.5185686970249208,6.162398810233749,0.09137566761823479,PLATINUM,"F1_xera_gap=1.17, F4_our_sp_unlucky=1.97",0.805450106726563,True,0.7096476711247252,104.25985085936883
778120,2025-04-29,home,COL,145.0,2.45,0.5915976166725159,0.36993698448437484,22.166063218814102,0.44941416084766395,PLATINUM,"F1_xera_gap=1.35, F4_our_sp_unlucky=3.90",0.9361858704320483,False,-0.9361858704320483,103.32366498893677
778134,2025-04-30,home,CIN,-118.0,1.847457627118644,0.6940573453903198,0.5239840891851306,17.00732562051892,0.28224153639906546,DIAMOND,"F1_xera_gap=2.86, F3_swing_take_gap=446.7, F4_our_sp_unlucky=3.93",5.1661832494468385,False,-5.1661832494468385,98.15748173948992
778105,2025-04-30,home,SD,105.0,2.05,0.7268984913825989,0.467347328108675,25.955116327392386,0.4901419073343276,DIAMOND,"F1_xera_gap=0.94, F3_swing_take_gap=2104.7, F4_our_sp_unlucky=2.78",1.8338167505531624,True,1.9255075880808201,100.08298932757074
778095,2025-05-01,home,TOR,-102.0,1.9803921568627452,0.6240113973617554,0.48442584542481787,13.95855519369375,0.23578727712818226,PLATINUM,"F1_xera_gap=0.87, F4_our_sp_unlucky=1.47",1.5012448399135612,True,1.4718086665819228,101.55479799415266
778107,2025-05-01,home,CIN,-125.0,1.8,0.6764103770256042,0.5407428086139267,13.56675684116776,0.21753867864608767,PLATINUM,"F1_xera_gap=0.77, F4_our_sp_unlucky=3.66",1.52332196991229,True,1.2186575759298321,102.77345557008249
778089,2025-05-02,home,BOS,-116.0,1.8620689655172413,0.5541119575500488,0.5216196848488626,3.2492272701186264,0.031794679575952944,PLATINUM,"F2_xwoba_gap=0.029, F3_swing_take_gap=4171.1",0.28428547072248617,True,0.24507368165731563,103.0185292517398
778073,2025-05-03,home,BOS,340.0,4.4,0.6028334498405457,0.16130794331670414,44.15255065238415,1.6524671792984011,DIAMOND,"F1_xera_gap=2.47, F2_xwoba_gap=0.028, F3_swing_take_gap=4126.2, F4_our_sp_unlucky=4.38",5.150926462586991,False,-5.150926462586991,97.86760278915281
778065,2025-05-03,home,PIT,-128.5,1.7782101167315174,0.6146946549415588,0.5436204965205905,7.107415842096831,0.09305625411786916,PLATINUM,"F1_xera_gap=2.28, F4_our_sp_unlucky=4.18, F4_opp_sp_lucky=-1.17",0.8777056786383376,False,-0.8777056786383376,96.98989711051448
778064,2025-05-03,home,TOR,-134.0,1.7462686567164178,0.6308310031890869,0.5640991538806756,6.673184930841137,0.10160040855407709,DIAMOND,"F1_xera_gap=2.64, F3_swing_take_gap=2396.4, F4_our_sp_unlucky=2.91",0.9713678587746726,False,-0.9713678587746726,96.0185292517398
778036,2025-05-05,home,STL,-135.0,1.7407407407407407,0.6004343032836914,0.5643244441848855,3.610985909880593,0.045200453864203516,DIAMOND,"F1_xera_gap=1.18, F3_swing_take_gap=548.9, F4_our_sp_unlucky=1.78",1.4647773717737802,True,1.0850202753879852,97.1035495271278
778041,2025-05-06,home,NYY,-120.0,1.8333333333333335,0.6015393137931824,0.5337924581175311,6.774685567565131,0.10282207528750109,DIAMOND,"F2_xwoba_gap=0.030, F3_swing_take_gap=4645.5, F4_our_sp_unlucky=4.61",2.995316544048577,True,2.4960971200404813,99.59964664716827
778046,2025-05-06,home,WSH,-102.0,1.9803921568627452,0.5557661652565002,0.48258145646483824,7.3184708791662,0.10063495472365735,PLATINUM,"F2_xwoba_gap=0.020, F3_swing_take_gap=2934.6",0.7667752537084987,False,-0.7667752537084987,98.83287139345977
778037,2025-05-06,home,BOS,100.0,2.0,0.6541121602058411,0.4783803151511375,17.57318450547036,0.30822432041168213,PLATINUM,"F2_xwoba_gap=0.034, F3_swing_take_gap=5193.6",1.4824930709018964,False,-1.4824930709018964,97.35037832255787
778030,2025-05-06,home,STL,100.5,2.005,0.5677313208580017,0.474099593075282,9.363172778271972,0.13830129832029336,PLATINUM,"F3_swing_take_gap=651.7, F4_our_sp_unlucky=3.38",1.0047525159687685,True,1.0097762785486122,98.36015460110649
778026,2025-05-06,home,WSH,-102.0,1.9803921568627452,0.553287148475647,0.48258145646483824,7.070569201080873,0.09572552933412448,PLATINUM,"F2_xwoba_gap=0.020, F3_swing_take_gap=2934.6",0.7202917066401587,True,0.706168339843293,99.06632294094977
778017,2025-05-07,home,MIA,127.5,2.275,0.5495361089706421,0.3962126687386864,15.33234402319557,0.25019464790821067,PLATINUM,"F1_xera_gap=3.89, F4_our_sp_unlucky=2.77",1.4579919875160012,False,-1.4579919875160012,97.60833095343378
778023,2025-05-07,home,ATL,-118.5,1.8438818565400843,0.6732290983200073,0.5260806726787476,14.714842564125973,0.2413549196871021,PLATINUM,"F3_swing_take_gap=2711.8, F4_our_sp_unlucky=1.10",1.4641249643015066,False,-1.4641249643015066,96.14420598913227
778018,2025-05-07,home,BOS,-136.0,1.7352941176470589,0.6312558054924011,0.5673456596425738,6.3910145849827344,0.09541448600151964,DIAMOND,"F2_xwoba_gap=0.032, F3_swing_take_gap=4917.4, F4_our_sp_unlucky=4.35",3.1190069988022753,True,2.29338749911932,98.4375934882516
778006,2025-05-08,home,BOS,-132.5,1.7547169811320755,0.6050059199333191,0.5633864957847667,4.161942414855235,0.06161416139242787,PLATINUM,"F2_xwoba_gap=0.032, F3_swing_take_gap=5017.1",0.6027242586190669,True,0.4548862329200505,98.89247972117164
778007,2025-05-08,home,MIN,-154.5,1.6472491909385112,0.6562619209289551,0.6031414557141801,5.312046521477498,0.08102691829397446,PLATINUM,"F1_xera_gap=2.40, F4_our_sp_unlucky=2.58",0.9285009143044025,True,0.6009714655691925,99.49345118674083
777995,2025-05-09,home,WSH,-108.0,1.925925925925926,0.5712745189666748,0.5,7.1274518966674805,0.10023240689878121,DIAMOND,"F1_xera_gap=2.23, F3_swing_take_gap=1085.1, F4_our_sp_unlucky=2.32",2.6925663824406265,False,-2.6925663824406265,96.8008848043002
778002,2025-05-09,home,TB,100.0,2.0,0.5416932106018066,0.4760159108148693,6.567729978693731,0.08338642120361328,PLATINUM,"F3_swing_take_gap=1221.2, F4_our_sp_unlucky=2.07",0.6053909514880368,True,0.6053909514880368,97.40627575578823
777998,2025-05-09,home,PIT,126.0,2.26,0.6018685698509216,0.4102474531121455,19.162111673877614,0.3602229678630827,PLATINUM,"F1_xera_gap=0.96, F4_our_sp_unlucky=3.70",1.4610941363368233,True,1.840978611784397,99.24725436757262
778001,2025-05-09,home,NYM,-143.0,1.6993006993006992,0.61407470703125,0.5776003313174983,3.647437571375167,0.0434975790810751,DIAMOND,"F1_xera_gap=1.89, F3_swing_take_gap=325.5, F4_our_sp_unlucky=2.93",1.5433329681173216,True,1.0792538238582665,100.32650819143089
777987,2025-05-10,home,DET,105.0,2.05,0.6976802945137024,0.46288061179517204,23.479968271853036,0.4302446037530898,DIAMOND,"F2_xwoba_gap=0.029, F3_swing_take_gap=4721.8, F4_our_sp_unlucky=2.04",5.016325409571545,False,-5.016325409571545,95.31018278185934
777985,2025-05-10,home,PIT,220.0,3.2,0.5715991258621216,0.2549016619320592,31.669746393006236,0.8291172027587892,PLATINUM,"F1_xera_gap=1.88, F4_our_sp_unlucky=1.58",1.4296527417278901,False,-1.4296527417278901,93.88053004013145
777980,2025-05-10,home,WSH,104.0,2.04,0.5752505660057068,0.4654620250480224,10.978854095768437,0.1735111546516419,DIAMOND,"F1_xera_gap=1.99, F3_swing_take_gap=760.3, F4_our_sp_unlucky=3.48",0.5540218487005655,False,-0.5540218487005655,93.32650819143088
777969,2025-05-11,home,DET,-116.0,1.8620689655172413,0.7045366764068604,0.5201115162816515,18.442516012520883,0.3118958802058779,DIAMOND,"F2_xwoba_gap=0.025, F3_swing_take_gap=4295.9, F4_our_sp_unlucky=1.12",4.666325409571544,False,-4.666325409571544,88.66018278185933
777965,2025-05-11,home,KC,-130.0,1.7692307692307692,0.704845666885376,0.5516985872940783,15.31470795912977,0.24703464141258824,PLATINUM,"F1_xera_gap=1.16, F4_our_sp_unlucky=1.19",1.32990274172789,False,-1.32990274172789,87.33028004013144
777963,2025-05-11,home,HOU,-147.0,1.6802721088435373,0.6994516253471375,0.588967363237769,11.048426210936846,0.17526905755607441,PLATINUM,"F3_swing_take_gap=1865.3, F4_our_sp_unlucky=3.81",1.0037718487005671,True,0.6828379923133109,88.01311803244475
777951,2025-05-12,home,DET,-104.0,1.9615384615384617,0.6812549233436584,0.4892146212552501,19.204030208840834,0.33630773425102245,PLATINUM,"F1_xera_gap=0.94, F4_our_sp_unlucky=2.77",1.3201967704866713,True,1.2694199716217995,89.28253800406655
777953,2025-05-12,home,PHI,-175.0,1.5714285714285714,0.6652969121932983,0.6341804057530172,3.111650644028119,0.0454665763037545,PLATINUM,"F3_swing_take_gap=1933.9, F4_our_sp_unlucky=3.28",0.5327924866365613,False,-0.5327924866365613,88.74974551742999
777940,2025-05-13,home,DET,-115.0,1.8695652173913042,0.6738633513450623,0.5189038258997157,15.495952544534653,0.2598314829494641,PLATINUM,"F1_xera_gap=1.65, F4_our_sp_unlucky=2.87, F4_opp_sp_lucky=-1.79",1.3312461827614497,True,1.157605376314304,89.9073508937443
777923,2025-05-14,home,TOR,-155.0,1.6451612903225805,0.6646945476531982,0.6028551347622929,6.183941289090534,0.0935297396875196,DIAMOND,"F1_xera_gap=2.09, F3_swing_take_gap=1899.2, F4_our_sp_unlucky=2.62",3.258491810970975,True,2.1022527812715963,92.0096036750159
777933,2025-05-14,home,PHI,-122.0,1.819672131147541,0.659118115901947,0.5360255036582351,12.309261224371193,0.19937886664124782,PLATINUM,"F3_swing_take_gap=1946.7, F4_our_sp_unlucky=2.04",1.3801440551252384,False,-1.3801440551252384,90.62945961989065
777915,2025-05-14,home,SEA,107.0,2.0700000000000003,0.5548008680343628,0.45831450543787117,9.648636259649162,0.14843779683113112,PLATINUM,"F1_xera_gap=0.85, F4_our_sp_unlucky=2.27",0.9429558864934013,False,-0.9429558864934013,89.68650373339725
777922,2025-05-14,home,PHI,-122.0,1.819672131147541,0.6565374732017517,0.5360255036582351,12.051196954351662,0.19468294303925315,DIAMOND,"F1_xera_gap=2.41, F3_swing_take_gap=1946.7, F4_our_sp_unlucky=2.54",1.4184082474103858,True,1.1626297109921195,90.84913344438937
777913,2025-05-15,home,TOR,-166.0,1.6024096385542168,0.6633446216583252,0.620332191396994,4.3012430261331165,0.06294981542840056,DIAMOND,"F1_xera_gap=0.85, F3_swing_take_gap=2155.9, F4_our_sp_unlucky=2.15",2.373358515594094,False,-2.373358515594094,88.47577492879527
777908,2025-05-16,home,BOS,-115.0,1.8695652173913042,0.5527194738388062,0.5189038258997157,3.381564793909042,0.033345103263854925,PLATINUM,"F3_swing_take_gap=3194.7, F4_our_sp_unlucky=1.35",0.2544576696789604,False,-0.2544576696789604,88.22131725911632
777895,2025-05-16,home,TEX,-130.0,1.7692307692307692,0.6028415560722351,0.5545794362210545,4.826211985118056,0.06656582997395438,PLATINUM,"F1_xera_gap=9.01, F4_our_sp_unlucky=2.03",0.572571207462991,False,-0.572571207462991,87.64874605165333
777901,2025-05-16,home,KC,-154.0,1.6493506493506493,0.691498875617981,0.6021357230289716,8.93631525890094,0.14052411952576077,PLATINUM,"F1_xera_gap=4.34, F4_our_sp_unlucky=6.14",1.3147311907748,False,-1.3147311907748,86.33401486087854
777904,2025-05-16,home,NYY,-145.0,1.6896551724137931,0.6657981276512146,0.5846862341459951,8.111189350521952,0.12496925016929367,DIAMOND,"F1_xera_gap=1.11, F3_swing_take_gap=1423.4, F4_our_sp_unlucky=3.84",3.911047699209884,True,2.6972742753171617,89.0312891361957
777893,2025-05-17,home,BOS,-118.0,1.847457627118644,0.5889874696731567,0.5262554268699337,6.273204280322309,0.08812939312498447,DIAMOND,"F1_xera_gap=1.30, F3_swing_take_gap=3320.2, F4_our_sp_unlucky=4.19",2.3146506768088453,True,1.9615683701769875,90.99285750637269
777875,2025-05-17,home,SD,-169.0,1.5917159763313609,0.6776615381240845,0.6282802090479237,4.938132907616078,0.07864469677738883,PLATINUM,"F1_xera_gap=2.73, F4_our_sp_unlucky=1.18",0.9070363958902232,False,-0.9070363958902232,90.08582111048247
777889,2025-05-17,home,MIA,1200.0,13.0,0.5986281633377075,0.026596705056529123,57.20314582811784,6.782166123390198,PLATINUM,"F3_swing_take_gap=28.7, F4_our_sp_unlucky=4.25",1.351287316657237,False,-1.351287316657237,88.73453379382524
777888,2025-05-17,home,NYY,-131.0,1.7633587786259541,0.6732330322265625,0.5584132156493461,11.48198165772164,0.18715137743767885,DIAMOND,"F1_xera_gap=0.88, F3_swing_take_gap=1766.9, F4_our_sp_unlucky=4.02",2.427025610643695,False,-2.427025610643695,86.30750818318154
777874,2025-05-18,home,CIN,-120.0,1.8333333333333335,0.5858936905860901,0.5367496191075037,4.914407147858634,0.07413843274116527,DIAMOND,"F1_xera_gap=5.00, F3_swing_take_gap=336.4, F4_our_sp_unlucky=3.74",1.9196110171489122,True,1.5996758476240938,87.90718403080564
777880,2025-05-18,home,PHI,-102.0,1.9803921568627452,0.6406912207603455,0.48258145646483824,15.810976429550722,0.2688198685646057,PLATINUM,"F2_xwoba_gap=0.027, F3_swing_take_gap=5288.0",1.3186077604620845,True,1.292752706335377,89.19993673714102
777861,2025-05-19,home,MIN,-142.0,1.704225352112676,0.6539536714553833,0.5794987583752816,7.4454913080101655,0.11448442600142783,DIAMOND,"F1_xera_gap=0.83, F3_swing_take_gap=1894.9, F4_our_sp_unlucky=2.34",3.625261262633919,True,2.5530008891788163,91.75293762631983
777844,2025-05-20,home,MIL,-124.0,1.8064516129032258,0.5717540979385376,0.539678510567689,3.207558737084859,0.03284611240510016,PLATINUM,"F1_xera_gap=2.07, F4_our_sp_unlucky=3.20",0.28027663915781875,True,0.22602954770791833,91.97896717402776
777847,2025-05-20,home,PIT,124.0,2.24,0.530045211315155,0.41531376585400503,11.473144546115,0.18730127334594737,PLATINUM,"F3_swing_take_gap=285.6, F4_our_sp_unlucky=2.98",1.0420026818189811,True,1.2920833254555368,93.2710504994833
777841,2025-05-20,home,WSH,150.0,2.5,0.5296298265457153,0.36088649948628254,16.874332705943278,0.32407456636428833,DIAMOND,"F1_xera_gap=1.90, F3_swing_take_gap=293.7, F4_our_sp_unlucky=2.60",4.663552524974165,True,6.995328787461247,100.26637928694454
777835,2025-05-21,home,NYY,-114.0,1.8771929824561404,0.6689826250076294,0.5147304820511158,15.425214295651358,0.2558094890494096,DIAMOND,"F2_xwoba_gap=0.041, F3_swing_take_gap=8525.5, F4_our_sp_unlucky=2.49",5.013318964347228,True,4.397648214339674,104.66402750128421
777829,2025-05-21,home,MIN,190.0,2.9,0.6539536714553833,0.2908729658270835,36.30807056282998,0.8964656472206116,DIAMOND,"F1_xera_gap=1.44, F3_swing_take_gap=1943.6, F4_our_sp_unlucky=2.18",1.986681035652773,False,-1.986681035652773,102.67734646563143
777820,2025-05-22,home,WSH,135.0,2.35,0.5976211428642273,0.392942755911754,20.46783869524733,0.40440968573093417,DIAMOND,"F1_xera_gap=1.71, F3_swing_take_gap=584.2, F4_our_sp_unlucky=3.78",5.133867323281572,True,6.930720886430122,109.60806735206155
777818,2025-05-22,home,NYY,-158.0,1.6329113924050633,0.6689763069152832,0.6100726931045565,5.8903613810726725,0.0923790328110321,DIAMOND,"F2_xwoba_gap=0.040, F3_swing_take_gap=8341.8, F4_our_sp_unlucky=3.54",1.8661326767184292,True,1.181096630834449,110.789163982896
777807,2025-05-23,home,DET,-118.0,1.847457627118644,0.7191187143325806,0.5239840891851306,19.513462514744994,0.3285413535974794,DIAMOND,"F2_xwoba_gap=0.030, F3_swing_take_gap=6121.9, F4_our_sp_unlucky=1.89",5.5394581991448,False,-5.5394581991448,105.2497057837512
777811,2025-05-23,home,CIN,-104.0,1.9615384615384617,0.6578782200813293,0.48795343113203293,16.99247889492964,0.2904534316979923,PLATINUM,"F1_xera_gap=2.24, F4_our_sp_unlucky=3.99",1.460541800855201,False,-1.460541800855201,103.789163982896
777809,2025-05-24,home,BOS,-134.0,1.7462686567164178,0.6524990200996399,0.5626903447963786,8.980867530326131,0.1394385873381771,DIAMOND,"F2_xwoba_gap=0.021, F3_swing_take_gap=4607.9, F4_our_sp_unlucky=2.36",4.848191826273119,True,3.6180536016963574,107.40721758459236
777796,2025-05-24,home,DET,-140.0,1.7142857142857144,0.6986152529716492,0.5750547325859695,12.356052038567967,0.19762614795139866,DIAMOND,"F1_xera_gap=4.40, F2_xwoba_gap=0.029, F3_swing_take_gap=5991.7, F4_our_sp_unlucky=3.90",2.1518081737268817,False,-2.1518081737268817,105.25540941086548
777778,2025-05-25,home,WSH,138.0,2.38,0.6169779896736145,0.38439434337677947,23.258364629683502,0.4684076154232024,DIAMOND,"F2_xwoba_gap=0.020, F3_swing_take_gap=4255.5, F4_our_sp_unlucky=4.99",5.262770470543274,False,-5.262770470543274,99.99263894032221
777785,2025-05-25,home,BOS,-130.0,1.7692307692307692,0.6494671702384949,0.556010132785257,9.345703745323785,0.1490573011911832,DIAMOND,"F1_xera_gap=0.91, F2_xwoba_gap=0.020, F3_swing_take_gap=4458.8, F4_our_sp_unlucky=2.29",1.7372295294567266,False,-1.7372295294567266,98.25540941086548
777762,2025-05-26,home,TB,-120.0,1.8333333333333335,0.6044901013374329,0.5293072184206601,7.518288291677278,0.10823185245196032,PLATINUM,"F3_swing_take_gap=622.3, F4_our_sp_unlucky=1.86",0.9570928476567369,True,0.7975773730472808,99.05298678391276
777770,2025-05-26,home,DET,-110.0,1.9090909090909092,0.5928154587745667,0.502654995524218,9.016046325034866,0.1317386031150818,DIAMOND,"F2_xwoba_gap=0.022, F3_swing_take_gap=4739.7, F4_our_sp_unlucky=1.91",3.5885030811545637,True,3.262275528322331,102.31526231223509
777760,2025-05-26,home,KC,-120.0,1.8333333333333335,0.6720690727233887,0.5262836035924592,14.57854691309295,0.23212663332621264,PLATINUM,"F3_swing_take_gap=516.9, F4_our_sp_unlucky=2.05",1.5347289346835262,False,-1.5347289346835262,100.78053337755156
777748,2025-05-27,home,PHI,-110.0,1.9090909090909092,0.5964624881744385,0.5067879490415165,8.9674539132922,0.13870111378756445,DIAMOND,"F1_xera_gap=6.24, F3_swing_take_gap=2388.0, F4_our_sp_unlucky=5.01",3.844052362582084,True,3.494593056892804,104.27512643444437
777746,2025-05-27,home,TB,105.0,2.05,0.6207998991012573,0.46073661783349945,16.006328126775788,0.27263979315757736,PLATINUM,"F3_swing_take_gap=324.5, F4_our_sp_unlucky=3.50",1.5641268965166655,False,-1.5641268965166655,102.7109995379277
777732,2025-05-28,home,TB,-110.0,1.9090909090909092,0.5859158635139465,0.502654995524218,8.326086798972854,0.11856664852662524,PLATINUM,"F3_swing_take_gap=408.3, F4_our_sp_unlucky=1.54",1.0046931660176268,True,0.9133574236523881,103.62435696158009
777726,2025-05-28,home,SD,-161.0,1.62111801242236,0.6574552059173584,0.6114715672591874,4.598363865817101,0.0658124766734815,DIAMOND,"F1_xera_gap=0.78, F3_swing_take_gap=392.8, F4_our_sp_unlucky=3.70",2.7449596690737508,False,-2.7449596690737508,100.87939729250634
777735,2025-05-29,home,PHI,104.0,2.04,0.5874741077423096,0.4676959832124328,11.97781245298768,0.1984471797943116,DIAMOND,"F1_xera_gap=3.74, F3_swing_take_gap=2433.6, F4_our_sp_unlucky=3.14",4.8123153586653356,True,5.004807973011949,105.88420526551829
777723,2025-05-29,home,PHI,104.0,2.04,0.577697217464447,0.4676959832124328,11.000123425201425,0.17850232362747198,DIAMOND,"F1_xera_gap=2.35, F3_swing_take_gap=2433.6, F4_our_sp_unlucky=3.92",2.1876846413346653,False,-2.1876846413346653,103.69652062418362
777719,2025-05-30,home,ATL,-165.0,1.606060606060606,0.6591625809669495,0.6197013571726473,3.946122379430217,0.058655054280252084,PLATINUM,"F1_xera_gap=0.80, F4_our_sp_unlucky=1.05",0.7526877244282403,False,-0.7526877244282403,102.94383289975538
777715,2025-05-30,home,PHI,-120.0,1.8333333333333335,0.5739870667457581,0.5308089499229667,4.317811682279138,0.052309622367223196,DIAMOND,"F2_xwoba_gap=0.031, F3_swing_take_gap=7287.3, F4_our_sp_unlucky=3.14",1.615485907206219,False,-1.615485907206219,101.32834699254916
777714,2025-05-30,home,HOU,-115.5,1.8658008658008658,0.6198290586471558,0.5180246564667291,10.180440218042664,0.15647759427239882,DIAMOND,"F1_xera_gap=0.90, F3_swing_take_gap=2255.5, F4_our_sp_unlucky=1.77",4.578309111046715,True,3.963903992248238,105.29225098479739
777717,2025-05-30,home,MIA,140.0,2.4,0.6199495196342468,0.38029864282735265,23.965087680689418,0.4878788471221923,PLATINUM,"F3_swing_take_gap=1966.5, F4_our_sp_unlucky=1.80",0.05351725731882606,False,-0.05351725731882606,105.23873372747856
777698,2025-05-31,home,LAD,101.0,2.01,0.5520431995391846,0.4722012171214864,7.9841982417698185,0.1096068310737609,PLATINUM,"F3_swing_take_gap=433.1, F4_our_sp_unlucky=1.31",0.8565508002537808,True,0.8651163082563185,106.10385003573488
777695,2025-05-31,home,SEA,-110.0,1.9090909090909092,0.5434105396270752,0.5082075403713182,3.5202999255756984,0.037420121106234494,PLATINUM,"F3_swing_take_gap=4648.8, F4_our_sp_unlucky=1.92",0.3275595607494327,True,0.29778141886312065,106.401631454598
777693,2025-05-31,home,HOU,-147.5,1.6779661016949152,0.6460891366004944,0.5920153165896026,5.407382001089179,0.08411566988896513,DIAMOND,"F1_xera_gap=2.76, F3_swing_take_gap=2443.7, F4_our_sp_unlucky=5.05",3.300328911986596,False,-3.300328911986596,103.1013025426114
777689,2025-06-01,home,MIA,110.0,2.1,0.6071852445602417,0.44830141270592166,15.888383185432003,0.2750890135765076,DIAMOND,"F1_xera_gap=2.34, F3_swing_take_gap=1336.7, F4_our_sp_unlucky=2.69",5.1550651271305705,False,-5.1550651271305705,97.94623741548084
777671,2025-06-02,home,CIN,-110.5,1.9049773755656108,0.5546085834503174,0.5125041689321339,4.2104414518183475,0.05651680376734658,PLATINUM,"F3_swing_take_gap=204.9, F4_our_sp_unlucky=2.10",0.4587635361851655,False,-0.4587635361851655,97.48747387929568
777665,2025-06-03,home,TOR,116.0,2.16,0.5613605380058289,0.43497229097536777,12.638824703046108,0.21253876209259037,PLATINUM,"F3_swing_take_gap=574.4, F4_our_sp_unlucky=1.64",1.3396465744292612,False,-1.3396465744292612,96.14782730486641
777662,2025-06-03,home,TB,-142.0,1.704225352112676,0.6095362305641174,0.5794987583752816,3.003747218883579,0.03878709715856632,PLATINUM,"F3_swing_take_gap=510.6, F4_our_sp_unlucky=1.22",0.3971699302010739,True,0.2796971339444182,96.42752443881083
777668,2025-06-03,home,CIN,-125.0,1.8,0.6210723519325256,0.5400039270207937,8.106842491173193,0.11793023347854614,PLATINUM,"F1_xera_gap=1.63, F4_our_sp_unlucky=3.55",1.0660987941400477,True,0.8528790353120382,97.28040347412288
777652,2025-06-04,home,MIA,-130.0,1.7692307692307692,0.5828204154968262,0.5516985872940783,3.112182820274789,0.031143812032846274,DIAMOND,"F2_xwoba_gap=0.021, F3_swing_take_gap=5201.9, F4_our_sp_unlucky=1.79",0.984646845090197,False,-0.984646845090197,96.29575662903268
777649,2025-06-04,home,BOS,-128.0,1.78125,0.6150637269020081,0.549697233465536,6.5366493436472055,0.09558226354420185,PLATINUM,"F3_swing_take_gap=3814.1, F4_our_sp_unlucky=1.23",0.8835999732772343,True,0.6903124791228393,96.98606910815552
777628,2025-06-05,home,SEA,-110.0,1.9090909090909092,0.5385075807571411,0.5053896396129529,3.31179411441882,0.0280599268999967,PLATINUM,"F3_swing_take_gap=2918.5, F4_our_sp_unlucky=3.04",0.22451731578316192,False,-0.22451731578316192,96.76155179237236
777635,2025-06-05,home,STL,-116.0,1.8620689655172413,0.5600157976150513,0.5216196848488626,3.8396112766188706,0.0427880369383713,PLATINUM,"F3_swing_take_gap=3203.1, F4_our_sp_unlucky=2.56",0.3602006061506356,False,-0.3602006061506356,96.40135118622172
777642,2025-06-05,home,STL,-116.0,1.8620689655172413,0.5694778561592102,0.5216196848488626,4.785817131034764,0.06040704250335688,PLATINUM,"F3_swing_take_gap=3203.1, F4_our_sp_unlucky=1.21",0.5066288851083801,True,0.43674903888653455,96.83810022510825
777633,2025-06-05,home,SF,-109.0,1.9174311926605505,0.5830692648887634,0.5006661638373288,8.240310105143466,0.11799519597937214,PLATINUM,"F1_xera_gap=1.31, F4_our_sp_unlucky=2.92",0.9341107027216187,True,0.8569822960748795,97.69508252118312
777624,2025-06-06,home,WSH,-101.0,1.99009900990099,0.5661685466766357,0.4804901943091145,8.567835236752124,0.12673146417825532,DIAMOND,"F1_xera_gap=0.81, F2_xwoba_gap=0.024, F3_swing_take_gap=5864.1, F4_our_sp_unlucky=3.90",3.1262128148585666,True,3.095260212731254,100.79034273391437
777610,2025-06-07,home,WSH,148.5,2.4850000000000003,0.552567720413208,0.3634804415654599,18.908727884774812,0.3731307852268221,DIAMOND,"F2_xwoba_gap=0.024, F3_swing_take_gap=6069.8, F4_our_sp_unlucky=1.87",5.039517136695719,False,-5.039517136695719,95.75082559721865
777601,2025-06-07,away,LAD,-0.5,201.0,0.514312207698822,0.0002551109035400234,51.4057096795282,102.37675374746323,DIAMOND,"F1_xera_gap=3.76, F2_xwoba_gap=0.030, F4_our_sp_unlucky=2.90",1.9604828633042821,False,-1.9604828633042821,93.79034273391437
777596,2025-06-08,home,WSH,1065.0,11.65,0.5719437599182129,0.03253478175923915,53.94089781589737,5.663144803047181,DIAMOND,"F2_xwoba_gap=0.024, F3_swing_take_gap=5999.4, F4_our_sp_unlucky=3.33",4.689517136695719,False,-4.689517136695719,89.10082559721866
777589,2025-06-08,home,LAA,139.5,2.395,0.5138744711875916,0.38351223411983937,13.036223706775218,0.23072935849428178,PLATINUM,"F1_xera_gap=2.67, F4_our_sp_unlucky=2.04",1.1052782973847928,False,-1.1052782973847928,87.99554729983386
777586,2025-06-08,home,MIL,-115.5,1.8658008658008658,0.576061487197876,0.5158392301310688,6.022225706680717,0.07481602156833134,PLATINUM,"F1_xera_gap=0.81, F4_our_sp_unlucky=2.01",0.5702936747422666,False,-0.5702936747422666,87.4252536250916
777587,2025-06-08,home,SF,-105.0,1.9523809523809523,0.619864284992218,0.4869033900317531,13.296089496046493,0.2102112230800447,PLATINUM,"F1_xera_gap=4.60, F4_our_sp_unlucky=3.05",0.6349108911772223,True,0.6046770392164021,88.029930664308
777560,2025-06-10,home,SD,104.0,2.04,0.6032809615135193,0.46657135959253404,13.670960192098525,0.23069316148757935,PLATINUM,"F1_xera_gap=2.37, F4_our_sp_unlucky=3.39",1.3204489599646199,True,1.3732669183632047,89.4031975826712
777558,2025-06-10,away,TOR,105.0,2.05,0.534308910369873,0.4607366178334994,7.357229253637366,0.09533326625823968,PLATINUM,"F1_xera_gap=1.28, F4_our_sp_unlucky=2.01",0.6087927742490574,True,0.6392324129615102,90.0424299956327
777557,2025-06-10,home,MIN,-125.0,1.8,0.6088252663612366,0.5407428086139267,6.808245774730992,0.09588547945022585,PLATINUM,"F3_swing_take_gap=2754.6, F4_our_sp_unlucky=1.56",0.8094151472807475,False,-0.8094151472807475,89.23301484835196
777507,2025-06-14,home,SEA,-110.0,1.9090909090909092,0.5730380415916443,0.5082075403713182,6.4830501220326076,0.09398171576586645,DIAMOND,"F2_xwoba_gap=0.034, F3_swing_take_gap=9186.5, F4_our_sp_unlucky=4.08",2.3062247555625173,True,2.0965679596022886,91.32958280795424
777501,2025-06-15,home,BAL,-130.0,1.7692307692307692,0.6557990312576294,0.556010132785257,9.978889847237237,0.1602598245327289,PLATINUM,"F1_xera_gap=1.87, F4_our_sp_unlucky=2.98",1.3699437421193135,True,1.053802878553318,92.38338568650755
777492,2025-06-15,home,MIL,-120.0,1.8333333333333335,0.6076167225837708,0.5337924581175311,7.382426446623969,0.11396399140357982,PLATINUM,"F1_xera_gap=0.90, F4_our_sp_unlucky=2.26",0.9475541434989669,True,0.789628452915806,93.17301413942336
777494,2025-06-15,home,HOU,-126.0,1.7936507936507935,0.6570203304290771,0.5476425670008446,10.937776342823257,0.17846503711882078,DIAMOND,"F1_xera_gap=5.09, F3_swing_take_gap=547.4, F4_our_sp_unlucky=2.19",4.6586507069711685,True,3.697341830929498,96.87035597035286
777489,2025-06-17,away,NYM,118.0,2.1799999999999997,0.537265419960022,0.4303555844583562,10.690983550166578,0.1712386155128478,PLATINUM,"F2_xwoba_gap=0.025, F4_our_sp_unlucky=1.46",1.0543185788516922,False,-1.0543185788516922,95.81603739150117
777478,2025-06-17,home,CIN,-122.0,1.819672131147541,0.6202253699302673,0.5404485125743604,7.97768573559069,0.1286068206927815,PLATINUM,"F1_xera_gap=3.50, F4_our_sp_unlucky=2.02",1.1275175285376,True,0.924194695522623,96.7402320870238
777454,2025-06-18,home,SF,-155.0,1.6451612903225805,0.6408863067626953,0.6028551347622929,3.8031172000402402,0.05436134338378901,PLATINUM,"F3_swing_take_gap=3883.3, F4_our_sp_unlucky=1.86",0.6113504934030544,False,-0.6113504934030544,96.12888159362075
777457,2025-06-18,away,SD,181.0,2.81,0.5071187019348145,0.3098569320139086,19.726176992090583,0.42500355243682864,PLATINUM,"F3_swing_take_gap=11292.0, F4_our_sp_unlucky=2.21",1.4419332239043112,False,-1.4419332239043112,94.68694836971643
777460,2025-06-18,away,KC,110.0,2.1,0.5027555227279663,0.45235743299915543,5.039808972881088,0.05578659772872929,DIAMOND,"F1_xera_gap=1.83, F3_swing_take_gap=840.2, F4_our_sp_unlucky=2.43",1.2005142497414387,True,1.3205656747155827,96.00751404443201
777470,2025-06-18,away,NYM,168.0,2.6799999999999997,0.5440937876701355,0.329876312081136,21.421747558899952,0.45817135095596295,PLATINUM,"F2_xwoba_gap=0.024, F4_our_sp_unlucky=4.25",1.4401127106664802,False,-1.4401127106664802,94.56740133376553
777451,2025-06-19,home,DET,105.0,2.05,0.6113046407699585,0.46397449634176496,14.733014442819353,0.2531745135784148,DIAMOND,"F1_xera_gap=4.43, F3_swing_take_gap=5067.5, F4_our_sp_unlucky=3.32",4.728370066688277,True,4.96478857002269,99.53218990378822
777464,2025-06-19,home,DET,105.0,2.05,0.6026864051818848,0.46397449634176496,13.87119088401198,0.23550713062286366,PLATINUM,"F3_swing_take_gap=5067.5, F4_our_sp_unlucky=3.58",1.4929828485568233,False,-1.4929828485568233,98.0392070552314
777455,2025-06-19,away,NYM,115.0,2.15,0.5130256116390228,0.4363804205881011,7.664519105092172,0.10300506502389906,DIAMOND,"F1_xera_gap=1.14, F2_xwoba_gap=0.023, F4_our_sp_unlucky=1.49",0.7786470847549003,False,-0.7786470847549003,97.2605599704765
777432,2025-06-20,home,PIT,157.5,2.575,0.5925800204277039,0.3506500734823259,24.192994694537795,0.5258935526013375,PLATINUM,"F3_swing_take_gap=266.8, F4_our_sp_unlucky=1.67",1.4589083995571475,False,-1.4589083995571475,95.80165157091936
777421,2025-06-21,home,PIT,125.0,2.25,0.5962480306625366,0.40282592805429374,19.342210260824288,0.3415580689907074,PLATINUM,"F1_xera_gap=2.63, F4_our_sp_unlucky=2.35",1.4370247735637904,False,-1.4370247735637904,94.36462679735557
777407,2025-06-22,home,STL,-108.0,1.925925925925926,0.5490182638168335,0.5041332514747062,4.488501234212727,0.05736850809167937,PLATINUM,"F3_swing_take_gap=3495.6, F4_our_sp_unlucky=1.84",0.438498186335384,False,-0.438498186335384,93.92612861102019
777404,2025-06-22,home,PIT,-110.0,1.9090909090909092,0.5941113233566284,0.5067879490415165,8.732337431511194,0.13421252640810888,PLATINUM,"F1_xera_gap=2.10, F4_our_sp_unlucky=2.36",1.040000198870983,True,0.9454547262463483,94.87158333726654
777403,2025-06-22,home,CHC,-104.5,1.9569377990430623,0.6290158629417419,0.49120658687734775,13.78092760643942,0.23094491838838505,PLATINUM,"F3_swing_take_gap=4415.3, F4_our_sp_unlucky=1.44",1.423073750058998,False,-1.423073750058998,93.44850958720754
777389,2025-06-23,home,NYM,120.5,2.205,0.5665990710258484,0.42006780205731287,14.653126896853552,0.24935095161199572,DIAMOND,"F2_xwoba_gap=0.023, F3_swing_take_gap=7317.5, F4_our_sp_unlucky=4.57",4.672425479360377,False,-4.672425479360377,88.77608410784717
777392,2025-06-23,home,STL,-105.0,1.9523809523809523,0.5638039112091064,0.48812921594065917,7.567469526844728,0.10076001712254112,PLATINUM,"F1_xera_gap=1.36, F4_our_sp_unlucky=2.90",0.704425030688833,True,0.6708809816084124,89.44696508945557
777394,2025-06-23,home,BAL,-130.0,1.7692307692307692,0.6091273427009583,0.5531422673960682,5.598507530489005,0.07768683708631069,DIAMOND,"F1_xera_gap=2.64, F3_swing_take_gap=1031.6, F4_our_sp_unlucky=3.52",1.6231494899507908,True,1.2485765307313774,90.69554162018696
777387,2025-06-24,home,NYM,120.0,2.2,0.5411347150802612,0.4232378942197167,11.789682086054453,0.19049637317657475,PLATINUM,"F2_xwoba_gap=0.022, F3_swing_take_gap=6945.8",1.0798232338706688,False,-1.0798232338706688,89.61571838631629
777380,2025-06-24,home,BAL,-130.0,1.7692307692307692,0.6043283939361572,0.5516985872940783,5.262980664207895,0.06919638927166272,PLATINUM,"F3_swing_take_gap=1091.4, F4_our_sp_unlucky=3.49",0.6046057030961263,False,-0.6046057030961263,89.01111268322016
777365,2025-06-25,home,BAL,130.0,2.3,0.553913950920105,0.40342813871730376,15.048581220280122,0.2740020871162414,PLATINUM,"F3_swing_take_gap=1243.2, F4_our_sp_unlucky=1.95",1.3351666902483024,False,-1.3351666902483024,87.67594599297186
777355,2025-06-25,home,SF,-178.5,1.5602240896358543,0.687030017375946,0.6419891497364993,4.50408676394467,0.0719207834128906,PLATINUM,"F1_xera_gap=2.46, F4_our_sp_unlucky=3.13",0.844178629445345,False,-0.844178629445345,86.83176736352652
777363,2025-06-25,home,MIN,-121.0,1.8264462809917354,0.5742686986923218,0.533428640407466,4.084005828485582,0.0488709290165546,PLATINUM,"F1_xera_gap=2.32, F4_our_sp_unlucky=2.38",0.38510208438284355,True,0.31826618544036656,87.15003354896689
777361,2025-06-25,home,MIL,100.0,2.0,0.6453489661216736,0.4748582094441181,17.04907566775555,0.29069793224334717,PLATINUM,"F1_xera_gap=1.06, F4_our_sp_unlucky=3.85",1.3072505032345032,True,1.3072505032345032,88.45728405220139
777320,2025-06-28,home,HOU,-115.0,1.8695652173913042,0.5548334717750549,0.5145154380086625,4.0318033766392425,0.03729736027510261,PLATINUM,"F1_xera_gap=1.15, F4_our_sp_unlucky=2.82",0.2845580003317388,False,-0.2845580003317388,88.17272605186965
777325,2025-06-28,home,PIT,145.5,2.455,0.5422280430793762,0.3624775141994925,17.975052887988376,0.33116984575986863,PLATINUM,"F1_xera_gap=2.15, F4_our_sp_unlucky=2.17",1.3225908907780446,True,1.924369746082055,90.0970957979517
777304,2025-06-29,home,KC,-112.5,1.8888888888888888,0.5566207766532898,0.5092973438108631,4.732343284242669,0.05139480034510291,PLATINUM,"F1_xera_gap=3.70, F4_our_sp_unlucky=2.73",0.3907003148614128,False,-0.3907003148614128,89.70639548309028
777293,2025-07-01,home,MIA,115.0,2.15,0.5517780780792236,0.43638042058810117,11.539765749112247,0.1863228678703308,PLATINUM,"F3_swing_take_gap=1495.8, F4_our_sp_unlucky=1.83",1.0900664916990959,True,1.25357646545396,90.95997194854424
777282,2025-07-01,home,TEX,-105.5,1.947867298578199,0.5519137382507324,0.49391383613739787,5.799990211333456,0.07505472237464939,PLATINUM,"F1_xera_gap=3.22, F4_our_sp_unlucky=2.52",0.5401844318327322,True,0.5120231581352912,91.47199510667953
777289,2025-07-02,home,NYM,105.0,2.05,0.5458528995513916,0.4656435242431227,8.020937530826888,0.11899844408035265,DIAMOND,"F2_xwoba_gap=0.035, F3_swing_take_gap=12090.2, F4_our_sp_unlucky=1.16",2.591672641576309,False,-2.591672641576309,88.88032246510322
777276,2025-07-02,home,NYM,105.0,2.05,0.5490033626556396,0.4656435242431227,8.335983841251693,0.1254568934440612,DIAMOND,"F2_xwoba_gap=0.035, F3_swing_take_gap=12090.2, F4_our_sp_unlucky=1.91",2.6549164630424413,True,2.787662286194563,91.66798475129778
777265,2025-07-02,home,WSH,-109.0,1.9174311926605505,0.5556527376174927,0.5054703856937984,5.018235192369424,0.06542589139500887,PLATINUM,"F1_xera_gap=1.24, F4_our_sp_unlucky=2.54",0.49029232350481006,True,0.44980947110533037,92.1177942224031
777263,2025-07-03,home,MIA,101.0,2.01,0.5588440299034119,0.4722012171214864,8.664281278192549,0.12327650010585778,DIAMOND,"F1_xera_gap=1.39, F3_swing_take_gap=2293.6, F4_our_sp_unlucky=3.91",2.8108810072300656,True,2.8389898173023655,94.95678403970547
777254,2025-07-04,home,MIA,115.0,2.15,0.5434681177139282,0.43638042058810117,10.708769712582706,0.1684564530849456,PLATINUM,"F3_swing_take_gap=4965.3, F4_our_sp_unlucky=4.01",1.0432228066749103,False,-1.0432228066749103,93.91356123303056
777245,2025-07-04,home,WSH,-102.0,1.9803921568627452,0.5514110326766968,0.48258145646483824,6.882957621185853,0.09201008432051716,DIAMOND,"F1_xera_gap=3.01, F3_swing_take_gap=2056.2, F4_our_sp_unlucky=3.85",2.203453645412254,False,-2.203453645412254,91.71010758761831
777228,2025-07-05,home,WSH,-105.0,1.9523809523809523,0.5492992997169495,0.49321205095848347,5.608724875846599,0.07244148992356803,PLATINUM,"F3_swing_take_gap=1932.3, F4_our_sp_unlucky=1.05",0.5231848257324511,False,-0.5231848257324511,91.18692276188585
777238,2025-07-05,home,MIA,107.0,2.0700000000000003,0.5370856523513794,0.44787987006966,8.920578228171937,0.1117673003673555,PLATINUM,"F3_swing_take_gap=4689.0, F4_our_sp_unlucky=1.23",0.7143726298529817,True,0.7643787139426906,91.95130147582854
777206,2025-07-06,home,LAD,148.5,2.4850000000000003,0.5375787019729614,0.3526647830333446,18.491391893961683,0.3358830744028093,PLATINUM,"F2_xwoba_gap=0.027, F3_swing_take_gap=9398.9",1.379269522137428,False,-1.379269522137428,90.57203195369111
777224,2025-07-06,home,MIA,108.0,2.08,0.5456793308258057,0.4512084643356668,9.447086649013887,0.1350130081176758,PLATINUM,"F3_swing_take_gap=5254.3, F4_our_sp_unlucky=1.95",0.8491946170415339,False,-0.8491946170415339,89.72283733664958
777211,2025-07-07,home,DET,-107.0,1.9345794392523366,0.5436443090438843,0.4986427967600077,4.500151228387655,0.051723102542841626,PLATINUM,"F3_swing_take_gap=3801.7, F4_our_sp_unlucky=2.01",0.3724196671588575,True,0.34805576369986685,90.07089310034944
777193,2025-07-08,home,MIL,-105.0,1.9523809523809523,0.5579164028167725,0.49321205095848347,6.470435185828899,0.08926535788036527,PLATINUM,"F1_xera_gap=3.00, F4_our_sp_unlucky=4.07",0.6331665774425367,True,0.6030157880405111,90.67390888838995
777186,2025-07-08,home,SF,115.0,2.15,0.5487792491912842,0.4373096552036213,11.146959398766288,0.17987538576126094,PLATINUM,"F1_xera_gap=1.58, F4_our_sp_unlucky=3.11",1.0636959352030806,True,1.2232503254835425,91.8971592138735
777180,2025-07-08,home,LAA,119.0,2.19,0.5376186966896057,0.42987124813079913,10.774744855880659,0.17738494575023644,PLATINUM,"F3_swing_take_gap=2625.9, F4_our_sp_unlucky=2.00",1.0273848278416255,False,-1.0273848278416255,90.86977438603186
777182,2025-07-09,home,DET,160.0,2.6,0.548686683177948,0.3385280099955236,21.01586731824244,0.4265853762626648,DIAMOND,"F1_xera_gap=1.15, F3_swing_take_gap=4262.2, F4_our_sp_unlucky=1.24",4.543488719301593,False,-4.543488719301593,86.32628566673027
777175,2025-07-09,home,MIL,135.0,2.35,0.5538975596427917,0.39188842172564914,16.20091379171426,0.30165926516056063,PLATINUM,"F1_xera_gap=1.45, F4_our_sp_unlucky=1.74",1.294894285000954,True,1.748107284751288,88.07439295148156
777171,2025-07-09,home,LAA,100.0,2.0,0.5464435815811157,0.47543505356045107,7.100852802066465,0.09288716316223145,DIAMOND,"F1_xera_gap=2.57, F3_swing_take_gap=1574.8, F4_our_sp_unlucky=2.89",1.1616169956974538,True,1.1616169956974538,89.23600994717901
777170,2025-07-10,home,BOS,-110.0,1.9090909090909092,0.5582212805747986,0.5067879490415165,5.143333153328211,0.06569517200643371,PLATINUM,"F3_swing_take_gap=2866.8, F4_our_sp_unlucky=3.37",0.4836459393684397,True,0.4396781266985816,89.6756880738776
777159,2025-07-10,home,LAA,101.5,2.0149999999999997,0.5376186966896057,0.4714461588710394,6.61725378185663,0.08330167382955533,PLATINUM,"F3_swing_take_gap=1995.2, F4_our_sp_unlucky=1.92",0.5519804126875196,False,-0.5519804126875196,89.12370766119008
777169,2025-07-10,home,NYY,-101.0,1.99009900990099,0.5610529780387878,0.4810961741002843,7.995680393850352,0.11655097609699361,DIAMOND,"F2_xwoba_gap=0.021, F3_swing_take_gap=7893.7, F4_our_sp_unlucky=3.24",2.62283241812694,True,2.596863780323703,91.72057144151378
777155,2025-07-11,home,BOS,-114.0,1.8771929824561404,0.5479167103767395,0.5118707840593408,3.604592631739867,0.028545403689668902,PLATINUM,"F3_swing_take_gap=2794.2, F4_our_sp_unlucky=2.19",0.22385616313705842,True,0.19636505538338458,91.91693649689716
777140,2025-07-12,home,CIN,235.0,3.35,0.5475793480873108,0.23768923900851321,30.989010907879756,0.8343908160924911,DIAMOND,"F1_xera_gap=1.72, F3_swing_take_gap=1464.9, F4_our_sp_unlucky=1.84",4.595846824844858,True,10.800240038385416,102.71717653528258
777136,2025-07-12,home,KC,115.0,2.15,0.5296137928962708,0.43638042058810117,9.323337230816959,0.13866965472698212,PLATINUM,"F1_xera_gap=1.64, F4_our_sp_unlucky=3.38",0.9289405698703112,False,-0.9289405698703112,101.78823596541227
777124,2025-07-13,home,KC,117.5,2.175,0.5366402864456177,0.4328720477766648,10.376823866895284,0.16719262301921833,PLATINUM,"F1_xera_gap=0.95, F4_our_sp_unlucky=1.62",1.0862707763972181,True,1.276368162266731,103.064604127679
777112,2025-07-18,home,WSH,134.5,2.3449999999999998,0.534744381904602,0.39046771528773616,14.427666661686589,0.2539755755662917,PLATINUM,"F3_swing_take_gap=3091.1, F4_our_sp_unlucky=4.00",1.45962223906167,False,-1.45962223906167,101.60498188861733
777109,2025-07-18,home,MIA,102.0,2.02,0.5436354875564575,0.46736186816730996,7.627361938914756,0.09814368486404423,PLATINUM,"F3_swing_take_gap=2023.6, F4_our_sp_unlucky=4.24",0.7332270090509839,True,0.7478915492320036,102.35287343784934
777094,2025-07-19,home,TOR,106.0,2.06,0.5498101711273193,0.4592571913860733,9.055297974124604,0.1326089525222779,DIAMOND,"F2_xwoba_gap=0.027, F3_swing_take_gap=10429.3, F4_our_sp_unlucky=2.05",3.201157390150585,True,3.3932268335596203,105.74610027140896
777093,2025-07-19,home,MIA,-110.0,1.9090909090909092,0.5368466377258301,0.4936890949376165,4.31575427882136,0.024889035658402947,PLATINUM,"F3_swing_take_gap=2252.6, F4_our_sp_unlucky=2.04",0.21713327298235244,True,0.1973938845294113,105.94349415593837
777091,2025-07-19,home,WSH,116.5,2.165,0.5157812237739563,0.43155509582318735,8.422612795076894,0.11666634947061538,PLATINUM,"F3_swing_take_gap=2750.6, F4_our_sp_unlucky=1.85",0.7957107755365753,True,0.9270030535001103,106.87049720943848
777082,2025-07-20,home,MIA,110.0,2.1,0.5404132604598999,0.4513233041107768,8.908995634912309,0.1348678469657898,PLATINUM,"F3_swing_take_gap=2250.3, F4_our_sp_unlucky=1.40",0.9827313997363919,False,-0.9827313997363919,105.88776580970209
777077,2025-07-20,home,WSH,-2.5,41.0,0.5259782075881958,0.006013408165059109,51.99647994231367,20.565106511116028,PLATINUM,"F3_swing_take_gap=3220.5, F4_our_sp_unlucky=2.41",1.5883164871455313,False,-1.5883164871455313,104.29944932255655
777079,2025-07-20,home,TOR,-112.0,1.8928571428571428,0.5465896725654602,0.5093660447248038,3.722362784065636,0.03461616592747824,DIAMOND,"F2_xwoba_gap=0.027, F3_swing_take_gap=10599.1, F4_our_sp_unlucky=1.08",1.0109251722903831,True,0.9026117609735563,105.20206108353011
777064,2025-07-21,home,WSH,110.0,2.1,0.5401244759559631,0.4523574329991554,8.776704295680776,0.13426139950752258,DIAMOND,"F2_xwoba_gap=0.021, F3_swing_take_gap=8451.2, F4_our_sp_unlucky=1.47",3.210130898216052,True,3.5311439880376576,108.73320507156777
777042,2025-07-22,home,WSH,116.5,2.165,0.5406211614608765,0.43290010286135866,10.77210585995178,0.1704448145627976,PLATINUM,"F2_xwoba_gap=0.023, F3_swing_take_gap=9076.1",1.193112294543477,True,1.3899758231431507,110.12318089471091
777037,2025-07-23,home,MIA,122.0,2.2199999999999998,0.5404264330863953,0.4196644923679951,12.076194071840018,0.1997466814517973,PLATINUM,"F3_swing_take_gap=1131.0, F4_our_sp_unlucky=4.02",1.3522586025390044,True,1.649755495097585,111.77293638980849
777026,2025-07-23,home,WSH,120.0,2.2,0.5465003848075867,0.4249452674140305,12.155511739355617,0.20230084657669078,DIAMOND,"F1_xera_gap=1.03, F2_xwoba_gap=0.022, F3_swing_take_gap=8946.4, F4_our_sp_unlucky=3.80",4.710783261671013,False,-4.710783261671013,107.06215312813748
777005,2025-07-25,home,STL,110.0,2.1,0.5346346497535706,0.44830141270592166,8.633323704764889,0.12273276448249826,PLATINUM,"F3_swing_take_gap=1065.1, F4_our_sp_unlucky=2.32",0.8959114107862405,True,0.9855025518648646,108.04765568000235
777001,2025-07-26,home,NYY,102.0,2.02,0.5514563918113708,0.4706927815793399,8.076361023203093,0.11394191145896915,PLATINUM,"F3_swing_take_gap=3533.5, F4_our_sp_unlucky=2.07",0.9052320894735303,False,-0.9052320894735303,107.14242359052882
776995,2025-07-26,home,LAA,105.5,2.0549999999999997,0.5476890206336975,0.4599960729792063,8.769294765449121,0.1255009374022482,PLATINUM,"F3_swing_take_gap=379.7, F4_our_sp_unlucky=2.02",0.9559105163147007,False,-0.9559105163147007,106.18651307421412
776988,2025-07-27,home,NYY,110.0,2.1,0.5429776310920715,0.44830141270592166,9.467621838614987,0.14025302529335026,PLATINUM,"F3_swing_take_gap=2998.1, F4_our_sp_unlucky=3.04",1.0154304343643468,True,1.1169734778007816,107.3034865520149
776977,2025-07-27,home,LAA,115.0,2.15,0.5476890206336975,0.43638042058810117,11.130860004559635,0.17753139436244958,PLATINUM,"F3_swing_take_gap=178.8, F4_our_sp_unlucky=3.48",1.242374190491189,True,1.4287303190648672,108.73221687107977
776974,2025-07-27,home,SF,-108.0,1.925925925925926,0.5555897951126099,0.5,5.558979511260986,0.07002479058724864,PLATINUM,"F1_xera_gap=2.04, F4_our_sp_unlucky=4.23",0.6167300080352578,False,-0.6167300080352578,108.11548686304451
776965,2025-07-28,home,MIL,-105.0,1.9523809523809523,0.5590687394142151,0.49191363507756836,6.715510433664673,0.09151515790394371,PLATINUM,"F1_xera_gap=1.47, F4_our_sp_unlucky=3.57",0.7791687108554951,True,0.7420654389099953,108.8575523019545
776961,2025-07-28,home,MIN,-111.5,1.8968609865470851,0.5534431338310242,0.5087285215794939,4.471461225153028,0.04980468883642697,PLATINUM,"F1_xera_gap=1.02, F4_our_sp_unlucky=2.64",0.4533826814761289,True,0.40662123899204383,109.26417354094654
778372,2025-07-29,home,BAL,110.0,2.1,0.5377480983734131,0.4513233041107768,8.642479426263627,0.12927100658416757,PLATINUM,"F1_xera_gap=1.51, F4_our_sp_unlucky=3.13",0.9630470248108177,True,1.0593517272918995,110.32352526823844
776945,2025-07-29,home,LAA,176.0,2.76,0.5217869281768799,0.31748759445275954,20.429933372412034,0.4401319217681884,PLATINUM,"F3_swing_take_gap=5094.8, F4_our_sp_unlucky=1.47",1.6548528790235766,True,2.9125410670814946,113.23606633531993
776948,2025-07-30,home,BAL,-115.5,1.8658008658008658,0.5533616542816162,0.5180246564667291,3.5336997814887083,0.03246265365963891,PLATINUM,"F1_xera_gap=1.01, F4_our_sp_unlucky=2.80",0.3184285799792259,False,-0.3184285799792259,112.9176377553407
776922,2025-08-01,home,BOS,108.0,2.08,0.5186830759048462,0.45526908180165865,6.341399410318754,0.07886079788208011,PLATINUM,"F3_swing_take_gap=2630.1, F4_our_sp_unlucky=9.51",0.6183871533573515,True,0.6678581256259397,113.58549588096665
776918,2025-08-01,home,TB,112.0,2.12,0.5362450480461121,0.4434729423254403,9.277210572067174,0.13683950185775762,PLATINUM,"F1_xera_gap=0.79, F4_our_sp_unlucky=2.83",1.0408247326753026,False,-1.0408247326753026,112.54467114829134
776917,2025-08-01,home,WSH,131.5,2.315,0.5117741227149963,0.39851096465231,11.326315806268633,0.18475709408521646,PLATINUM,"F3_swing_take_gap=6389.6, F4_our_sp_unlucky=1.76",1.1859368666996926,False,-1.1859368666996926,111.35873428159165
776915,2025-08-01,home,CHC,-118.0,1.847457627118644,0.6444984674453735,0.5239840891851306,12.05143782602429,0.19068360934823247,PLATINUM,"F3_swing_take_gap=8462.6, F4_our_sp_unlucky=1.97",1.6703810142238746,True,1.4155771306981988,112.77431141228985
776901,2025-08-02,home,TB,115.0,2.15,0.5085582733154297,0.43638042058810117,7.2177852727328515,0.09340028762817376,PLATINUM,"F1_xera_gap=5.36, F4_our_sp_unlucky=1.82",0.6869447688898116,True,0.7899864842232833,113.56429789651312
776903,2025-08-02,home,WSH,700.0,8.0,0.5374730229377747,0.0631401000745998,47.43329228631749,3.2997841835021973,PLATINUM,"F3_swing_take_gap=6120.2, F4_our_sp_unlucky=1.70",1.7034644684476967,False,-1.7034644684476967,111.86083342806543
776892,2025-08-03,home,CLE,-155.5,1.6430868167202572,0.6404557824134827,0.6064200134690695,3.403576894441318,0.05232445277585096,PLATINUM,"F1_xera_gap=4.51, F4_our_sp_unlucky=3.80",0.6826127605163091,False,-0.6826127605163091,111.17822066754913
776882,2025-08-04,home,ATL,115.0,2.15,0.5193929076194763,0.43638042058810117,8.301248703137516,0.11669475138187402,PLATINUM,"F3_swing_take_gap=5741.6, F4_our_sp_unlucky=1.20",0.8461248795573113,False,-0.8461248795573113,110.33209578799182
776862,2025-08-05,home,MIA,-106.0,1.9433962264150944,0.5556347370147705,0.4946103603870472,6.102437662772331,0.07981845117964836,PLATINUM,"F3_swing_take_gap=1506.9, F4_our_sp_unlucky=1.94",0.7001196915955678,False,-0.7001196915955678,109.63197609639624
776868,2025-08-05,home,PHI,-144.0,1.6944444444444444,0.6255271434783936,0.5797984875885174,4.572865588987618,0.05992099311616683,PLATINUM,"F3_swing_take_gap=5687.6, F4_our_sp_unlucky=2.29",0.709479743578264,True,0.49269426637379443,110.12467036277003
776866,2025-08-05,home,PIT,121.0,2.21,0.5431624054908752,0.4197915124662014,12.337089302467385,0.20038891613483423,PLATINUM,"F3_swing_take_gap=281.9, F4_our_sp_unlucky=2.30",1.3678365702707473,False,-1.3678365702707473,108.75683379249928
776855,2025-08-05,home,TEX,122.0,2.2199999999999998,0.536411464214325,0.4196644923679951,11.674697184632986,0.19083345055580125,PLATINUM,"F1_xera_gap=1.75, F4_our_sp_unlucky=1.65",1.2758878195171974,True,1.5565831398109806,110.31341693231026
776851,2025-08-06,home,PHI,-155.5,1.6430868167202572,0.6398676037788391,0.6025656908397911,3.7301912939048054,0.051358024215391596,PLATINUM,"F3_swing_take_gap=5966.1, F4_our_sp_unlucky=2.69",0.6607365044800004,False,-0.6607365044800004,109.65268042783026
776842,2025-08-07,home,ATL,116.5,2.165,0.5853273868560791,0.43709113773433567,14.823624912174344,0.2672337925434113,PLATINUM,"F3_swing_take_gap=1635.2, F4_our_sp_unlucky=3.24",1.6447902064174538,True,1.9161805904763336,111.56886101830659
776829,2025-08-08,home,PIT,104.5,2.045,0.5628180503845215,0.4680909467144908,9.472710367003067,0.15096291303634635,PLATINUM,"F3_swing_take_gap=3506.0, F4_our_sp_unlucky=2.28",1.2088105452251792,True,1.2632070197603122,112.83206803806691
776834,2025-08-08,home,ATL,104.5,2.045,0.55250084400177,0.4620095710215971,9.04912729801729,0.12986422598361969,PLATINUM,"F3_swing_take_gap=1748.3, F4_our_sp_unlucky=1.57",1.0516398934374167,False,-1.0516398934374167,111.7804281446295
776818,2025-08-09,home,STL,123.0,2.23,0.5641682147979736,0.41666427138785855,14.750394341011507,0.25809511899948123,PLATINUM,"F1_xera_gap=1.21, F4_our_sp_unlucky=3.03",1.6767064221694423,False,-1.6767064221694423,110.10372172246005
776819,2025-08-09,home,ATL,-108.0,1.925925925925926,0.5627992749214172,0.49734500447578195,6.545427044563529,0.0839097146634703,PLATINUM,"F3_swing_take_gap=1489.7, F4_our_sp_unlucky=1.37",0.7483405217225384,True,0.692907890483832,110.79662961294389
776812,2025-08-09,home,PIT,-108.0,1.925925925925926,0.5503108501434326,0.49734500447578195,5.296584566765067,0.05985793360957403,DIAMOND,"F1_xera_gap=0.80, F3_swing_take_gap=3235.8, F4_our_sp_unlucky=2.82",1.790655470874763,False,-1.790655470874763,109.00597414206912
776801,2025-08-10,home,PIT,-108.0,1.925925925925926,0.5455605387687683,0.49734500447578195,4.821553429298636,0.05070918577688721,PLATINUM,"F3_swing_take_gap=3450.0, F4_our_sp_unlucky=2.25",0.44773593967842035,False,-0.44773593967842035,108.5582382023907
776771,2025-08-12,home,MIL,-133.5,1.749063670411985,0.6100855469703674,0.5608057360840908,4.927981088627664,0.0670784660492944,PLATINUM,"F3_swing_take_gap=1304.8, F4_our_sp_unlucky=2.32",0.7291022495749817,True,0.546144007172271,109.10438220956297
776769,2025-08-12,home,HOU,140.0,2.4,0.563520073890686,0.38029864282735265,18.32214310633334,0.35244817733764644,PLATINUM,"F1_xera_gap=1.44, F4_our_sp_unlucky=5.32",1.6365657331434444,False,-1.6365657331434444,107.46781647641953
776767,2025-08-12,home,SF,-130.0,1.7692307692307692,0.5990718603134155,0.5516985872940783,4.737327301933725,0.05989636824681205,PLATINUM,"F1_xera_gap=5.36, F4_our_sp_unlucky=2.53, F4_opp_sp_lucky=-1.33",0.6276008612593628,False,-0.6276008612593628,106.84021561516016
776753,2025-08-13,home,HOU,-127.0,1.7874015748031495,0.6258301138877869,0.5529937564979006,7.283635738988625,0.1186097311222647,PLATINUM,"F1_xera_gap=3.71, F4_our_sp_unlucky=2.94",1.2070355507918884,True,0.95042169353692,107.79063730869709
776735,2025-08-15,home,TOR,-104.0,1.9615384615384617,0.5785297155380249,0.49049416390202955,8.803555163599535,0.1348082881707412,DIAMOND,"F2_xwoba_gap=0.024, F3_swing_take_gap=11582.2, F4_our_sp_unlucky=2.12",3.7780785370688577,True,3.6327678241046715,111.42340513280176
776710,2025-08-17,home,TOR,-104.0,1.9615384615384617,0.5898867249488831,0.48548456199133755,10.440216295754551,0.1570854989381938,DIAMOND,"F2_xwoba_gap=0.025, F3_swing_take_gap=12122.5, F4_our_sp_unlucky=1.50",4.550780309056453,False,-4.550780309056453,106.87262482374531
776709,2025-08-17,home,CIN,-105.0,1.9523809523809523,0.5496826767921448,0.48751412994659493,6.216854684554985,0.07318998802275878,PLATINUM,"F1_xera_gap=2.40, F4_our_sp_unlucky=1.94",0.6159829828013436,True,0.5866504598108033,107.45927528355611
776707,2025-08-17,home,NYM,101.5,2.0149999999999997,0.5579603910446167,0.4714461588710394,8.65142321735773,0.12429018795490243,PLATINUM,"F3_swing_take_gap=5867.0, F4_our_sp_unlucky=1.64",0.9869064179180389,True,1.0017100141868092,108.46098529774292
776695,2025-08-18,home,BOS,-123.5,1.8097165991902835,0.5768075585365295,0.5376608035983229,3.914675493820663,0.04385821322197864,PLATINUM,"F3_swing_take_gap=2645.2, F4_our_sp_unlucky=2.12",0.44060832742695444,False,-0.44060832742695444,108.02037697031597
776689,2025-08-18,home,PHI,-113.0,1.8849557522123894,0.6001033782958984,0.512046568867967,8.805680942793149,0.13116831484094138,PLATINUM,"F3_swing_take_gap=2926.0, F4_our_sp_unlucky=3.00",1.2008101066288441,True,1.0626638111759683,109.08304078149193
776691,2025-08-19,home,CHC,-114.0,1.8771929824561404,0.5439078211784363,0.5132897957945519,3.061802538388436,0.021019945019169872,DIAMOND,"F1_xera_gap=1.28, F2_xwoba_gap=0.025, F3_swing_take_gap=12004.4, F4_our_sp_unlucky=2.59",0.6534820631289852,True,0.5732298799377064,109.65627066142964
776676,2025-08-19,home,CHC,-114.0,1.8771929824561404,0.5763184428215027,0.5132897957945519,6.302864702695077,0.08186093652457527,DIAMOND,"F2_xwoba_gap=0.025, F3_swing_take_gap=12004.4, F4_our_sp_unlucky=2.63",2.558321028459027,True,2.2441412530342344,111.90041191446387
776667,2025-08-19,home,SD,-140.0,1.7142857142857144,0.6327108144760132,0.5750547325859695,5.765608189004368,0.08464711053030838,DIAMOND,"F1_xera_gap=1.61, F3_swing_take_gap=6696.1, F4_our_sp_unlucky=1.71",3.3152162874987305,True,2.368011633927665,114.26842354839154
776668,2025-08-19,home,LAA,-105.0,1.9523809523809523,0.5534582138061523,0.4912714784205061,6.218673538564623,0.08056127457391649,DIAMOND,"F2_xwoba_gap=0.020, F3_swing_take_gap=10046.5, F4_our_sp_unlucky=3.00",0.4729806209132583,False,-0.4729806209132583,113.79544292747828
776670,2025-08-20,home,MIA,-122.5,1.816326530612245,0.5681970715522766,0.5335930398240541,3.460403172822246,0.032031415676584074,PLATINUM,"F3_swing_take_gap=2326.2, F4_our_sp_unlucky=3.39",0.33488705173320327,True,0.2733771850883292,114.06882011256661
776673,2025-08-20,home,DET,110.5,2.105,0.5496537685394287,0.44757875629489385,10.207501224453486,0.15702118277549748,PLATINUM,"F3_swing_take_gap=4268.3, F4_our_sp_unlucky=2.98",1.2156937365529863,True,1.3433415788910499,115.41216169145767
776663,2025-08-20,home,CHC,100.0,2.0,0.5457884669303894,0.4748582094441181,7.09302574862713,0.09157693386077881,DIAMOND,"F2_xwoba_gap=0.024, F3_swing_take_gap=11882.5, F4_our_sp_unlucky=1.89",2.642272974487032,True,2.642272974487032,118.0544346659447
776652,2025-08-20,home,LAA,114.5,2.145,0.5077659487724304,0.4370868901507233,7.067905862170715,0.08915796011686328,PLATINUM,"F3_swing_take_gap=9329.3, F4_our_sp_unlucky=1.45",0.6894427452553584,True,0.7894119433173854,118.84384660926209
776655,2025-08-21,away,HOU,-1.0,101.0,0.5100983083248138,0.0009960639977928398,50.9102244327021,50.5199291408062,PLATINUM,"F3_swing_take_gap=1977.8, F4_our_sp_unlucky=2.95",1.7826576991389314,True,178.26576991389314,297.10961652315524
776651,2025-08-21,home,CHC,-103.0,1.970873786407767,0.5431665182113647,0.48777356648002973,5.539295173133501,0.07051265239715576,DIAMOND,"F1_xera_gap=0.98, F2_xwoba_gap=0.024, F3_swing_take_gap=11727.0, F4_our_sp_unlucky=2.74",5.21734230086107,False,-5.21734230086107,291.8922742222942
776630,2025-08-23,home,MIA,1220.0,13.2,0.575713038444519,0.02625177682577997,54.946126161873906,6.599412107467651,PLATINUM,"F1_xera_gap=0.92, F4_our_sp_unlucky=2.75",4.378384113334413,False,-4.378384113334413,287.5138901089598
776629,2025-08-23,home,BAL,-120.0,1.8333333333333335,0.5706990361213684,0.5262836035924592,4.441543252890923,0.04628156622250884,PLATINUM,"F3_swing_take_gap=2154.6, F4_our_sp_unlucky=3.04",1.1975933830472056,False,-1.1975933830472056,286.3162967259126
776627,2025-08-23,home,NYY,110.0,2.1,0.5273364782333374,0.44830141270592166,7.9035065527415735,0.10740660429000859,PLATINUM,"F3_swing_take_gap=8864.3, F4_our_sp_unlucky=2.77",1.4240225036183825,False,-1.4240225036183825,284.8922742222942
776614,2025-08-24,home,MIA,110.0,2.1,0.5799696445465088,0.44830141270592166,13.166823184058712,0.21793625354766855,PLATINUM,"F1_xera_gap=1.31, F4_our_sp_unlucky=3.47",4.233296925591942,True,4.656626618151137,289.5489008404453
776608,2025-08-24,home,MIL,650.0,7.5,0.5225947499275208,0.07055049421721607,45.20442557103047,2.9194606244564056,PLATINUM,"F3_swing_take_gap=4016.3, F4_our_sp_unlucky=1.97",2.766703074408059,False,-2.766703074408059,286.78219776603726
776600,2025-08-25,home,MIA,104.0,2.04,0.5778378844261169,0.4676959832124328,11.014190121368417,0.17878928422927853,PLATINUM,"F1_xera_gap=1.15, F4_our_sp_unlucky=2.32",3.697614221270855,True,3.8455187901216896,290.62771655615893
776598,2025-08-25,home,NYM,107.0,2.0700000000000003,0.5499259829521179,0.452671915434772,9.725406751734594,0.13834678471088424,PLATINUM,"F3_swing_take_gap=3901.9, F4_our_sp_unlucky=1.57",2.8182764112203826,True,3.0155557600058103,293.6432723161647
776585,2025-08-26,home,NYM,-108.0,1.925925925925926,0.583232045173645,0.49800146189864064,8.523058327500438,0.12326171663072383,PLATINUM,"F3_swing_take_gap=4109.2, F4_our_sp_unlucky=3.26",2.9317928796430386,True,2.7146230367065174,296.35789535287125
776579,2025-08-27,home,BAL,119.0,2.19,0.5097112059593201,0.4271947294850852,8.251647647423487,0.11626754105091097,PLATINUM,"F1_xera_gap=0.99, F4_our_sp_unlucky=4.48",2.1716472960316096,False,-2.1716472960316096,294.18624805683964
776563,2025-08-27,home,TEX,-110.0,1.9090909090909092,0.6300461292266846,0.5053896396129529,12.465648961373166,0.2028153376145797,PLATINUM,"F1_xera_gap=2.32, F4_our_sp_unlucky=3.03",4.412793720852594,True,4.01163065532054,298.19787871216016
776561,2025-08-27,home,SEA,-120.0,1.8333333333333335,0.570473313331604,0.5323040167875672,3.816929654403678,0.045867741107940785,DIAMOND,"F1_xera_gap=1.10, F3_swing_take_gap=2982.8, F4_our_sp_unlucky=3.41",0.41555898311579664,True,0.34629915259649724,298.54417786475665
776545,2025-08-29,home,WSH,120.0,2.2,0.5222724676132202,0.4240863643967015,9.818610321651871,0.14899942874908456,PLATINUM,"F3_swing_take_gap=5037.7, F4_our_sp_unlucky=2.44",2.780181997388364,False,-2.780181997388364,295.7639958673683
776546,2025-08-29,away,MIL,115.0,2.15,0.515418529510498,0.43825077280374225,7.716775670675579,0.10814983844757076,PLATINUM,"F3_swing_take_gap=11270.2, F4_our_sp_unlucky=2.30",2.086097502499817,True,2.3990121278747893,298.1630079952431
776539,2025-08-30,home,BOS,300.0,4.0,0.5353649854660034,0.18498916292306342,35.037582254293994,1.1414599418640137,PLATINUM,"F3_swing_take_gap=7625.7, F4_our_sp_unlucky=1.78",4.472445119928646,False,-4.472445119928646,293.69056287531447
776535,2025-08-30,home,NYM,142.0,2.42,0.5715112090110779,0.36693799468992944,20.457321432114846,0.3830571258068084,DIAMOND,"F2_xwoba_gap=0.023, F3_swing_take_gap=12236.0, F4_our_sp_unlucky=1.39",2.5275548800713548,False,-2.5275548800713548,291.1630079952431
776520,2025-08-31,home,WSH,115.0,2.15,0.5212133526802063,0.43638042058810117,8.483293209210514,0.12060870826244352,PLATINUM,"F3_swing_take_gap=4914.9, F4_our_sp_unlucky=1.63",2.2902257144422036,False,-2.2902257144422036,288.8727822808009
776521,2025-08-31,home,CLE,100.0,2.0,0.540076732635498,0.47543505356045107,6.464167907504698,0.0801534652709961,PLATINUM,"F1_xera_gap=2.48, F4_our_sp_unlucky=3.99",1.7365615891710142,False,-1.7365615891710142,287.1362206916299
776506,2025-09-01,home,CHC,241.0,3.41,0.5230480432510376,0.2170066562885993,30.604138696243833,0.7835938274860383,PLATINUM,"F3_swing_take_gap=8026.6, F4_our_sp_unlucky=1.84",4.307043310374448,True,10.379974378002421,297.5161950696323
776491,2025-09-02,home,CIN,104.0,2.04,0.5226207375526428,0.4676959832124328,5.492475434021005,0.06614630460739135,PLATINUM,"F1_xera_gap=1.16, F4_our_sp_unlucky=2.33",1.419201696974132,False,-1.419201696974132,296.0969933726582
776478,2025-09-03,home,DET,-103.0,1.970873786407767,0.5452011227607727,0.48404408244514197,6.115704031563074,0.07452260116928988,PLATINUM,"F1_xera_gap=0.92, F4_our_sp_unlucky=3.41",1.7045921766654426,True,1.6549438608402356,297.75193723349844
776477,2025-09-03,home,WSH,115.0,2.15,0.5187307000160217,0.43638042058810117,8.235027942792057,0.11527100503444665,PLATINUM,"F3_swing_take_gap=871.4, F4_our_sp_unlucky=2.26",2.2384020688603594,True,2.574162379189413,300.32609961268787
776464,2025-09-04,home,HOU,112.0,2.12,0.5844528675079346,0.44542056377894546,13.90323037289891,0.23904007911682135,PLATINUM,"F1_xera_gap=1.37, F4_our_sp_unlucky=5.63",4.504891494190318,False,-4.504891494190318,295.82120811849757
776461,2025-09-04,home,PIT,-102.5,1.975609756097561,0.5448168516159058,0.4821074838187463,6.270936779715947,0.07634548733874069,PLATINUM,"F1_xera_gap=2.42, F4_our_sp_unlucky=3.13",1.7361922242311456,True,1.69384607242063,297.5150541909182
776434,2025-09-06,home,KC,-104.0,1.9615384615384617,0.5179141759872437,0.48548456199133755,3.2429613995906106,0.015908575974978023,PLATINUM,"F3_swing_take_gap=2007.4, F4_our_sp_unlucky=1.68",0.36917718577708214,True,0.35497806324719444,297.8700322541654
776437,2025-09-06,home,STL,-108.0,1.925925925925926,0.551506757736206,0.5,5.1506757736206055,0.06216116304750807,PLATINUM,"F3_swing_take_gap=2416.0, F4_our_sp_unlucky=3.82",1.4997917589953305,True,1.3886960731438247,299.2587283273092
776393,2025-09-09,home,TOR,-150.0,1.6666666666666665,0.6247862577438354,0.5939458076347511,3.0840450109084316,0.04131042957305897,PLATINUM,"F3_swing_take_gap=11194.9, F4_our_sp_unlucky=3.42",1.390781994827456,True,0.9271879965516371,300.18591632386085
776390,2025-09-09,away,MIN,107.0,2.0700000000000003,0.5119670033454895,0.4583145054378711,5.365249790761839,0.059771696925163376,PLATINUM,"F3_swing_take_gap=458.3, F4_our_sp_unlucky=2.43",1.2576603933443171,False,-1.2576603933443171,298.9282559305165
776392,2025-09-09,home,SD,-138.0,1.7246376811594204,0.6185379028320312,0.5705372347625517,4.800066806947956,0.06675377444944525,DIAMOND,"F1_xera_gap=1.86, F3_swing_take_gap=9752.1, F4_our_sp_unlucky=2.70",4.351557611828228,False,-4.351557611828228,294.5766983186883
776345,2025-09-12,home,SEA,-152.0,1.6578947368421053,0.6276251673698425,0.5967646309769007,3.086053639294184,0.040536461692107395,PLATINUM,"F3_swing_take_gap=3390.4, F4_our_sp_unlucky=2.10",1.3612850633332598,True,0.8955822785087236,295.47228059719697
776346,2025-09-13,home,ATL,115.0,2.15,0.523709774017334,0.43825077280374214,8.545900121359185,0.125976014137268,PLATINUM,"F3_swing_take_gap=3208.4, F4_our_sp_unlucky=2.58",2.427549143327172,False,-2.427549143327172,293.0447314538698
776320,2025-09-14,home,WSH,-105.0,1.9523809523809523,0.5378170013427734,0.49321205095848347,4.460495038428997,0.050023669288271955,PLATINUM,"F3_swing_take_gap=7330.0, F4_our_sp_unlucky=3.11",1.1544098527173596,True,1.099437954968914,294.1441694088387
776318,2025-09-15,home,PIT,105.5,2.0549999999999997,0.5097107887268066,0.4599960729792063,4.9714715747600335,0.04745567083358748,PLATINUM,"F1_xera_gap=0.94, F4_our_sp_unlucky=1.91",0.992332384911245,False,-0.992332384911245,293.15183702392744
776300,2025-09-16,home,STL,100.5,2.005,0.522790253162384,0.47643087047634336,4.635938268604067,0.04819445759057994,PLATINUM,"F3_swing_take_gap=5142.6, F4_our_sp_unlucky=2.20",1.0543502818694235,True,1.0596220332787705,294.2114590572062
776287,2025-09-17,home,PIT,130.0,2.3,0.5341573357582092,0.4000984701818589,13.405886557635032,0.22856187224388114,PLATINUM,"F1_xera_gap=0.94, F4_our_sp_unlucky=3.34",3.8795493414068676,False,-3.8795493414068676,290.3319097157993
776292,2025-09-17,home,HOU,-106.0,1.9433962264150944,0.554040253162384,0.49592800378128754,5.81122493810965,0.07671973727784065,PLATINUM,"F3_swing_take_gap=1229.7, F4_our_sp_unlucky=4.73",1.770797933023205,True,1.6705640877577406,292.00247380355705
776284,2025-09-17,home,MIN,135.5,2.355,0.5375532507896423,0.3905606076965193,14.699264309312305,0.2659379056096077,PLATINUM,"F1_xera_gap=1.61, F4_our_sp_unlucky=3.28",1.3496527255699284,False,-1.3496527255699284,290.65282107798714
776273,2025-09-19,home,BAL,100.0,2.0,0.5297369360923767,0.47371639640754093,5.6020539684835775,0.05947387218475342,PLATINUM,"F1_xera_gap=2.38, F4_our_sp_unlucky=1.54",1.2964686548197657,True,1.2964686548197657,291.9492897328069
776268,2025-09-19,home,DET,-118.0,1.847457627118644,0.5553482174873352,0.5239840891851306,3.1364128302204586,0.025982300103720934,PLATINUM,"F3_swing_take_gap=549.3, F4_our_sp_unlucky=3.26",0.6713179943901776,False,-0.6713179943901776,291.27797173841674
777839,2025-09-20,home,MIN,-109.0,1.9174311926605505,0.5406670570373535,0.5020133284185144,3.865372861883909,0.036691880007402644,DIAMOND,"F1_xera_gap=2.56, F2_xwoba_gap=0.022, F3_swing_take_gap=12942.9, F4_our_sp_unlucky=2.59",2.9123536656824776,False,-2.9123536656824776,288.36561807273426
776243,2025-09-20,home,MIN,-109.0,1.9174311926605505,0.559158205986023,0.5020133284185144,5.714487756750852,0.0721473857897138,DIAMOND,"F2_xwoba_gap=0.022, F3_swing_take_gap=12942.9, F4_our_sp_unlucky=3.03",4.087646334317523,False,-4.087646334317523,284.27797173841674
776240,2025-09-21,home,BAL,112.0,2.12,0.5525808930397034,0.44542056377894546,10.71603292607579,0.1714714932441712,PLATINUM,"F1_xera_gap=2.59, F4_our_sp_unlucky=3.03",3.264212163643568,False,-3.264212163643568,281.0137595747732
776225,2025-09-21,home,MIN,107.0,2.0700000000000003,0.5604775547981262,0.4577843981702823,10.26931566278439,0.16018853843212144,DIAMOND,"F2_xwoba_gap=0.021, F3_swing_take_gap=12250.1, F4_our_sp_unlucky=3.08",3.7357878363564327,True,3.9972929849013843,285.01105255967457
776223,2025-09-23,home,BAL,-106.5,1.9389671361502347,0.5412227511405945,0.4946500406592804,4.657271048131406,0.04941312779842966,PLATINUM,"F3_swing_take_gap=2041.1, F4_our_sp_unlucky=3.14",1.12490259418218,True,1.0562465673072112,286.06729912698177
776206,2025-09-24,home,TOR,108.0,2.08,0.5779461860656738,0.45321213492468665,12.473405114098718,0.20212806701660158,PLATINUM,"F3_swing_take_gap=6823.7, F4_our_sp_unlucky=2.73",4.015432653416442,False,-4.015432653416442,282.0518664735653
776198,2025-09-24,home,SD,-104.0,1.9615384615384617,0.5299978256225586,0.4892146212552501,4.078320436730848,0.03961111949040341,PLATINUM,"F3_swing_take_gap=2545.6, F4_our_sp_unlucky=4.08",0.8714464344593048,False,-0.8714464344593048,281.180420039106
776191,2025-09-25,home,BAL,110.0,2.1,0.5063561201095581,0.45030276653446394,5.605335357509417,0.06334785223007211,PLATINUM,"F3_swing_take_gap=2162.4, F4_our_sp_unlucky=1.60",1.214466524906379,True,1.335913177397017,282.516333216503
776161,2025-09-27,home,MIA,900.0,10.0,0.5910520553588867,0.04314468372700908,54.790737163187764,4.910520553588867,PLATINUM,"F1_xera_gap=1.93, F4_our_sp_unlucky=3.75",4.237744998247545,False,-4.237744998247545,278.2785882182555
776157,2025-09-27,home,BOS,187.5,2.875,0.5456825494766235,0.29321299113692856,25.246955833969498,0.5688373297452927,PLATINUM,"F1_xera_gap=4.22, F4_our_sp_unlucky=3.54",2.7622550017524556,False,-2.7622550017524556,275.516333216503
813064,2025-10-01,home,CHC,-106.0,1.9433962264150944,0.5255011916160583,0.4883010470141965,3.720014460186183,0.021257032763283223,DIAMOND,"F1_xera_gap=1.32, F3_swing_take_gap=9646.7, F4_our_sp_unlucky=5.14",1.5520148263307587,False,-1.5520148263307587,273.96431839017225
813063,2025-10-04,home,TOR,-125.0,1.8,0.6241121888160706,0.5451414460045511,7.89707428115195,0.123401939868927,PLATINUM,"F1_xera_gap=1.86, F4_our_sp_unlucky=2.60",3.1694745322702134,True,2.5355796258161707,276.49989801598844
