game_id,game_date,side,team,decimal,prob,fair,edge_pp,ev,tier,signals,stake,won,pnl,bankroll
778150,2025-04-27,home,STL,1.8771929824561404,0.5855478048324585,0.5125810058120445,7.296679902041403,0.09918623012408878,PLATINUM,"F3_swing_take_gap=976.2, F4_opp_sp_lucky=-1.05",0.848042267560959,False,-0.848042267560959,99.15195773243904
778141,2025-04-28,home,CIN,1.8333333333333335,0.5946066379547119,0.5323040167875672,6.230262116714469,0.0901121695836386,PLATINUM,"F3_swing_take_gap=73.3, F4_our_sp_unlucky=3.43",0.804131822676178,True,0.6701098522301484,99.8220675846692
778131,2025-04-29,home,PHI,1.5235745614035088,0.7005853056907654,0.6606875185486897,3.9897787142075702,0.06739394984355096,DIAMOND,"F1_xera_gap=1.63, F3_swing_take_gap=860.5, F4_our_sp_unlucky=4.61",3.212247076160023,True,1.6818508540201873,101.50391843868938
778135,2025-04-29,home,PIT,2.3200000000000003,0.6410970091819763,0.40082604862624355,24.027096055573278,0.48734506130218525,PLATINUM,"F1_xera_gap=2.39, F4_our_sp_unlucky=2.05",1.5225587765803408,False,-1.5225587765803408,99.98135966210904
778124,2025-04-29,home,HOU,1.8812111801242235,0.5742761492729187,0.5185440665414417,5.573208273147701,0.08033471249090207,PLATINUM,"F1_xera_gap=1.17, F4_our_sp_unlucky=1.97",0.6836023501573775,True,0.6023980337178753,100.58375769582692
778120,2025-04-29,home,COL,2.45,0.5842308402061462,0.36993698448437484,21.42938557217714,0.4313655585050584,PLATINUM,"F1_xera_gap=1.35, F4_our_sp_unlucky=3.90",1.5087563654374037,False,-1.5087563654374037,99.07500133038951
778105,2025-04-30,home,SD,2.05,0.7172905206680298,0.46734732810867513,24.994319255935466,0.47044556736946097,DIAMOND,"F1_xera_gap=0.94, F3_swing_take_gap=2104.7, F4_our_sp_unlucky=2.78",4.953750066519476,True,5.2014375698454485,104.27643890023496
778134,2025-04-30,home,CIN,1.847457627118644,0.6357681751251221,0.5239840891851306,11.178408593999144,0.17455476421420857,DIAMOND,"F1_xera_gap=2.86, F3_swing_take_gap=446.7, F4_our_sp_unlucky=3.93",2.0462499334805253,False,-2.0462499334805253,102.23018896675444
778095,2025-05-01,home,TOR,1.9803921568627452,0.6272416114807129,0.48442858291964896,14.281302856106393,0.24218436783435304,PLATINUM,"F1_xera_gap=0.87, F4_our_sp_unlucky=1.47",1.5334528345013165,True,1.5033851318640359,103.73357409861848
778107,2025-05-01,home,CIN,1.8,0.6540005803108215,0.5407428086139267,11.325777169689488,0.17720104455947883,PLATINUM,"F1_xera_gap=0.77, F4_our_sp_unlucky=3.66",1.556003611479277,True,1.2448028891834217,104.9783769878019
778100,2025-05-01,home,PIT,1.6350806451612903,0.651090145111084,0.6097000653044905,4.139007980659349,0.06458489452638927,PLATINUM,"F1_xera_gap=2.03, F4_our_sp_unlucky=4.63",0.8006877697697913,False,-0.8006877697697913,104.1776892180321
778064,2025-05-03,home,TOR,1.7464349376114083,0.596845805644989,0.5640712542651907,3.2774551379798345,0.04235236734523712,DIAMOND,"F1_xera_gap=2.64, F3_swing_take_gap=2396.4, F4_our_sp_unlucky=2.91",1.4777482740354413,False,-1.4777482740354413,102.69994094399667
778065,2025-05-03,home,PIT,1.780206435944141,0.6064908504486084,0.5432877952963298,6.320305515227864,0.07967891530984816,PLATINUM,"F1_xera_gap=2.28, F4_our_sp_unlucky=4.18, F4_opp_sp_lucky=-1.17",0.7866206480565019,False,-0.7866206480565019,101.91332029594017
778036,2025-05-05,home,STL,1.7407407407407407,0.5955227613449097,0.5643244441848855,3.119831716002419,0.03665073271150937,DIAMOND,"F1_xera_gap=1.18, F3_swing_take_gap=548.9, F4_our_sp_unlucky=1.78",1.2606292783942694,True,0.9337994654772366,102.8471197614174
778026,2025-05-06,home,WSH,1.9803921568627452,0.5508435964584351,0.4825814564648382,6.8262139993596875,0.09088633808435187,PLATINUM,"F2_xwoba_gap=0.020, F3_swing_take_gap=2934.6",0.7150759544693075,True,0.7010548573228506,103.54817461874025
778037,2025-05-06,home,BOS,2.0,0.6926935315132141,0.4783803151511375,21.431321636207663,0.3853870630264282,PLATINUM,"F2_xwoba_gap=0.034, F3_swing_take_gap=5193.6",1.5532226192811036,False,-1.5532226192811036,101.99495199945915
778018,2025-05-07,home,BOS,1.7352941176470589,0.6378718018531799,0.5673456596425738,7.052614221060615,0.10689518556875344,DIAMOND,"F2_xwoba_gap=0.032, F3_swing_take_gap=4917.4, F4_our_sp_unlucky=4.35",3.7069415691598167,True,2.7256923302645713,104.72064432972371
778023,2025-05-07,home,ATL,1.8440170940170941,0.6306502223014832,0.5260586951395722,10.4591527161911,0.1629297902696154,PLATINUM,"F3_swing_take_gap=2711.8, F4_our_sp_unlucky=1.10",1.5161522857612268,False,-1.5161522857612268,103.20449204396249
778006,2025-05-08,home,BOS,1.7549857549857548,0.6159705519676208,0.5633415670894584,5.262898487816248,0.08101954419388718,PLATINUM,"F2_xwoba_gap=0.032, F3_swing_take_gap=5017.1",0.8306362917060532,True,0.6271185678122623,103.83161061177475
777995,2025-05-09,home,WSH,1.925925925925926,0.5494229793548584,0.5,4.94229793548584,0.05814796023898661,DIAMOND,"F1_xera_gap=2.23, F3_swing_take_gap=1085.1, F4_our_sp_unlucky=2.32",1.6301510186589225,False,-1.6301510186589225,102.20145959311583
777998,2025-05-09,home,PIT,2.26,0.6119064092636108,0.4102474531121455,20.165895615146535,0.38290848493576035,PLATINUM,"F1_xera_gap=0.96, F4_our_sp_unlucky=3.70",1.5330218938967373,True,1.9316075863098887,104.13306717942572
778001,2025-05-09,home,NYM,1.6993006993006992,0.6247391700744629,0.5776003313174983,4.713883875696457,0.061619708588073197,DIAMOND,"F1_xera_gap=1.89, F3_swing_take_gap=325.5, F4_our_sp_unlucky=2.93",2.2939521082973005,True,1.6041623134946155,105.73722949292033
777977,2025-05-10,home,KC,1.888906447534766,0.7138950228691101,0.5099961809786043,20.389884189050576,0.34848091156044136,PLATINUM,"F1_xera_gap=1.86, F4_our_sp_unlucky=5.90",1.586058442393805,False,-1.586058442393805,104.15117105052653
777987,2025-05-10,home,DET,2.05,0.6849297285079956,0.46288061179517215,22.204911671282346,0.40410594344139084,DIAMOND,"F2_xwoba_gap=0.029, F3_swing_take_gap=4721.8, F4_our_sp_unlucky=2.04",5.207558552526327,False,-5.207558552526327,98.9436124980002
777985,2025-05-10,home,PIT,3.2,0.582868218421936,0.2549016619320592,32.79665564898768,0.8651782989501955,PLATINUM,"F1_xera_gap=1.88, F4_our_sp_unlucky=1.58",0.20638300507986962,False,-0.20638300507986962,98.73722949292033
777963,2025-05-11,home,HOU,1.6802721088435373,0.6550545692443848,0.588967363237769,6.608720600661577,0.1006699224718573,PLATINUM,"F3_swing_take_gap=1865.3, F4_our_sp_unlucky=3.81",1.0958705835047444,True,0.7454901928603702,99.48271968578071
777969,2025-05-11,home,DET,1.8620689655172413,0.6883735060691833,0.5201115162816515,16.826198978753183,0.28179894233572067,DIAMOND,"F2_xwoba_gap=0.025, F3_swing_take_gap=4295.9, F4_our_sp_unlucky=1.12",4.974135984289036,False,-4.974135984289036,94.50858370149167
777962,2025-05-11,home,WSH,1.8620689655172413,0.6127728819847107,0.5246461804632107,8.812670152150003,0.14102536645428887,DIAMOND,"F1_xera_gap=2.83, F3_swing_take_gap=498.9, F4_our_sp_unlucky=3.61",0.9299934322062207,False,-0.9299934322062207,93.57859026928546
777951,2025-05-12,home,DET,1.9616273693943596,0.687085747718811,0.48920086916805267,19.788487855075836,0.3478062078460079,PLATINUM,"F1_xera_gap=0.94, F4_our_sp_unlucky=2.77",1.4036788540392817,True,1.3498160038842837,94.92840627316974
777940,2025-05-13,home,DET,1.8695652173913042,0.67365962266922,0.5189038258997157,15.475579676950424,0.2594505989033242,PLATINUM,"F1_xera_gap=1.65, F4_our_sp_unlucky=2.87, F4_opp_sp_lucky=-1.79",1.423926094097546,True,1.2381966035630834,96.16660287673282
777933,2025-05-14,home,PHI,1.819672131147541,0.6020577549934387,0.536025503658235,6.6032251335203735,0.09554771810281476,PLATINUM,"F3_swing_take_gap=1946.7, F4_our_sp_unlucky=2.04",0.8407477008252834,False,-0.8407477008252834,95.32585517590753
777915,2025-05-14,home,SEA,2.07,0.5800875425338745,0.45908939785534597,12.099814467852854,0.2007812130451202,PLATINUM,"F1_xera_gap=0.85, F4_our_sp_unlucky=2.27",1.3415636100548247,False,-1.3415636100548247,93.98429156585271
777904,2025-05-16,home,NYY,1.6896551724137931,0.6430131196975708,0.5846862341459951,5.8326885551575725,0.08647044362693002,DIAMOND,"F1_xera_gap=1.11, F3_swing_take_gap=1423.4, F4_our_sp_unlucky=3.84",2.945987977302482,True,2.031715846415505,96.01600741226822
777908,2025-05-16,home,BOS,1.8695652173913042,0.5887330174446106,0.5189038258997157,6.982919154489487,0.10067477174427186,PLATINUM,"F3_swing_take_gap=3194.7, F4_our_sp_unlucky=1.35",0.8337261055897786,False,-0.8337261055897786,95.18228130667845
777901,2025-05-16,home,KC,1.6493506493506493,0.7103895545005798,0.6021357230289716,10.825383147160828,0.17168147300744985,PLATINUM,"F1_xera_gap=4.34, F4_our_sp_unlucky=6.14",1.4277342196001768,False,-1.4277342196001768,93.75454708707827
777895,2025-05-16,home,TEX,1.7692307692307692,0.5919438600540161,0.5545794362210547,3.7364423832961458,0.04728529086479771,PLATINUM,"F1_xera_gap=9.01, F4_our_sp_unlucky=2.03",0.4322380753187122,False,-0.4322380753187122,93.32230901175956
777893,2025-05-17,home,BOS,1.847457627118644,0.5958765149116516,0.5262554268699334,6.962108804171818,0.10085661229440723,DIAMOND,"F1_xera_gap=1.30, F3_swing_take_gap=3320.2, F4_our_sp_unlucky=4.19",2.7765907218332804,True,2.3530429846044747,95.67535199636403
777888,2025-05-17,home,NYY,1.7634032634032635,0.6291758418083191,0.5584057917130555,7.07700500952636,0.10949073269928533,DIAMOND,"F1_xera_gap=0.88, F3_swing_take_gap=1766.9, F4_our_sp_unlucky=4.02",3.4305474228141564,False,-3.4305474228141564,92.24480457354987
777880,2025-05-18,home,PHI,1.9803921568627452,0.6669673919677734,0.4825814564648382,18.438593550293525,0.3208569919361788,PLATINUM,"F2_xwoba_gap=0.027, F3_swing_take_gap=5288.0",1.383672068603248,True,1.3565412437286746,93.60134581727854
777861,2025-05-19,home,MIN,1.704225352112676,0.6192581057548523,0.5794987583752815,3.9759347379570764,0.0553553633286919,DIAMOND,"F1_xera_gap=0.83, F3_swing_take_gap=1894.9, F4_our_sp_unlucky=2.34",1.8393744595483466,True,1.2953341264424976,94.89667994372104
777829,2025-05-21,home,MIN,2.9,0.6188695430755615,0.2908729658270835,32.799657724847805,0.7947216749191284,DIAMOND,"F1_xera_gap=1.44, F3_swing_take_gap=1943.6, F4_our_sp_unlucky=2.18",4.744833997186052,False,-4.744833997186052,90.15184594653499
777821,2025-05-22,home,DET,1.7846153846153845,0.6997746229171753,0.5484135603080605,15.136106260911475,0.24882855782142044,DIAMOND,"F2_xwoba_gap=0.031, F3_swing_take_gap=6284.1, F4_our_sp_unlucky=1.56",4.50759229732675,False,-4.50759229732675,85.64425364920824
777820,2025-05-22,home,WSH,2.35,0.5758358836174011,0.3929438955923954,18.28919880250057,0.3532143265008927,DIAMOND,"F1_xera_gap=1.71, F3_swing_take_gap=584.2, F4_our_sp_unlucky=3.78",2.492407702673251,True,3.3647503986088894,89.00900404781713
777811,2025-05-23,home,CIN,1.9615384615384617,0.6511649489402771,0.48795343113203293,16.321151780824415,0.2772850921520821,PLATINUM,"F1_xera_gap=2.24, F4_our_sp_unlucky=3.99",1.335135060717257,False,-1.335135060717257,87.67386898709987
777806,2025-05-23,home,PIT,1.8,0.5916897654533386,0.5392633821665005,5.242638328683813,0.06504157781600955,DIAMOND,"F1_xera_gap=1.25, F3_swing_take_gap=1897.1, F4_our_sp_unlucky=3.56",1.7820146162984634,True,1.4256116930387708,89.09948068013864
777807,2025-05-23,home,DET,1.847457627118644,0.7041764855384827,0.5239840891851306,18.019239635335204,0.30093621904567136,DIAMOND,"F2_xwoba_gap=0.030, F3_swing_take_gap=6121.9, F4_our_sp_unlucky=1.89",3.8828503229842806,False,-3.8828503229842806,85.21663035715436
777796,2025-05-24,home,DET,1.7142857142857144,0.7009536623954773,0.5750547325859694,12.58989298095079,0.20163484982081836,DIAMOND,"F1_xera_gap=4.40, F2_xwoba_gap=0.029, F3_swing_take_gap=5991.7, F4_our_sp_unlucky=3.90",4.260831517857718,False,-4.260831517857718,80.95579883929663
777795,2025-05-24,home,TB,1.8547008547008548,0.5765368938446045,0.5228101676402822,5.372672620432228,0.06930346978016394,PLATINUM,"F1_xera_gap=1.68, F4_our_sp_unlucky=2.71",0.49232293329856675,True,0.4207888318791169,81.37658767117576
777809,2025-05-24,home,BOS,1.7462686567164178,0.638195276260376,0.5626903447963787,7.550493146399728,0.11446040779796995,DIAMOND,"F2_xwoba_gap=0.021, F3_swing_take_gap=4607.9, F4_our_sp_unlucky=2.36",2.246845548843716,True,1.6767504095848624,83.05333808076062
777785,2025-05-25,home,BOS,1.7692307692307692,0.6377043724060059,0.556010132785257,8.169423962074884,0.12824619733370263,DIAMOND,"F1_xera_gap=0.91, F2_xwoba_gap=0.020, F3_swing_take_gap=4458.8, F4_our_sp_unlucky=2.29",3.461664305036583,False,-3.461664305036583,79.59167377572405
777778,2025-05-25,home,WSH,2.38,0.6148978471755981,0.3843953485316887,23.050249864390942,0.46345687627792354,DIAMOND,"F2_xwoba_gap=0.020, F3_swing_take_gap=4255.5, F4_our_sp_unlucky=4.99",3.538335694963418,False,-3.538335694963418,76.05333808076062
777760,2025-05-26,home,KC,1.8333333333333335,0.6721797585487366,0.5262836035924592,14.58961549562774,0.23232955733935046,PLATINUM,"F3_swing_take_gap=516.9, F4_our_sp_unlucky=2.05",1.1408000712114093,False,-1.1408000712114093,74.91253800954921
777770,2025-05-26,home,DET,1.9090909090909092,0.6503027677536011,0.5027049024397354,14.759786531386565,0.24148710207505664,DIAMOND,"F2_xwoba_gap=0.022, F3_swing_take_gap=4739.7, F4_our_sp_unlucky=1.91",3.7456269004774607,True,3.405115364070419,78.31765337361963
777746,2025-05-27,home,TB,2.05,0.540392279624939,0.4607366178334995,7.965566179143946,0.10780417323112479,PLATINUM,"F3_swing_take_gap=324.5, F4_our_sp_unlucky=3.50",0.603069276524634,False,-0.603069276524634,77.714584097095
777748,2025-05-27,home,PHI,1.9090909090909092,0.6169176697731018,0.5067879490415165,11.012972073158533,0.17775191502137622,DIAMOND,"F1_xera_gap=6.24, F3_swing_take_gap=2388.0, F4_our_sp_unlucky=5.01",3.798826940795817,True,3.4534790370871065,81.1680631341821
777753,2025-05-27,home,CLE,2.12,0.5757762789726257,0.4454205637789453,13.035571519368045,0.22064571142196665,PLATINUM,"F1_xera_gap=1.28, F4_our_sp_unlucky=2.85",1.199289176449869,False,-1.199289176449869,79.96877395773224
777755,2025-05-27,home,DET,2.0,0.623589038848877,0.4760159108148693,14.757312803400763,0.2471780776977539,DIAMOND,"F2_xwoba_gap=0.022, F3_swing_take_gap=4857.1, F4_our_sp_unlucky=2.22",1.3988146062296805,True,1.3988146062296805,81.36758856396192
777739,2025-05-28,home,CLE,2.15,0.5218093991279602,0.43638042058810117,8.542897853985904,0.12189020812511442,PLATINUM,"F1_xera_gap=6.20, F4_our_sp_unlucky=4.44",0.646820367697826,True,0.7438434228524998,82.11143198681442
777732,2025-05-28,home,TB,1.9090909090909092,0.5673843026161194,0.5027049024397354,6.467940017638396,0.08318821408531885,PLATINUM,"F3_swing_take_gap=408.3, F4_our_sp_unlucky=1.54",0.5635330290951253,True,0.5123027537228412,82.62373474053726
777735,2025-05-29,home,PHI,2.04,0.5596320629119873,0.4676959832124328,9.193607969955453,0.14164940834045414,DIAMOND,"F1_xera_gap=3.74, F3_swing_take_gap=2433.6, F4_our_sp_unlucky=3.14",2.8133661396335885,True,2.925900785218932,85.54963552575619
777723,2025-05-29,home,PHI,2.04,0.5596320629119873,0.4676959832124328,9.193607969955453,0.14164940834045414,DIAMOND,"F1_xera_gap=2.35, F3_swing_take_gap=2433.6, F4_our_sp_unlucky=3.92",2.91299405191463,False,-2.91299405191463,82.63664147384156
777714,2025-05-30,home,HOU,1.8658170914542729,0.5651475787162781,0.5180220418270081,4.712553688927001,0.0544620115628307,DIAMOND,"F1_xera_gap=0.90, F3_swing_take_gap=2255.5, F4_our_sp_unlucky=1.77",1.2995116889822755,True,1.1251394308654634,83.76178090470702
777717,2025-05-30,home,MIA,2.4,0.5821736454963684,0.38029864282735265,20.187500266901576,0.39721674919128414,PLATINUM,"F3_swing_take_gap=1966.5, F4_our_sp_unlucky=1.80",1.2564267135706053,False,-1.2564267135706053,82.50535419113642
777698,2025-05-31,home,LAD,2.01,0.5736113786697388,0.4722012171214864,10.14101615482524,0.1529588711261748,PLATINUM,"F3_swing_take_gap=433.1, F4_our_sp_unlucky=1.31",0.9371232058619885,True,0.9464944379206082,83.45184862905703
777695,2025-05-31,home,SEA,1.9090909090909092,0.5515811443328857,0.5082075403713182,4.337360396156753,0.0530185482718728,PLATINUM,"F3_swing_take_gap=4648.8, F4_our_sp_unlucky=1.92",0.3650209088556262,True,0.33183718986875116,83.78368581892578
777689,2025-06-01,home,MIA,2.1,0.5794833302497864,0.44830141270592166,13.118191754386471,0.21691499352455146,DIAMOND,"F1_xera_gap=2.34, F3_swing_take_gap=1336.7, F4_our_sp_unlucky=2.69",4.130440378835304,False,-4.130440378835304,79.65324544009047
777671,2025-06-02,home,CIN,1.904995904995905,0.5453164577484131,0.5125048934051739,3.2811564343239175,0.03882561893759945,PLATINUM,"F3_swing_take_gap=204.9, F4_our_sp_unlucky=2.10",0.25629286311085797,False,-0.25629286311085797,79.39695257697961
777665,2025-06-03,home,TOR,2.16,0.5716552138328552,0.4349722909753677,13.668292285748752,0.23477526187896736,PLATINUM,"F3_swing_take_gap=574.4, F4_our_sp_unlucky=1.64",1.1909542886546942,False,-1.1909542886546942,78.20599828832492
777642,2025-06-05,home,STL,1.8620689655172413,0.5677476525306702,0.5216196848488626,4.61279676818076,0.05718528402262718,PLATINUM,"F3_swing_take_gap=3203.1, F4_our_sp_unlucky=1.21",0.3890842035220131,True,0.33541741682932164,78.54141570515424
777637,2025-06-05,home,TOR,2.06,0.561867356300354,0.4592571913860733,10.261016491428071,0.15744675397872931,PLATINUM,"F3_swing_take_gap=714.4, F4_our_sp_unlucky=2.04",0.874959265731405,True,0.9274568216752894,79.46887252682953
777635,2025-06-05,home,STL,1.8620689655172413,0.5668567419052124,0.5216196848488626,4.523705705634984,0.055526346995912745,PLATINUM,"F3_swing_take_gap=3203.1, F4_our_sp_unlucky=2.56",0.38389760864298633,False,-0.38389760864298633,79.08497491818655
777628,2025-06-05,home,SEA,1.9090909090909092,0.5596320629119873,0.5054027332436023,5.4229329668385,0.06838848374106676,PLATINUM,"F3_swing_take_gap=2918.5, F4_our_sp_unlucky=3.04",0.4462013755117935,False,-0.4462013755117935,78.63877354267476
777633,2025-06-05,home,SF,1.9175084175084176,0.554362952709198,0.5006570659694386,5.37058867397594,0.06299562817470805,PLATINUM,"F1_xera_gap=1.31, F4_our_sp_unlucky=2.92",0.404947151738035,True,0.37154242036570556,79.01031596304045
777624,2025-06-06,home,WSH,1.99009900990099,0.5596320629119873,0.48049280836511277,7.913925454687454,0.11372321430999455,DIAMOND,"F1_xera_gap=0.81, F2_xwoba_gap=0.024, F3_swing_take_gap=5864.1, F4_our_sp_unlucky=3.90",2.2687900414787214,True,2.246326773741308,81.25664273678176
777610,2025-06-07,home,WSH,2.4850000000000003,0.5623533725738525,0.36353124178210805,19.88221307917445,0.3974481308460237,DIAMOND,"F2_xwoba_gap=0.024, F3_swing_take_gap=6069.8, F4_our_sp_unlucky=1.87",4.062832136839088,False,-4.062832136839088,77.19381059994267
777605,2025-06-07,home,NYY,1.9090909090909092,0.5544142723083496,0.5047015514144788,4.97127208938708,0.05842724713412206,PLATINUM,"F3_swing_take_gap=4727.7, F4_our_sp_unlucky=2.59",0.3720933025546655,False,-0.3720933025546655,76.821717297388
777587,2025-06-08,home,SF,1.9523809523809523,0.5815361738204956,0.48690339003175304,9.463278378874257,0.13538014888763428,PLATINUM,"F1_xera_gap=4.60, F4_our_sp_unlucky=3.05",0.8190106726350258,True,0.7800101644143103,77.60172746180231
777589,2025-06-08,home,LAA,2.3949999999999996,0.5419178605079651,0.3835122341198393,15.840562638812578,0.2978932759165761,PLATINUM,"F1_xera_gap=2.67, F4_our_sp_unlucky=2.04",1.1640259119270346,False,-1.1640259119270346,76.43770154987527
777565,2025-06-10,home,BOS,1.9090909090909092,0.540184497833252,0.5067879490415165,3.339654879173548,0.03126131404529925,PLATINUM,"F3_swing_take_gap=4592.0, F4_our_sp_unlucky=2.32",0.1971372969267494,True,0.1792157244788631,76.61691727435414
777560,2025-06-10,home,SD,2.04,0.5710135102272034,0.4665805909169018,10.443291931030158,0.16486756086349486,PLATINUM,"F1_xera_gap=2.37, F4_our_sp_unlucky=3.39",0.9109358849929997,True,0.9473733203927197,77.56429059474685
777553,2025-06-11,home,PHI,1.8064516129032258,0.5794833302497864,0.539678510567689,3.980481968209737,0.04680859658025921,PLATINUM,"F1_xera_gap=0.89, F4_our_sp_unlucky=3.83",0.3376528296359654,True,0.2723006690612624,77.83659126380812
777530,2025-06-13,home,WSH,1.8849557522123894,0.5622150301933289,0.512046568867967,5.01684613253619,0.05975045514317745,PLATINUM,"F3_swing_take_gap=3768.0, F4_our_sp_unlucky=1.92",0.39415290621980886,False,-0.39415290621980886,77.4424383575883
777443,2025-06-19,home,TEX,2.15,0.535840630531311,0.43638042058810117,9.946020994320987,0.1520573556423187,DIAMOND,"F1_xera_gap=1.33, F3_swing_take_gap=416.0, F4_our_sp_unlucky=4.29",2.559933128510467,False,-2.559933128510467,74.88250522907784
777451,2025-06-19,home,DET,2.05,0.5650339126586914,0.4639744963417651,10.105941631692634,0.15831952095031732,DIAMOND,"F1_xera_gap=4.43, F3_swing_take_gap=5067.5, F4_our_sp_unlucky=3.32",2.822705322720771,True,2.963840588856809,77.84634581793465
777464,2025-06-19,home,DET,2.05,0.5650339126586914,0.4639744963417651,10.105941631692634,0.15831952095031732,PLATINUM,"F3_swing_take_gap=5067.5, F4_our_sp_unlucky=3.58",0.8803282984020111,False,-0.8803282984020111,76.96601751953264
777432,2025-06-20,home,PIT,2.575,0.5779301524162292,0.3506508029937188,22.727934942251043,0.48817014247179047,PLATINUM,"F3_swing_take_gap=266.8, F4_our_sp_unlucky=1.67",1.1544902627929896,False,-1.1544902627929896,75.81152725673965
777403,2025-06-22,home,CHC,1.9569597069597071,0.5634034276008606,0.4912148036381878,7.218862396267278,0.10255780657787472,PLATINUM,"F3_swing_take_gap=4415.3, F4_our_sp_unlucky=1.44",0.6093566865112551,False,-0.6093566865112551,75.20217057022839
777407,2025-06-22,home,STL,1.925925925925926,0.5608716011047363,0.5041332514747061,5.673834963003022,0.08019715768319591,PLATINUM,"F3_swing_take_gap=3495.6, F4_our_sp_unlucky=1.84",0.4885110268384752,False,-0.4885110268384752,74.71365954338991
777404,2025-06-22,home,PIT,1.9090909090909092,0.5681774020195007,0.5067879490415165,6.138945297798426,0.08470231294631958,PLATINUM,"F1_xera_gap=2.10, F4_our_sp_unlucky=2.36",0.5220946311907415,True,0.47463148290067414,75.18829102629059
777392,2025-06-23,home,STL,1.9523809523809523,0.5794833302497864,0.48812921594065917,9.135411430912722,0.13137221620196382,PLATINUM,"F1_xera_gap=1.36, F4_our_sp_unlucky=2.90",0.7778651284342593,True,0.7408239318421517,75.92911495813274
777389,2025-06-23,home,NYM,2.205,0.5544142723083496,0.42006780205731276,13.434647025103686,0.2224834704399109,DIAMOND,"F2_xwoba_gap=0.023, F3_swing_take_gap=7317.5, F4_our_sp_unlucky=4.57",3.504766183260648,False,-3.504766183260648,72.4243487748721
777387,2025-06-24,home,NYM,2.2,0.5512338876724243,0.4232378942197167,12.799599345270762,0.2127145528793336,PLATINUM,"F2_xwoba_gap=0.022, F3_swing_take_gap=6945.8",0.9628570604514892,False,-0.9628570604514892,71.46149171442062
777361,2025-06-25,home,MIL,2.0,0.5646700263023376,0.4748582094441182,8.981181685821943,0.1293400526046753,PLATINUM,"F1_xera_gap=1.06, F4_our_sp_unlucky=3.85",0.6932124823163797,True,0.6932124823163797,72.154704196737
777365,2025-06-25,home,BAL,2.3,0.5344748497009277,0.4034281387173037,13.104671098362402,0.22929215431213368,PLATINUM,"F3_swing_take_gap=1243.2, F4_our_sp_unlucky=1.95",0.9544908212898798,False,-0.9544908212898798,71.20021337544712
777325,2025-06-28,home,PIT,2.455,0.5233332514762878,0.36463198245014267,15.870126902614517,0.28478313237428665,PLATINUM,"F1_xera_gap=2.15, F4_our_sp_unlucky=2.17",1.045186587153475,True,1.520746484308306,72.72095985975542
777320,2025-06-28,home,HOU,1.8695652173913042,0.568641185760498,0.5145154380086625,5.412574775183554,0.06311178207397455,PLATINUM,"F1_xera_gap=1.15, F4_our_sp_unlucky=2.82",0.3958486332383255,False,-0.3958486332383255,72.3251112265171
777304,2025-06-29,home,KC,1.8893280632411067,0.5726014971733093,0.5092305511862161,6.337094598709325,0.0818320776634065,PLATINUM,"F1_xera_gap=3.70, F4_our_sp_unlucky=2.73",0.4991280240274745,False,-0.4991280240274745,71.82598320248962
777281,2025-07-01,away,KC,2.35,0.5319111943244934,0.391195368816442,14.07158255080514,0.24999130666255953,DIAMOND,"F1_xera_gap=1.42, F3_swing_take_gap=5838.1, F4_our_sp_unlucky=2.75",3.32516136909508,True,4.488967848278358,76.31495105076799
777293,2025-07-01,home,MIA,2.15,0.5302319526672363,0.43638042058810117,9.385153207913516,0.13999869823455802,PLATINUM,"F3_swing_take_gap=1495.8, F4_our_sp_unlucky=1.83",0.6967822045396652,True,0.8012995352206149,77.11625058598861
777282,2025-07-01,home,TEX,1.9478885893980233,0.5920110940933228,0.49391052259537627,9.810057149794648,0.15317165498142293,PLATINUM,"F1_xera_gap=3.22, F4_our_sp_unlucky=2.52",0.9346053845620832,True,0.8859017796163502,78.00215236560496
777289,2025-07-02,home,NYM,2.05,0.520492672920227,0.4656458565553057,5.484681636492134,0.06700997948646537,DIAMOND,"F2_xwoba_gap=0.035, F3_swing_take_gap=12090.2, F4_our_sp_unlucky=1.16",1.2445053880760322,False,-1.2445053880760322,76.75764697752892
777279,2025-07-02,home,ATL,1.7575757575757576,0.638973593711853,0.5579564848073859,8.10171089044671,0.1230444980390144,PLATINUM,"F3_swing_take_gap=997.1, F4_our_sp_unlucky=1.99",0.9350160081575857,True,0.7083454607254437,77.46599243825436
777276,2025-07-02,home,NYM,2.05,0.5277562737464905,0.4656458565553057,6.211041719118477,0.08190036118030541,DIAMOND,"F2_xwoba_gap=0.035, F3_swing_take_gap=12090.2, F4_our_sp_unlucky=1.91",1.5105935142580575,True,1.5861231899709602,79.05211562822532
777262,2025-07-02,away,KC,2.1799999999999997,0.5469069182872772,0.42771000223841815,11.919691604885907,0.19225708186626422,PLATINUM,"F3_swing_take_gap=5077.1, F4_our_sp_unlucky=1.20",0.9659954914854093,False,-0.9659954914854093,78.08612013673991
777263,2025-07-03,home,MIA,2.01,0.5204973220825195,0.4722012171214864,4.829610496103315,0.0461996173858642,DIAMOND,"F1_xera_gap=1.39, F3_swing_take_gap=2293.6, F4_our_sp_unlucky=3.91",0.8929576419465372,True,0.9018872183660024,78.9880073551059
777245,2025-07-04,home,WSH,1.9803921568627452,0.5533559918403625,0.4825814564648382,7.077453537552437,0.09586186619365922,DIAMOND,"F1_xera_gap=3.01, F3_swing_take_gap=2056.2, F4_our_sp_unlucky=3.85",1.9308441369546276,False,-1.9308441369546276,77.05716321815127
777228,2025-07-05,home,WSH,1.9523809523809523,0.5406997203826904,0.49321205095848347,4.748766942420696,0.055651835032871744,PLATINUM,"F3_swing_take_gap=1932.3, F4_our_sp_unlucky=1.05",0.3377093371720131,False,-0.3377093371720131,76.71945388097926
777231,2025-07-05,away,LAA,2.2,0.5099601447582245,0.41307727968640207,9.688286507182243,0.12191231846809392,PLATINUM,"F3_swing_take_gap=3809.9, F4_our_sp_unlucky=1.84",0.5845654058897616,False,-0.5845654058897616,76.1348884750895
777207,2025-07-06,home,SD,1.8130081300813008,0.6458150744438171,0.5371193882048279,10.869568623898928,0.17086798049570096,PLATINUM,"F1_xera_gap=1.85, F4_our_sp_unlucky=2.00",1.1420233271263425,True,0.9284742496962134,77.0633627247857
777220,2025-07-06,home,MIN,1.847457627118644,0.5652968883514404,0.5239840891851306,4.131279916630981,0.04436204797130516,PLATINUM,"F1_xera_gap=0.90, F4_our_sp_unlucky=2.25",0.30255394057139245,False,-0.30255394057139245,76.76080878421432
777224,2025-07-06,home,MIA,2.08,0.5160093307495117,0.45120846433566675,6.4800866413844975,0.07329940795898438,PLATINUM,"F3_swing_take_gap=5254.3, F4_our_sp_unlucky=1.95",0.39073068321775806,False,-0.39073068321775806,76.37007810099657
777211,2025-07-07,home,DET,1.9345794392523366,0.5319258570671082,0.4986427967600078,3.3283060307100376,0.029052826288704592,PLATINUM,"F3_swing_take_gap=3801.7, F4_our_sp_unlucky=2.01",0.1780560206710252,True,0.16640749595422916,76.5364855969508
777193,2025-07-08,home,MIL,1.9523809523809523,0.5789006352424622,0.49321205095848347,8.568858428397869,0.13023457356861656,PLATINUM,"F1_xera_gap=3.00, F4_our_sp_unlucky=4.07",0.7849561044275567,True,0.7475772423119588,77.28406283926276
777192,2025-07-08,home,HOU,1.7380174291938997,0.6240020394325256,0.5633718151512668,6.063022428125886,0.08452642038626862,DIAMOND,"F1_xera_gap=1.98, F2_xwoba_gap=0.030, F3_swing_take_gap=10272.0, F4_our_sp_unlucky=2.66",2.2128695496546418,False,-2.2128695496546418,75.07119328960812
777187,2025-07-08,home,NYY,1.7905261842269715,0.6025949716567993,0.546707030535852,5.58879411209473,0.07896207523500892,PLATINUM,"F3_swing_take_gap=6774.7, F4_our_sp_unlucky=3.81",0.562389076806403,True,0.44458329093869503,75.51577658054681
777186,2025-07-08,home,SF,2.15,0.5713045597076416,0.43730965520362125,13.399490450402036,0.22830480337142944,PLATINUM,"F1_xera_gap=1.58, F4_our_sp_unlucky=3.11",1.124387903717122,True,1.2930460892746902,76.80882266982151
777182,2025-07-09,home,DET,2.6,0.55103999376297,0.3385280099955236,21.251198376744636,0.432703983783722,DIAMOND,"F1_xera_gap=1.15, F3_swing_take_gap=4262.2, F4_our_sp_unlucky=1.24",3.8404411334910757,False,-3.8404411334910757,72.96838153633044
777170,2025-07-10,home,BOS,1.9090909090909092,0.5845376253128052,0.5067879490415165,7.77496762712887,0.11593546650626452,PLATINUM,"F3_swing_take_gap=2866.8, F4_our_sp_unlucky=3.37",0.6979189266737793,True,0.6344717515216176,73.60285328785206
777169,2025-07-10,home,NYY,1.99009900990099,0.602379560470581,0.48109617410028427,12.128338637029678,0.19879496687709697,DIAMOND,"F2_xwoba_gap=0.021, F3_swing_take_gap=7893.7, F4_our_sp_unlucky=3.24",3.680142664392603,True,3.643705608309508,77.24655889616156
777155,2025-07-11,home,BOS,1.8772604848018468,0.5591457486152649,0.511859954008069,4.728579460719584,0.049662219120383766,PLATINUM,"F3_swing_take_gap=2794.2, F4_our_sp_unlucky=2.19",0.3279728997821545,True,0.2877176650647604,77.53427656122632
777145,2025-07-12,home,DET,1.8,0.5775520205497742,0.5392633821665005,3.8288638383273677,0.039593636989593506,DIAMOND,"F1_xera_gap=0.93, F3_swing_take_gap=2153.1, F4_our_sp_unlucky=3.10",0.9593325001299823,False,-0.9593325001299823,76.57494406109633
777140,2025-07-12,home,CIN,3.35,0.6338900923728943,0.23768923900851321,39.6200853364381,1.123531809449196,DIAMOND,"F1_xera_gap=1.72, F3_swing_take_gap=1464.9, F4_our_sp_unlucky=1.84",3.828747203054817,True,8.99755592717882,85.57249998827515
777137,2025-07-12,home,HOU,1.8264462809917354,0.6123440861701965,0.5349166297584649,7.742745641173165,0.11841357887283821,PLATINUM,"F3_swing_take_gap=1193.3, F4_our_sp_unlucky=1.77",0.9195648473862117,True,0.7599709482530674,86.33247093652822
777136,2025-07-12,home,KC,2.15,0.5387352108955383,0.43638042058810117,10.235479030743717,0.15828070342540734,PLATINUM,"F1_xera_gap=1.64, F4_our_sp_unlucky=3.38",0.8911802757578625,False,-0.8911802757578625,85.44129066077036
777125,2025-07-13,home,HOU,1.7575757575757576,0.6659957766532898,0.5607959982775894,10.519977837570039,0.17053803169366089,PLATINUM,"F3_swing_take_gap=1819.9, F4_our_sp_unlucky=2.72",1.2816193599115555,False,-1.2816193599115555,84.1596713008588
777124,2025-07-13,home,KC,2.175,0.544579267501831,0.4328720477766648,11.170721972516622,0.1844599068164825,PLATINUM,"F1_xera_gap=0.95, F4_our_sp_unlucky=1.62",0.9908990505869497,True,1.1643063844396657,85.32397768529847
777109,2025-07-18,home,MIA,2.02,0.5276839137077332,0.46736186816730996,6.03220455404232,0.06592150568962096,PLATINUM,"F3_swing_take_gap=2023.6, F4_our_sp_unlucky=4.24",0.413579785326654,True,0.4218513810331871,85.74582906633167
777093,2025-07-19,home,MIA,1.9090909090909092,0.5415030717849731,0.4936890949376164,4.781397684735672,0.033778591589494256,PLATINUM,"F3_swing_take_gap=2252.6, F4_our_sp_unlucky=2.04",0.2389508005940717,True,0.2172280005400652,85.96305706687173
777094,2025-07-19,home,TOR,2.06,0.5109919905662537,0.4592571913860733,5.173479918018037,0.05264350056648259,DIAMOND,"F2_xwoba_gap=0.027, F3_swing_take_gap=10429.3, F4_our_sp_unlucky=2.05",1.0673104347633107,True,1.1313490608491095,87.09440612772083
777089,2025-07-19,home,PHI,1.769412878787879,0.595464825630188,0.549490348694766,4.5974476935422,0.053623131335233276,DIAMOND,"F1_xera_gap=1.06, F3_swing_take_gap=3154.8, F4_our_sp_unlucky=3.32",1.5174800510580218,True,1.16756869458773,88.26197482230856
777082,2025-07-20,home,MIA,2.1,0.5357171297073364,0.4513233041107768,8.43938255965596,0.12500597238540656,PLATINUM,"F3_swing_take_gap=2250.3, F4_our_sp_unlucky=1.40",0.7522686809535648,False,-0.7522686809535648,87.509706141355
777077,2025-07-20,away,SD,1.8695652173913042,0.5518562197685242,0.5167736556008399,3.5082564167684294,0.03173119348028425,PLATINUM,"F3_swing_take_gap=3220.5, F4_our_sp_unlucky=1.54",0.2394979147140208,True,0.20825905627306152,87.71796519762806
777076,2025-07-20,home,TB,1.816340130614421,0.6106218099594116,0.5365720682262569,7.404974173315471,0.1090968980576918,PLATINUM,"F3_swing_take_gap=881.0, F4_our_sp_unlucky=1.68",0.8792068601164209,False,-0.8792068601164209,86.83875833751163
777042,2025-07-22,home,WSH,2.165,0.5333256721496582,0.4329017605646109,10.042391158504731,0.15465008020401005,PLATINUM,"F2_xwoba_gap=0.023, F3_swing_take_gap=9076.1",0.8645678717840872,True,1.0072215706284617,87.8459799081401
777037,2025-07-23,home,MIA,2.2199999999999998,0.520377516746521,0.4196644923679952,10.07130243785258,0.1552380871772765,PLATINUM,"F3_swing_take_gap=1131.0, F4_our_sp_unlucky=4.02",0.838342738964332,True,1.0227781415364847,88.86875804967659
777024,2025-07-23,away,MIL,2.08,0.5406434834003448,0.45631819875081925,8.43252846495256,0.12453844547271731,DIAMOND,"F1_xera_gap=1.00, F3_swing_take_gap=6955.4, F4_our_sp_unlucky=2.55",2.5619391154161466,True,2.7668942446494387,91.63565229432602
777023,2025-07-24,away,SD,2.29,0.5053903162479401,0.4047381516926648,10.065216455527526,0.1573438242077828,PLATINUM,"F3_swing_take_gap=483.9, F4_our_sp_unlucky=3.92",0.8382734863816245,False,-0.8382734863816245,90.7973788079444
777021,2025-07-24,away,TOR,2.165,0.5298882722854614,0.4333540722632965,9.653420002216496,0.147208109498024,PLATINUM,"F1_xera_gap=1.20, F4_our_sp_unlucky=2.40",0.8604792155596636,True,1.0024582861270082,91.7998370940714
777001,2025-07-26,home,NYY,2.02,0.5487499833106995,0.4706927815793399,7.8057201731359545,0.10847496628761288,PLATINUM,"F3_swing_take_gap=3533.5, F4_our_sp_unlucky=2.07",0.7322047230873345,False,-0.7322047230873345,91.06763237098407
776990,2025-07-26,home,KC,1.8264462809917354,0.5679717063903809,0.5349166297584649,3.305507663191598,0.03736981084524105,DIAMOND,"F1_xera_gap=0.86, F2_xwoba_gap=0.022, F3_swing_take_gap=8834.2, F4_our_sp_unlucky=2.86",1.0294620092378568,False,-1.0294620092378568,90.03817036174621
776988,2025-07-27,home,NYY,2.1,0.6019387245178223,0.44830141270592166,15.36373118119006,0.26407132148742685,PLATINUM,"F3_swing_take_gap=2998.1, F4_our_sp_unlucky=3.04",1.3505725554261931,True,1.4856298109688126,91.52380017271503
776977,2025-07-27,home,LAA,2.15,0.5320470929145813,0.43638042058810117,9.566667232648014,0.14390124976634977,PLATINUM,"F3_swing_take_gap=178.8, F4_our_sp_unlucky=3.48",0.8589384279273491,True,0.9877791921164514,92.51157936483148
776974,2025-07-27,home,SF,1.925925925925926,0.5504664182662964,0.5,5.046641826629639,0.06015754629064496,PLATINUM,"F1_xera_gap=2.04, F4_our_sp_unlucky=4.23",0.4507868390629025,False,-0.4507868390629025,92.06079252576858
776965,2025-07-28,home,MIL,1.9523809523809523,0.570891797542572,0.49191363507756836,7.8978162465003665,0.11459827139264056,PLATINUM,"F1_xera_gap=1.47, F4_our_sp_unlucky=3.57",0.8308131053110562,True,0.7912505764867201,92.8520431022553
776961,2025-07-28,home,MIN,1.8970233306516493,0.5861328840255737,0.5087026950064805,7.743018901909327,0.11190775585865076,PLATINUM,"F1_xera_gap=1.02, F4_our_sp_unlucky=2.64",0.8687787219744536,True,0.7793147827848076,93.6313578850401
776915,2025-08-01,home,CHC,1.847457627118644,0.6528319120407104,0.5239840891851306,12.884782285557982,0.20607929512605827,PLATINUM,"F3_swing_take_gap=8462.6, F4_our_sp_unlucky=1.97",1.4044703682756015,True,1.1902291256572892,94.82158701069739
776918,2025-08-01,home,TB,2.12,0.5429241061210632,0.44347294232544027,9.945116379562297,0.15099910497665414,PLATINUM,"F1_xera_gap=0.79, F4_our_sp_unlucky=2.83",0.9587929534206187,False,-0.9587929534206187,93.86279405727677
776882,2025-08-04,home,ATL,2.15,0.5144963264465332,0.43638042058810117,7.811590585843203,0.1061671018600463,PLATINUM,"F3_swing_take_gap=5741.6, F4_our_sp_unlucky=1.20",0.6499004881009208,False,-0.6499004881009208,93.21289356917585
776862,2025-08-05,home,MIA,1.9433962264150944,0.5399259924888611,0.4946103603870472,4.531563210181389,0.049290136346277214,PLATINUM,"F3_swing_take_gap=1506.9, F4_our_sp_unlucky=1.94",0.36526086054382845,False,-0.36526086054382845,92.84763270863202
776866,2025-08-05,home,PIT,2.21,0.539364755153656,0.4197929269178797,11.957182823577629,0.19199610888957974,PLATINUM,"F3_swing_take_gap=281.9, F4_our_sp_unlucky=2.30",1.104941169400799,False,-1.104941169400799,91.74269153923122
776868,2025-08-05,home,PHI,1.6944779358572462,0.6207822561264038,0.5797927758049457,4.0989480321458105,0.05190183597787301,PLATINUM,"F3_swing_take_gap=5687.6, F4_our_sp_unlucky=2.29",0.5142295257976942,True,0.3571210596328332,92.09981259886405
776842,2025-08-07,home,ATL,2.165,0.5808874368667603,0.43709113773433567,14.379629913242459,0.257621300816536,PLATINUM,"F3_swing_take_gap=1635.2, F4_our_sp_unlucky=3.24",1.3814971889829606,True,1.609444225165149,93.7092568240292
776834,2025-08-08,home,ATL,2.045,0.5419607758522034,0.4620117096662713,7.994906618593206,0.10830978661775581,PLATINUM,"F3_swing_take_gap=1748.3, F4_our_sp_unlucky=1.57",0.7284423165587857,False,-0.7284423165587857,92.98081450747041
776813,2025-08-09,home,DET,1.7407407407407407,0.6516166925430298,0.5650277090246323,8.658898351839749,0.13429572405638518,PLATINUM,"F3_swing_take_gap=1122.2, F4_our_sp_unlucky=2.89",1.2643012380228598,False,-1.2643012380228598,91.71651326944755
776818,2025-08-09,home,STL,2.23,0.5309018492698669,0.41666427138785855,11.423757788200838,0.1839111238718033,PLATINUM,"F1_xera_gap=1.21, F4_our_sp_unlucky=3.03",1.0285175020114181,False,-1.0285175020114181,90.68799576743612
776819,2025-08-09,home,ATL,1.925925925925926,0.5360755324363708,0.49734500447578184,3.873052796058901,0.03244176617375133,PLATINUM,"F3_swing_take_gap=1489.7, F4_our_sp_unlucky=1.37",0.2383083790297183,True,0.22065590650899844,90.90865167394512
776789,2025-08-10,home,SD,1.7194244604316546,0.6062034964561462,0.5741852039116555,3.2018292544490734,0.042321119805891705,PLATINUM,"F1_xera_gap=1.82, F4_our_sp_unlucky=4.15",0.40108685662877264,True,0.2885516954163832,91.1972033693615
776792,2025-08-11,away,PHI,2.0549999999999997,0.5003517866134644,0.4599960729792063,4.035571363425805,0.028222921490669073,PLATINUM,"F2_xwoba_gap=0.030, F4_our_sp_unlucky=2.23",0.18297522589066859,True,0.1930388633146553,91.39024223267616
776771,2025-08-12,home,MIL,1.7490741779822692,0.6486179828643799,0.5608039724413778,8.781401042300207,0.13448096520303277,PLATINUM,"F3_swing_take_gap=1304.8, F4_our_sp_unlucky=2.32",1.230543817972875,True,0.9217685989191944,92.31201083159536
776769,2025-08-12,home,HOU,2.4,0.5524203181266785,0.38029864282735265,17.212167529932582,0.3258087635040283,PLATINUM,"F1_xera_gap=1.44, F4_our_sp_unlucky=5.32",1.3846801624739302,False,-1.3846801624739302,90.92733066912143
776767,2025-08-12,home,SF,1.7692307692307692,0.5840878486633301,0.5516985872940784,3.2389261369251687,0.033386193788968566,PLATINUM,"F1_xera_gap=5.36, F4_our_sp_unlucky=2.53, F4_opp_sp_lucky=-1.33",0.295982454537209,False,-0.295982454537209,90.63134821458422
776745,2025-08-14,away,MIA,2.05,0.5085871517658234,0.4634279317737431,4.515921999208028,0.04260366111993785,PLATINUM,"F2_xwoba_gap=0.026, F4_our_sp_unlucky=2.14",0.27580194615551656,False,-0.27580194615551656,90.35554626842871
776735,2025-08-15,home,TOR,1.9615384615384617,0.5928810834884644,0.49049416390202955,10.23869195864348,0.16295904838121866,DIAMOND,"F2_xwoba_gap=0.024, F3_swing_take_gap=11582.2, F4_our_sp_unlucky=2.12",3.8283059973257614,True,3.681063458967079,94.03660972739578
776722,2025-08-16,home,HOU,1.696872571872572,0.6305193901062012,0.5780142171327662,5.250517297343493,0.06991105910503503,PLATINUM,"F3_swing_take_gap=465.9, F4_our_sp_unlucky=3.20",0.7075395753154156,True,0.4930649235516809,94.52967465094747
776707,2025-08-17,home,NYM,2.0149999999999997,0.5554373264312744,0.4714461588710395,8.399116756023489,0.11920621275901777,PLATINUM,"F3_swing_take_gap=5867.0, F4_our_sp_unlucky=1.64",0.8326495942227765,True,0.8451393381361179,95.37481398908359
776710,2025-08-17,home,TOR,1.9616273693943596,0.5853086709976196,0.48547081510071155,9.983785589690807,0.14815750857276921,DIAMOND,"F2_xwoba_gap=0.025, F3_swing_take_gap=12122.5, F4_our_sp_unlucky=1.50",3.6735889781593407,False,-3.6735889781593407,91.70122501092425
776706,2025-08-17,away,ATL,2.1,0.5038590729236603,0.4483014127059216,5.5557660217738665,0.058104053139686584,PLATINUM,"F2_xwoba_gap=0.029, F4_our_sp_unlucky=1.59",0.36328723984152944,True,0.39961596382568243,92.10084097474993
776695,2025-08-18,home,BOS,1.8098360655737706,0.6066856980323792,0.5376411399519055,6.904455808047361,0.09800165676679778,PLATINUM,"F3_swing_take_gap=2645.2, F4_our_sp_unlucky=2.12",0.8359131609012037,False,-0.8359131609012037,91.26492781384873
776690,2025-08-18,home,KC,1.7905261842269715,0.5949240922927856,0.5452482188033052,4.967587348948044,0.06522716487769614,DIAMOND,"F1_xera_gap=1.37, F3_swing_take_gap=2465.2, F4_our_sp_unlucky=1.42",1.8825918144274172,True,1.488238123516237,92.75316593736497
776689,2025-08-18,home,PHI,1.8849557522123894,0.6283604502677917,0.512046568867967,11.63138813998248,0.18443164519504107,PLATINUM,"F3_swing_take_gap=2926.0, F4_our_sp_unlucky=3.00",1.3912974890604746,True,1.2312367159827209,93.98440265334769
776684,2025-08-19,home,BOS,1.6993006993006992,0.6149614453315735,0.5810153938866238,3.3946051444949665,0.045004414094911516,PLATINUM,"F3_swing_take_gap=2273.2, F4_our_sp_unlucky=2.02",0.4536367166196037,False,-0.4536367166196037,93.53076593672809
776676,2025-08-19,home,CHC,1.8771929824561404,0.5446325540542603,0.5132897957945519,3.1342758259708337,0.022380408487821912,DIAMOND,"F2_xwoba_gap=0.025, F3_swing_take_gap=12004.4, F4_our_sp_unlucky=2.63",0.5965781731352077,True,0.5233141869607085,94.05408012368879
776667,2025-08-19,home,SD,1.7142857142857144,0.63023442029953,0.5750547325859694,5.517968771356063,0.080401863370623,DIAMOND,"F1_xera_gap=1.61, F3_swing_take_gap=6696.1, F4_our_sp_unlucky=1.71",2.6467431548440588,True,1.8905308248886137,95.9446109485774
776670,2025-08-20,home,MIA,1.8166666666666669,0.5674499273300171,0.5335371637789482,3.391276355106887,0.03086736798286449,PLATINUM,"F3_swing_take_gap=2326.2, F4_our_sp_unlucky=3.39",0.27197978070512824,True,0.2221168209091881,96.1667277694866
776673,2025-08-20,home,DET,2.1050000000000004,0.5451855063438416,0.44757875629489374,9.76067500489478,0.14761549085378667,PLATINUM,"F3_swing_take_gap=4268.3, F4_our_sp_unlucky=2.98",0.9635089631331607,True,1.064677404262143,97.23140517374874
776666,2025-08-20,home,KC,1.7692307692307692,0.5881883502006531,0.5516985872940784,3.6489762906574685,0.0406409272780785,DIAMOND,"F1_xera_gap=2.38, F3_swing_take_gap=2535.2, F4_our_sp_unlucky=1.48",1.2842617017138052,False,-1.2842617017138052,95.94714347203494
776655,2025-08-21,away,HOU,1.9901960784313726,0.5232048630714417,0.4786929841080768,4.451187896336483,0.041280266701006485,PLATINUM,"F3_swing_take_gap=1977.8, F4_our_sp_unlucky=2.95",0.29999540681880016,True,0.29705427537940016,96.24419774741433
776651,2025-08-21,home,CHC,1.9712399811409713,0.5251802802085876,0.48771715826923295,3.746312193935469,0.03525636565398638,DIAMOND,"F1_xera_gap=0.98, F2_xwoba_gap=0.024, F3_swing_take_gap=11727.0, F4_our_sp_unlucky=2.74",0.873424872777375,False,-0.873424872777375,95.37077287463696
776623,2025-08-23,away,CLE,2.23,0.5003764033317566,0.41427361549082375,8.610278784093284,0.11583937942981715,PLATINUM,"F3_swing_take_gap=9715.3, F4_our_sp_unlucky=1.92",0.6736397039963404,False,-0.6736397039963404,94.69713317064061
776627,2025-08-23,home,NYY,2.1,0.5562636256217957,0.44830141270592166,10.796221291587399,0.16815361380577087,PLATINUM,"F3_swing_take_gap=8864.3, F4_our_sp_unlucky=2.77",1.085704442706106,False,-1.085704442706106,93.61142872793451
776625,2025-08-23,home,DET,1.803225806451613,0.5734332799911499,0.5387306263714766,3.4702653619673285,0.03402968875823481,PLATINUM,"F3_swing_take_gap=2444.0, F4_our_sp_unlucky=2.18",0.29744759427284356,True,0.23891758378689693,93.85034631172141
776614,2025-08-24,home,MIA,2.1,0.5832967162132263,0.44830141270592166,13.499530350730465,0.22492310404777527,PLATINUM,"F1_xera_gap=1.31, F4_our_sp_unlucky=3.47",1.407755194675821,True,1.5485307141434033,95.3988770258648
776608,2025-08-24,home,MIL,7.5,0.543551504611969,0.07055280382780382,47.29987007841652,3.0766362845897675,PLATINUM,"F3_swing_take_gap=4016.3, F4_our_sp_unlucky=1.97",1.430983155387972,False,-1.430983155387972,93.96789387047683
776598,2025-08-25,home,NYM,2.0700000000000003,0.5536060929298401,0.452671915434772,10.093417749506811,0.1459646123647691,PLATINUM,"F3_swing_take_gap=3901.9, F4_our_sp_unlucky=1.57",0.9614009722106012,True,1.0286990402653435,94.99659291074217
776600,2025-08-25,home,MIA,2.04,0.5790771842002869,0.4676959832124328,11.138120098785409,0.18131745576858527,PLATINUM,"F1_xera_gap=1.15, F4_our_sp_unlucky=2.32",1.242154365379312,True,1.2918405399944843,96.28843345073665
776585,2025-08-26,home,NYM,1.925925925925926,0.5813896059989929,0.4980044704485463,8.338513555044663,0.11971331525731976,PLATINUM,"F3_swing_take_gap=4109.2, F4_our_sp_unlucky=3.26",0.9336876147350406,True,0.8645255691991117,97.15295901993576
776561,2025-08-27,home,SEA,1.8333333333333335,0.5799046754837036,0.5323040167875672,4.760065869613639,0.0631585717201234,DIAMOND,"F1_xera_gap=1.10, F3_swing_take_gap=2982.8, F4_our_sp_unlucky=3.41",1.8408126390248467,True,1.5340105325207058,98.68696955245647
776563,2025-08-27,home,TEX,1.9090909090909092,0.6031774878501892,0.5054420252517378,9.773546259845144,0.1515206586230885,PLATINUM,"F1_xera_gap=2.32, F4_our_sp_unlucky=3.03",1.2336319564886529,True,1.1214835968078662,99.80845314926434
776525,2025-08-30,home,WSH,2.31,0.5288498401641846,0.4021241165580759,12.672572360610868,0.22164313077926634,PLATINUM,"F3_swing_take_gap=4776.0, F4_our_sp_unlucky=1.89",1.266518589746489,False,-1.266518589746489,98.54193455951786
776535,2025-08-30,home,NYM,2.42,0.5911419987678528,0.36693799468992944,22.420400407792336,0.43056363701820366,DIAMOND,"F2_xwoba_gap=0.023, F3_swing_take_gap=12236.0, F4_our_sp_unlucky=1.39",4.9270967279758935,False,-4.9270967279758935,93.61483783154196
776539,2025-08-30,home,BOS,4.0,0.60219806432724,0.18498916292306342,41.72089014041765,1.40879225730896,PLATINUM,"F3_swing_take_gap=7625.7, F4_our_sp_unlucky=1.78",0.806384682277618,False,-0.806384682277618,92.80845314926434
776520,2025-08-31,home,WSH,2.15,0.5524221062660217,0.43638042058810117,11.604168567792057,0.18770752847194672,PLATINUM,"F3_swing_take_gap=4914.9, F4_our_sp_unlucky=1.63",1.1361420888230132,False,-1.1361420888230132,91.67231106044133
776507,2025-08-31,home,SF,1.754727728411939,0.6165140271186829,0.5626821695093551,5.383185760932774,0.0818142583400629,PLATINUM,"F1_xera_gap=1.33, F4_our_sp_unlucky=2.92",0.7453120367835397,True,0.5625076604797165,92.23481872092104
776506,2025-09-01,home,CHC,4.423728813559322,0.5345727205276489,0.20487616918861962,32.96965513390293,1.3648047467409552,PLATINUM,"F3_swing_take_gap=8026.6, F4_our_sp_unlucky=1.84",1.3835222808138155,True,4.736805097023571,96.97162381794462
776491,2025-09-02,home,CIN,2.04,0.5206958651542664,0.4676959832124328,5.299988194183358,0.062219564914703374,PLATINUM,"F1_xera_gap=1.16, F4_our_sp_unlucky=2.33",0.43511049829505777,False,-0.43511049829505777,96.53651331964956
776477,2025-09-03,home,WSH,2.15,0.512686014175415,0.43638042058810117,7.630559358731387,0.10227493047714231,PLATINUM,"F3_swing_take_gap=871.4, F4_our_sp_unlucky=2.26",0.643908599235188,True,0.7404948891204661,97.27700820877003
776478,2025-09-03,home,DET,1.970873786407767,0.5327236652374268,0.4840440824451419,4.867958279228485,0.04993110721551097,PLATINUM,"F1_xera_gap=0.92, F4_our_sp_unlucky=3.41",0.37521473912028935,True,0.36428615448571783,97.64129436325574
776461,2025-09-04,home,PIT,1.975632971635256,0.5320166945457458,0.4821039170202948,4.991277752545104,0.05106972320497816,PLATINUM,"F1_xera_gap=2.42, F4_our_sp_unlucky=3.13",0.38332913258477064,True,0.37398854073804483,98.01528290399378
776464,2025-09-04,home,HOU,2.12,0.6065775156021118,0.4454205637789453,16.115695182316653,0.28594433307647715,PLATINUM,"F1_xera_gap=1.37, F4_our_sp_unlucky=5.63",1.4702292435599067,False,-1.4702292435599067,96.54505366043387
776451,2025-09-05,away,CLE,2.2800000000000002,0.5065571069717407,0.40997312097275784,9.658398599898288,0.15495020389556902,PLATINUM,"F3_swing_take_gap=9841.4, F4_our_sp_unlucky=1.18",0.8765435009644262,True,1.121975681234466,97.66702934166833
776460,2025-09-05,home,ATL,1.760467268100856,0.6163392663002014,0.5546067754979173,6.173249080228416,0.08504510436680157,PLATINUM,"F3_swing_take_gap=608.9, F4_our_sp_unlucky=3.06",0.8191775358360396,True,0.622957702766824,98.28998704443515
776434,2025-09-06,home,KC,1.9615384615384617,0.5250914096832275,0.48548456199133744,3.96068476918901,0.02998699591710019,PLATINUM,"F3_swing_take_gap=2007.4, F4_our_sp_unlucky=1.68",0.22989887233507791,True,0.22105660801449803,98.51104365244964
776437,2025-09-06,home,STL,1.925925925925926,0.550780713558197,0.5,5.078071355819702,0.06076285574171281,PLATINUM,"F3_swing_take_gap=2416.0, F4_our_sp_unlucky=3.82",0.48485079908796896,True,0.4489359250814528,98.9599795775311
776393,2025-09-09,home,TOR,1.6666666666666665,0.6308842301368713,0.5939458076347511,3.6938422502120205,0.05147371689478547,PLATINUM,"F3_swing_take_gap=11194.9, F4_our_sp_unlucky=3.42",0.5730567719273537,True,0.38203784795156903,99.34201742548267
776391,2025-09-09,away,STL,2.9,0.5070744454860687,0.29676175989649756,21.031268558957116,0.4705158919095993,PLATINUM,"F3_swing_take_gap=6576.7, F4_our_sp_unlucky=1.59",1.49013026138224,False,-1.49013026138224,97.85188716410043
776397,2025-09-09,home,MIA,1.8,0.6028051972389221,0.5392633821665005,6.354181507242163,0.08504935503005984,PLATINUM,"F1_xera_gap=1.60, F4_our_sp_unlucky=3.76",0.7802099898544624,False,-0.7802099898544624,97.07167717424598
776390,2025-09-09,away,MIN,2.0700000000000003,0.5674820244312286,0.45831664154945473,10.91653828817739,0.1746877905726434,PLATINUM,"F3_swing_take_gap=458.3, F4_our_sp_unlucky=2.43",1.1885913653796676,False,-1.1885913653796676,95.88308580886631
776376,2025-09-10,away,MIN,1.8695652173913042,0.5756642818450928,0.513096609968247,6.256767187684575,0.07624191823212989,DIAMOND,"F1_xera_gap=3.88, F3_swing_take_gap=962.9, F4_our_sp_unlucky=3.35",2.1017142365741157,False,-2.1017142365741157,93.7813715722922
776375,2025-09-10,away,MIL,1.900900900900901,0.552747368812561,0.5095058360979705,4.3241532714590525,0.05071797134639988,PLATINUM,"F1_xera_gap=1.38, F4_our_sp_unlucky=2.38",0.3959703762761138,False,-0.3959703762761138,93.38540119601609
776369,2025-09-11,home,TOR,1.6451612903225805,0.634790301322937,0.6009117806494515,3.3878520673485513,0.04433243120870273,PLATINUM,"F3_swing_take_gap=10243.0, F4_our_sp_unlucky=2.55",0.4812752179012656,True,0.31050014058146164,93.69590133659756
776367,2025-09-11,home,MIA,1.7692307692307692,0.5915204882621765,0.5574343958024837,3.408609245969285,0.04653624846385074,PLATINUM,"F1_xera_gap=1.65, F4_our_sp_unlucky=4.20",0.42512493510282395,True,0.3270191808483261,94.02292051744588
776354,2025-09-12,away,KC,2.1950000000000003,0.5343606770038605,0.425204663222568,10.915601378129248,0.1729216860234739,DIAMOND,"F1_xera_gap=1.48, F3_swing_take_gap=7680.0, F4_our_sp_unlucky=2.35",3.4013811591480785,False,-3.4013811591480785,90.62153935829781
776349,2025-09-13,away,TEX,2.43,0.5073647499084473,0.3674071426039529,13.995760730449437,0.23289634227752698,PLATINUM,"F3_swing_take_gap=16006.2, F4_our_sp_unlucky=1.50",1.1069278871384531,True,1.582906878607988,92.2044462369058
776346,2025-09-13,home,ATL,2.15,0.5159838199615479,0.43825077280374214,7.773304715780571,0.10936521291732781,PLATINUM,"F3_swing_take_gap=3208.4, F4_our_sp_unlucky=2.58",0.6576494931276201,False,-0.6576494931276201,91.54679674377817
776304,2025-09-16,away,SD,2.0,0.5096891224384308,0.47485820944411816,3.4830912994312624,0.019378244876861572,DIAMOND,"F1_xera_gap=1.22, F3_swing_take_gap=13238.4, F4_our_sp_unlucky=2.12",0.4435040612483018,False,-0.4435040612483018,91.10329268252987
776301,2025-09-16,home,HOU,1.7692307692307692,0.6090935468673706,0.5516985872940784,5.739495957329222,0.07762704445765567,DIAMOND,"F1_xera_gap=1.22, F3_swing_take_gap=998.0, F4_our_sp_unlucky=3.97",2.298425789174308,True,1.7680198378263907,92.87131252035626
776300,2025-09-16,home,STL,2.005,0.5126506090164185,0.47643087047634336,3.6219738540075097,0.027864471077919006,PLATINUM,"F3_swing_take_gap=5142.6, F4_our_sp_unlucky=2.20",0.19312014937998837,True,0.19408575012688828,93.06539827048314
776280,2025-09-17,home,LAD,1.7520497596833473,0.5994030833244324,0.5603048343153116,3.9098249009120734,0.050184028092029154,PLATINUM,"F3_swing_take_gap=2504.0, F4_our_sp_unlucky=2.97",0.4657667096890262,True,0.35027974209013557,93.41567801257328
776283,2025-09-17,home,STL,1.9616273693943596,0.5389856696128845,0.48608413648371074,5.290153312917378,0.05728904122398004,PLATINUM,"F3_swing_take_gap=5121.8, F4_our_sp_unlucky=3.80",0.4173935870813631,False,-0.4173935870813631,92.99828442549192
776284,2025-09-17,home,MIN,2.3550000000000004,0.539216935634613,0.3905649671694432,14.865196846516982,0.26985588341951394,PLATINUM,"F1_xera_gap=1.61, F4_our_sp_unlucky=3.28",1.3890849188269558,False,-1.3890849188269558,91.60919950666496
776296,2025-09-17,away,CLE,2.2199999999999998,0.5001157224178314,0.41721937777569595,8.289634464213547,0.11025690376758568,PLATINUM,"F3_swing_take_gap=18124.9, F4_our_sp_unlucky=1.06",0.6209352475962244,True,0.7575410020673936,92.36674050873236
776292,2025-09-17,home,HOU,1.9433962264150944,0.6008493304252625,0.49592800378128754,10.492132664397491,0.16768832139249124,PLATINUM,"F3_swing_take_gap=1229.7, F4_our_sp_unlucky=4.73",1.2313614816382097,True,1.1616617751303866,93.52840228386275
776273,2025-09-19,home,BAL,2.0,0.5181542634963989,0.47371639640754093,4.443786708885799,0.03630852699279785,PLATINUM,"F1_xera_gap=2.38, F4_our_sp_unlucky=1.54",0.2546908889187665,True,0.2546908889187665,93.78309317278152
776268,2025-09-19,home,DET,1.847457627118644,0.554545521736145,0.5239840891851306,3.05614325510144,0.02449935371592893,PLATINUM,"F3_swing_take_gap=549.3, F4_our_sp_unlucky=3.26",0.20333982774092962,False,-0.20333982774092962,93.57975334504059
776252,2025-09-20,home,NYM,2.5540816326530615,0.5719261765480042,0.4483519984192318,12.357417812877236,0.46074614275474957,DIAMOND,"F1_xera_gap=1.93, F2_xwoba_gap=0.023, F3_swing_take_gap=13962.0, F4_our_sp_unlucky=1.22",4.67898766725203,False,-4.67898766725203,88.90076567778856
776243,2025-09-20,home,MIN,1.9175084175084176,0.5423581004142761,0.5020043057346595,4.035379467961664,0.03997622284825009,DIAMOND,"F2_xwoba_gap=0.022, F3_swing_take_gap=12942.9, F4_our_sp_unlucky=3.03",0.9683608216277572,False,-0.9683608216277572,87.9324048561608
777839,2025-09-20,home,MIN,1.9175084175084176,0.5460011959075928,0.5020043057346595,4.399689017293329,0.04696188912247168,DIAMOND,"F1_xera_gap=2.56, F2_xwoba_gap=0.022, F3_swing_take_gap=12942.9, F4_our_sp_unlucky=2.59",1.1251863656851486,False,-1.1251863656851486,86.80721849047565
776225,2025-09-21,home,MIN,2.0700000000000003,0.5897176861763,0.4577843981702823,13.193328800601773,0.22071561038494125,DIAMOND,"F2_xwoba_gap=0.021, F3_swing_take_gap=12250.1, F4_our_sp_unlucky=3.08",4.340360924523782,True,4.644186189240449,91.45140467971609
776240,2025-09-21,home,BAL,2.12,0.5524617433547974,0.4454205637789453,10.704117957585208,0.17121889591217043,PLATINUM,"F1_xera_gap=2.59, F4_our_sp_unlucky=3.03",1.0485407503713002,False,-1.0485407503713002,90.40286392934479
776223,2025-09-23,home,BAL,1.9389878328337153,0.5379207730293274,0.4946497450828777,4.327102794644971,0.043021833932372355,PLATINUM,"F3_swing_take_gap=2041.1, F4_our_sp_unlucky=3.14",0.3106507504395863,True,0.29169727492343445,90.69456120426823
776206,2025-09-24,home,TOR,2.08,0.6306006908416748,0.45321213492468665,17.738855591698815,0.3116494369506836,PLATINUM,"F3_swing_take_gap=6823.7, F4_our_sp_unlucky=2.73",1.3604184180640233,False,-1.3604184180640233,89.3341427862042
776198,2025-09-24,home,SD,1.9615384615384617,0.5649797320365906,0.4892146212552501,7.576511078134046,0.10822947437946617,PLATINUM,"F3_swing_take_gap=2545.6, F4_our_sp_unlucky=4.08",0.7541498107955025,False,-0.7541498107955025,88.5799929754087
776188,2025-09-25,away,MIA,2.38,0.514202356338501,0.3860503604809601,12.815199585754089,0.22380160808563232,DIAMOND,"F1_xera_gap=1.22, F3_swing_take_gap=8251.4, F4_our_sp_unlucky=1.94",3.5913668246576966,False,-3.5913668246576966,84.988626150751
776161,2025-09-27,home,MIA,10.0,0.5911040902137756,0.04314468372700908,54.795940648676655,4.911040902137756,PLATINUM,"F1_xera_gap=1.93, F4_our_sp_unlucky=3.75",1.274829392261265,False,-1.274829392261265,83.71379675848974
776157,2025-09-27,home,BOS,2.875,0.5384359955787659,0.29321299113692856,24.52230044418373,0.5480034872889519,PLATINUM,"F1_xera_gap=4.22, F4_our_sp_unlucky=3.54",1.255706951377346,False,-1.255706951377346,82.45808980711239
813063,2025-10-04,home,TOR,1.8,0.6632559299468994,0.545141446004551,11.811448394234848,0.19386067390441897,PLATINUM,"F1_xera_gap=1.86, F4_our_sp_unlucky=2.60",1.2368713471066857,True,0.9894970776853486,83.44758688479773
