game_id,game_date,home_team,away_team,total_line,pred_runs,actual_runs,edge_runs,side,decimal,our_prob,book_fair,stake,outcome,pnl,bankroll
745832,2024-04-29,NYM,CHC,7.5,5.46,4.0,2.04,under,1.81,0.574,0.5332,0.958,win,0.776,100.776
745999,2024-04-29,MIL,TB,8.0,10.38,1.0,2.38,over,1.893,0.5529,0.5052,1.052,loss,-1.052,99.724
744945,2024-04-29,TOR,KC,8.5,14.34,11.0,5.84,over,1.909,0.6007,0.5007,2.99,win,2.718,102.442
745260,2024-04-30,SEA,ATL,7.0,13.68,5.0,6.68,over,1.87,0.6131,0.5131,3.445,loss,-3.445,98.996
746481,2024-04-30,DET,STL,8.5,11.66,17.0,3.16,over,1.84,0.5869,0.5237,1.555,win,1.307,100.303
745829,2024-05-01,NYM,CHC,7.5,9.68,1.0,2.18,over,1.962,0.5278,0.4843,0.738,loss,-0.738,99.565
745996,2024-05-01,MIL,TB,8.5,12.76,8.0,4.26,over,2.0,0.56,0.4749,2.391,loss,-2.391,97.174
745423,2024-05-01,SD,CIN,7.5,3.35,8.0,4.15,under,1.909,0.5829,0.5,1.871,loss,-1.871,95.303
745830,2024-05-02,NYM,CHC,8.5,6.96,13.0,1.54,under,1.833,0.5571,0.5263,0.487,loss,-0.487,94.816
746070,2024-05-02,MIA,COL,8.0,10.09,9.0,2.09,over,1.84,0.5633,0.5215,0.83,win,0.697,95.513
746403,2024-05-02,HOU,CLE,8.5,11.23,10.0,2.73,over,1.893,0.5597,0.5052,1.273,win,1.137,96.65
746645,2024-05-03,CLE,LAA,7.5,9.25,6.0,1.75,over,2.02,0.5035,0.4685,0.322,loss,-0.322,96.328
745510,2024-05-03,PIT,COL,8.0,11.44,5.0,3.44,over,1.87,0.5819,0.5131,1.948,loss,-1.948,94.38
745101,2024-05-03,TB,NYM,8.0,11.38,18.0,3.38,over,1.909,0.569,0.5013,1.792,win,1.629,96.009
746394,2024-05-04,HOU,SEA,8.0,11.07,5.0,3.07,over,1.87,0.5744,0.5131,1.632,loss,-1.632,94.377
745750,2024-05-04,NYY,DET,8.0,12.16,8.0,4.16,over,1.877,0.5951,0.5119,2.522,push,0.0,94.377
746155,2024-05-04,LAD,ATL,9.5,4.29,13.0,5.21,under,1.847,0.621,0.521,0.846,loss,-0.846,93.531
746719,2024-05-05,CIN,BAL,8.5,10.69,12.0,2.19,over,1.909,0.5317,0.4878,0.309,win,0.281,93.812
746883,2024-05-05,CHC,MIL,6.5,8.91,5.0,2.41,over,1.87,0.5612,0.5131,1.063,loss,-1.063,92.749
745504,2024-05-05,PIT,COL,8.0,9.47,8.0,1.47,over,1.909,0.5294,0.5,0.22,push,0.0,92.749
745751,2024-05-05,NYY,DET,7.25,8.51,7.0,1.26,over,1.98,0.5065,0.4813,0.051,loss,-0.051,92.698
744861,2024-05-05,WSH,TOR,19.5,9.18,19.0,10.32,under,1.4,0.8091,0.7091,3.357,win,1.343,94.04
745912,2024-05-06,MIN,SEA,8.0,11.8,4.0,3.8,over,1.952,0.5629,0.4869,1.955,loss,-1.955,92.085
745509,2024-05-06,PIT,LAA,8.0,6.5,5.0,1.5,under,1.84,0.5551,0.5251,0.473,win,0.398,92.483
747126,2024-05-07,ATL,BOS,8.5,10.94,6.0,2.44,over,1.87,0.5619,0.5131,1.073,loss,-1.073,91.41
745586,2024-05-07,PHI,TOR,8.0,12.18,11.0,4.18,over,1.889,0.5915,0.5079,2.413,win,2.145,93.555
744859,2024-05-07,WSH,BAL,8.5,6.88,3.0,1.62,under,1.952,0.5194,0.4869,0.276,win,0.263,93.818
746885,2024-05-07,CHC,SD,9.0,5.59,5.0,3.41,under,1.971,0.5498,0.4816,1.238,win,1.202,95.019
745584,2024-05-08,PHI,TOR,8.0,13.87,8.0,5.87,over,1.87,0.6131,0.5131,3.196,push,0.0,95.019
745906,2024-05-08,MIN,SEA,7.5,8.61,9.0,1.11,over,1.847,0.5417,0.5195,0.017,win,0.014,95.034
745507,2024-05-08,PIT,LAA,8.0,12.23,9.0,4.23,over,2.0,0.5595,0.4749,1.787,win,1.787,96.821
746563,2024-05-09,COL,SF,9.5,12.09,10.0,2.59,over,1.87,0.5648,0.5131,1.247,win,1.084,97.905
745995,2024-05-09,MIL,STL,7.5,9.6,8.0,2.1,over,1.909,0.5419,0.5,0.745,win,0.677,98.582
745910,2024-05-09,MIN,SEA,7.0,8.48,12.0,1.48,over,1.881,0.5368,0.5072,0.218,win,0.192,98.774
745094,2024-05-10,TB,NYY,8.0,4.12,2.0,3.88,under,1.957,0.5632,0.4856,2.111,win,2.02,100.794
746479,2024-05-10,DET,HOU,8.0,9.12,7.0,1.12,over,1.877,0.5329,0.5105,0.008,loss,-0.008,100.786
745506,2024-05-10,PIT,CHC,7.0,12.18,9.0,5.18,over,1.87,0.6131,0.5131,2.882,win,2.506,103.292
746963,2024-05-11,BOS,WSH,6.5,10.92,6.0,4.42,over,2.0,0.5515,0.4631,2.13,loss,-2.13,101.162
746554,2024-05-11,COL,TEX,9.5,12.34,11.0,2.84,over,1.87,0.5699,0.5131,1.521,win,1.323,102.485
745505,2024-05-11,PIT,CHC,7.5,5.24,19.0,2.26,under,1.833,0.5715,0.5263,1.175,loss,-1.175,101.31
745096,2024-05-11,TB,NYY,8.0,5.42,9.0,2.58,under,1.952,0.5385,0.4869,0.174,loss,-0.174,101.136
746068,2024-05-12,MIA,PHI,7.5,4.11,13.0,3.39,under,1.8,0.607,0.5393,2.343,loss,-2.343,98.792
746234,2024-05-12,LAA,KC,8.0,6.4,6.0,1.6,under,1.909,0.5307,0.4987,0.287,win,0.261,99.053
745419,2024-05-12,SD,LAD,8.5,7.05,4.0,1.45,under,1.935,0.5186,0.4897,0.069,win,0.065,99.118
746476,2024-05-12,DET,HOU,8.0,12.81,12.0,4.81,over,1.952,0.5831,0.4869,2.301,win,2.191,101.309
745991,2024-05-13,MIL,PIT,8.5,12.03,14.0,3.53,over,2.0,0.5443,0.4737,1.795,win,1.795,103.104
747040,2024-05-13,BAL,TOR,7.5,9.49,5.0,1.99,over,1.84,0.5611,0.5214,0.803,loss,-0.803,102.301
747128,2024-05-13,ATL,CHC,8.0,10.96,2.0,2.96,over,1.952,0.5462,0.4869,1.425,loss,-1.425,100.875
745826,2024-05-13,NYM,PHI,7.0,9.64,9.0,2.64,over,1.87,0.5659,0.5131,0.977,win,0.849,101.725
745821,2024-05-14,NYM,PHI,7.5,9.64,4.0,2.14,over,1.909,0.5428,0.5,0.81,loss,-0.81,100.915
746962,2024-05-14,BOS,TB,9.0,7.13,9.0,1.87,under,1.952,0.5244,0.4869,0.505,push,0.0,100.915
745014,2024-05-14,TEX,CLE,9.0,7.79,11.0,1.21,under,1.909,0.5256,0.5013,0.075,loss,-0.075,100.841
746473,2024-05-14,DET,MIA,8.0,9.63,1.0,1.63,over,1.87,0.5456,0.5131,0.466,loss,-0.466,100.375
745341,2024-05-15,SF,LAD,8.5,3.81,5.0,4.69,under,1.87,0.6069,0.5131,3.109,win,2.704,103.078
745582,2024-05-15,PHI,NYM,7.5,8.95,15.0,1.45,over,1.952,0.5159,0.4869,0.155,win,0.148,103.226
746231,2024-05-15,LAA,STL,7.5,9.28,9.0,1.78,over,2.0,0.5082,0.4726,0.339,win,0.339,103.565
745908,2024-05-15,MIN,NYY,8.0,9.86,4.0,1.86,over,1.909,0.5372,0.5,0.581,loss,-0.581,102.985
747123,2024-05-15,ATL,CHC,8.5,10.75,8.0,2.25,over,1.87,0.5588,0.5138,0.816,loss,-0.816,102.169
746881,2024-05-16,CHC,PIT,8.0,9.8,9.0,1.8,over,1.87,0.5492,0.5131,0.627,win,0.545,102.714
746959,2024-05-16,BOS,TB,8.0,6.76,12.0,1.24,under,1.837,0.549,0.5242,0.205,loss,-0.205,102.509
746148,2024-05-17,LAD,CIN,7.5,10.28,10.0,2.78,over,1.976,0.536,0.4803,1.238,win,1.207,103.716
746641,2024-05-17,CLE,MIN,8.0,9.28,5.0,1.28,over,1.87,0.5387,0.5131,0.172,loss,-0.172,103.544
746065,2024-05-17,MIA,NYM,7.5,9.98,8.0,2.48,over,1.952,0.5365,0.4869,1.033,win,0.984,104.528
747122,2024-05-17,ATL,SD,8.0,10.59,4.0,2.59,over,1.893,0.5584,0.5066,1.332,loss,-1.332,103.195
744934,2024-05-17,TOR,TB,8.5,5.69,7.0,2.81,under,1.87,0.5693,0.5131,1.225,win,1.065,104.26
745581,2024-05-18,PHI,WSH,7.0,9.35,7.0,2.35,over,1.833,0.5733,0.5263,1.278,push,0.0,104.26
745177,2024-05-18,STL,BOS,8.0,6.13,9.0,1.87,under,1.909,0.5373,0.5,0.592,loss,-0.592,103.668
746067,2024-05-18,MIA,NYM,11.5,8.06,19.0,3.44,under,1.714,0.6299,0.561,2.315,loss,-2.315,101.353
746882,2024-05-18,CHC,PIT,8.0,9.68,1.0,1.68,over,1.909,0.5336,0.5,0.419,loss,-0.419,100.935
744938,2024-05-18,TOR,TB,7.5,5.76,9.0,1.74,under,1.952,0.5217,0.4869,0.393,loss,-0.393,100.542
745013,2024-05-18,TEX,LAA,9.0,7.4,5.0,1.6,under,1.909,0.5294,0.4974,0.004,win,0.004,100.546
745179,2024-05-19,STL,BOS,8.5,6.44,14.0,2.06,under,2.0,0.5148,0.4737,0.596,loss,-0.596,99.95
744937,2024-05-19,TOR,TB,8.5,6.35,7.0,2.15,under,1.909,0.543,0.5,0.808,win,0.734,100.684
746392,2024-05-19,HOU,MIL,9.0,6.79,13.0,2.21,under,1.87,0.5574,0.5131,0.974,loss,-0.974,99.71
746880,2024-05-19,CHC,PIT,7.5,9.16,5.0,1.66,over,1.781,0.5742,0.5409,0.581,loss,-0.581,99.129
747120,2024-05-19,ATL,SD,9.0,15.92,10.0,6.92,over,2.0,0.5737,0.4737,2.041,win,2.041,101.17
746637,2024-05-20,CLE,NYM,9.0,6.81,4.0,2.19,under,1.893,0.549,0.5052,0.889,win,0.794,101.964
747121,2024-05-20,ATL,SD,8.5,10.41,3.0,1.91,over,1.943,0.5295,0.4914,0.629,loss,-0.629,101.334
746307,2024-05-20,KC,DET,8.5,6.37,11.0,2.13,under,1.99,0.519,0.4764,0.674,loss,-0.674,100.661
747119,2024-05-20,ATL,SD,8.5,12.65,11.0,4.15,over,1.943,0.5745,0.4914,2.485,win,2.344,103.005
745181,2024-05-20,STL,BAL,8.0,6.22,9.0,1.78,under,1.87,0.5486,0.5131,0.323,loss,-0.323,102.681
746716,2024-05-21,CIN,SD,9.0,11.17,2.0,2.17,over,1.87,0.558,0.5145,1.019,loss,-1.019,101.662
746309,2024-05-21,KC,DET,9.0,6.06,13.0,2.94,under,1.847,0.5798,0.521,1.707,loss,-1.707,99.955
746385,2024-05-21,HOU,LAA,8.0,12.65,11.0,4.65,over,1.952,0.5798,0.4869,2.273,win,2.165,102.12
746304,2024-05-22,KC,DET,7.5,9.52,11.0,2.02,over,1.909,0.5405,0.5,0.715,win,0.65,102.769
745576,2024-05-22,PHI,TEX,10.0,6.57,15.0,3.43,under,1.87,0.5824,0.5138,2.099,loss,-2.099,100.67
746063,2024-05-22,MIA,MIL,7.0,10.14,1.0,3.14,over,1.87,0.5758,0.5131,1.772,loss,-1.772,98.898
744856,2024-05-22,WSH,MIN,8.5,7.32,5.0,1.18,under,1.84,0.5488,0.5251,0.237,win,0.199,99.097
745173,2024-05-22,STL,BAL,8.5,11.08,9.0,2.58,over,1.87,0.5647,0.5131,0.177,win,0.154,99.251
746714,2024-05-23,CIN,SD,9.5,13.54,10.0,4.04,over,1.87,0.5939,0.5131,2.517,win,2.189,101.44
745573,2024-05-23,PHI,TEX,8.0,9.49,7.0,1.49,over,1.833,0.5562,0.5263,0.478,loss,-0.478,100.961
746474,2024-05-23,DET,TOR,7.5,11.43,10.0,3.93,over,1.893,0.5851,0.5066,2.004,win,1.79,102.751
745501,2024-05-24,PIT,ATL,9.0,6.28,16.0,2.72,under,1.952,0.5412,0.4869,1.222,loss,-1.222,101.529
745905,2024-05-24,MIN,TEX,8.5,10.31,5.0,1.81,over,1.847,0.5572,0.521,0.705,loss,-0.705,100.823
746475,2024-05-24,DET,TOR,8.5,10.28,8.0,1.78,over,1.87,0.5472,0.5117,0.536,loss,-0.536,100.287
746713,2024-05-24,CIN,LAD,10.25,12.21,15.0,1.96,over,1.952,0.5262,0.4869,0.575,win,0.548,100.835
745822,2024-05-24,NYM,SF,7.5,12.34,15.0,4.84,over,1.847,0.6177,0.521,1.961,win,1.662,102.497
746556,2024-05-25,COL,PHI,11.0,9.95,12.0,1.05,under,1.858,0.5387,0.5178,0.026,loss,-0.026,102.471
745823,2024-05-25,NYM,SF,7.5,10.78,9.0,3.28,over,1.909,0.5655,0.5,1.795,win,1.632,104.103
745411,2024-05-25,SD,NYY,7.0,8.0,5.0,1.0,over,1.833,0.5464,0.5263,0.042,loss,-0.042,104.061
744851,2024-05-25,WSH,SEA,4.5,7.73,4.0,3.23,over,1.667,0.6408,0.5763,2.124,loss,-2.124,101.938
745493,2024-05-25,PIT,ATL,7.5,4.76,5.0,2.74,under,1.8,0.5758,0.5211,0.93,win,0.744,102.682
746710,2024-05-25,CIN,LAD,9.0,10.12,4.0,1.12,over,1.8,0.5617,0.5393,0.082,loss,-0.082,102.6
745498,2024-05-26,PIT,ATL,8.5,6.74,9.0,1.76,under,1.833,0.5614,0.5263,0.719,loss,-0.719,101.88
745088,2024-05-26,TB,KC,8.5,5.61,5.0,2.89,under,1.833,0.584,0.5263,1.729,win,1.441,103.321
745413,2024-05-26,SD,NYY,7.5,9.04,7.0,1.54,over,2.0,0.5023,0.4715,0.094,loss,-0.094,103.227
746469,2024-05-26,DET,TOR,8.0,5.79,25.0,2.21,under,1.952,0.5312,0.4869,0.803,loss,-0.803,102.424
745824,2024-05-26,NYM,SF,7.5,9.83,7.0,2.33,over,1.952,0.5335,0.4869,0.893,loss,-0.893,101.532
745172,2024-05-26,STL,CHC,8.0,9.72,7.0,1.72,over,1.87,0.5475,0.5131,0.552,loss,-0.552,100.98
746549,2024-05-27,COL,CLE,14.5,10.42,14.0,4.08,under,1.918,0.5658,0.4843,1.868,win,1.714,102.694
745904,2024-05-27,MIN,KC,8.0,12.7,11.0,4.7,over,1.87,0.6072,0.5131,3.132,win,2.723,105.417
745816,2024-05-28,NYM,LAD,8.0,10.37,3.0,2.37,over,1.885,0.558,0.5106,1.236,loss,-1.236,104.181
745903,2024-05-28,MIN,KC,7.5,9.81,6.0,2.31,over,1.952,0.533,0.4869,0.89,loss,-0.89,103.291
747115,2024-05-28,ATL,WSH,8.5,12.45,2.0,3.95,over,1.98,0.5579,0.479,2.21,loss,-2.21,101.081
746551,2024-05-29,COL,CLE,10.5,8.64,11.0,1.86,under,1.909,0.5372,0.5,0.568,loss,-0.568,100.513
745333,2024-05-29,SF,PHI,7.5,9.64,7.0,2.14,over,2.05,0.5035,0.4607,0.617,loss,-0.617,99.896
746468,2024-05-29,DET,PIT,11.0,7.44,12.0,3.56,under,1.916,0.5605,0.4894,1.613,loss,-1.613,98.283
747117,2024-05-29,ATL,WSH,8.5,6.04,9.0,2.46,under,1.87,0.5623,0.5131,1.159,loss,-1.159,97.124
747114,2024-05-30,ATL,WSH,8.5,7.08,4.0,1.42,under,1.933,0.518,0.4896,0.024,win,0.022,97.146
746225,2024-05-30,LAA,NYY,8.5,6.19,11.0,2.31,under,1.847,0.5664,0.5203,1.062,loss,-1.062,96.084
745985,2024-05-30,MIL,CHC,8.5,10.01,10.0,1.51,over,2.0,0.505,0.4749,0.193,win,0.193,96.277
745574,2024-05-31,PHI,STL,8.0,10.67,6.0,2.67,over,1.962,0.5389,0.4855,1.145,loss,-1.145,95.132
747032,2024-05-31,BAL,TB,8.0,6.61,4.0,1.39,under,1.952,0.5147,0.4869,0.096,win,0.092,95.224
744928,2024-05-31,TOR,PIT,8.0,5.56,8.0,2.44,under,1.952,0.5363,0.4875,0.941,push,0.0,95.224
746877,2024-05-31,CHC,CIN,8.0,9.81,9.0,1.81,over,1.877,0.5467,0.5105,0.572,win,0.501,95.725
746635,2024-05-31,CLE,WSH,7.5,9.27,8.0,1.77,over,1.87,0.5486,0.5131,0.564,win,0.491,96.216
746062,2024-06-01,MIA,TEX,7.5,9.76,7.0,2.26,over,2.15,0.4688,0.4237,0.134,loss,-0.134,96.082
746952,2024-06-01,BOS,DET,8.5,10.84,9.0,2.34,over,1.909,0.5369,0.4902,0.53,win,0.482,96.564
746384,2024-06-01,HOU,MIN,8.0,9.89,7.0,1.89,over,1.909,0.5378,0.5,0.568,loss,-0.568,95.996
746870,2024-06-01,CHC,CIN,7.25,9.73,12.0,2.48,over,1.851,0.5692,0.5197,1.214,win,1.034,97.029
747029,2024-06-01,BAL,TB,17.5,4.79,14.0,12.71,under,1.833,0.619,0.519,2.554,win,2.128,99.158
745252,2024-06-02,SEA,LAA,3.0,7.69,6.0,4.69,over,1.752,0.6263,0.5325,2.566,win,1.929,101.087
746383,2024-06-02,HOU,MIN,8.5,6.84,7.0,1.66,under,1.952,0.5201,0.4869,0.328,win,0.312,101.399
744930,2024-06-03,TOR,BAL,7.5,9.22,9.0,1.72,over,1.971,0.5184,0.484,0.453,win,0.44,101.839
745569,2024-06-03,PHI,MIL,8.0,10.46,4.0,2.46,over,1.909,0.5491,0.5,1.083,loss,-1.083,100.756
746630,2024-06-04,CLE,KC,8.0,6.65,13.0,1.35,under,1.971,0.5074,0.4805,0.002,loss,-0.002,100.754
745739,2024-06-04,NYY,MIN,7.5,9.46,6.0,1.96,over,1.862,0.5535,0.5143,0.717,loss,-0.717,100.037
744931,2024-06-04,TOR,BAL,8.0,9.43,11.0,1.43,over,1.962,0.5123,0.4837,0.102,win,0.098,100.135
745568,2024-06-04,PHI,MIL,9.0,10.42,3.0,1.42,over,1.957,0.5147,0.4862,0.15,loss,-0.15,99.985
745497,2024-06-04,PIT,LAD,8.0,9.73,1.0,1.73,over,1.918,0.5327,0.498,0.467,loss,-0.467,99.518
745570,2024-06-05,PHI,MIL,3.5,9.37,2.0,5.87,over,2.35,0.4777,0.3777,1.807,loss,-1.807,97.71
746950,2024-06-05,BOS,ATL,9.0,7.49,9.0,1.51,under,1.995,0.5065,0.4762,0.205,push,0.0,97.71
745007,2024-06-05,TEX,DET,7.5,10.59,10.0,3.09,over,1.84,0.587,0.5251,1.869,win,1.571,99.281
746379,2024-06-05,HOU,STL,8.5,10.52,6.0,2.02,over,1.84,0.5603,0.52,0.737,loss,-0.737,98.544
744845,2024-06-07,WSH,ATL,7.5,8.71,3.0,1.21,over,1.87,0.538,0.5138,0.13,loss,-0.13,98.414
745496,2024-06-07,PIT,MIN,8.0,9.47,3.0,1.47,over,1.918,0.5267,0.4974,0.214,loss,-0.214,98.2
745083,2024-06-07,TB,BAL,8.5,5.8,9.0,2.7,under,1.952,0.5422,0.4881,1.208,loss,-1.208,96.991
745737,2024-06-07,NYY,LAD,8.5,9.8,3.0,1.3,over,1.855,0.5444,0.5184,0.22,loss,-0.22,96.771
745001,2024-06-08,TEX,SF,7.5,8.87,4.0,1.37,over,1.917,0.5249,0.4974,0.135,loss,-0.135,96.636
746223,2024-06-08,LAA,HOU,8.5,6.72,7.0,1.78,under,1.87,0.5488,0.5131,0.577,win,0.501,97.138
746300,2024-06-08,KC,SEA,9.0,10.47,12.0,1.47,over,1.893,0.5346,0.5052,0.259,win,0.231,97.369
746057,2024-06-08,MIA,CLE,8.0,9.97,8.0,1.97,over,1.847,0.5604,0.521,0.813,push,0.0,97.369
745492,2024-06-08,PIT,MIN,2.5,7.98,4.0,5.48,over,1.839,0.616,0.516,3.077,win,2.581,99.95
745082,2024-06-08,TB,BAL,3.5,6.69,5.0,3.19,over,1.976,0.5357,0.4719,0.139,win,0.136,100.085
745491,2024-06-09,PIT,MIN,7.5,9.98,16.0,2.48,over,1.813,0.5867,0.5371,1.567,win,1.274,101.359
746705,2024-06-09,CIN,CHC,9.0,6.9,6.0,2.1,under,1.8,0.5813,0.5393,1.175,win,0.94,102.299
746297,2024-06-09,KC,SEA,8.0,9.59,11.0,1.59,over,1.93,0.5253,0.4935,0.306,win,0.284,102.584
745571,2024-06-09,PHI,NYM,10.5,9.04,11.0,1.46,under,1.952,0.5162,0.4869,0.168,loss,-0.168,102.416
746463,2024-06-09,DET,MIL,7.5,8.78,12.0,1.28,over,1.909,0.5296,0.504,0.249,win,0.226,102.642
745899,2024-06-11,MIN,COL,8.5,10.27,9.0,1.77,over,1.952,0.5224,0.4869,0.429,win,0.409,103.051
747027,2024-06-11,BAL,ATL,7.5,8.78,4.0,1.28,over,1.952,0.5126,0.4869,0.017,loss,-0.017,103.034
746951,2024-06-11,BOS,PHI,8.0,9.36,5.0,1.36,over,1.935,0.52,0.4928,0.133,loss,-0.133,102.901
745170,2024-06-11,STL,PIT,7.5,9.37,3.0,1.87,over,2.0,0.511,0.4737,0.454,loss,-0.454,102.447
746296,2024-06-11,KC,NYY,8.5,6.55,11.0,1.95,under,1.952,0.5258,0.4869,0.573,loss,-0.573,101.874
745077,2024-06-11,TB,CHC,7.5,8.94,7.0,1.44,over,1.971,0.5116,0.4828,0.175,loss,-0.175,101.7
745327,2024-06-11,SF,HOU,8.0,10.7,4.0,2.7,over,1.87,0.5671,0.5131,1.41,loss,-1.41,100.29
746464,2024-06-11,DET,WSH,8.0,11.54,9.0,3.54,over,1.893,0.5761,0.5052,1.81,win,1.616,101.906
745978,2024-06-12,MIL,TOR,8.5,10.57,9.0,2.07,over,1.952,0.5282,0.4869,0.671,win,0.639,102.545
747028,2024-06-12,BAL,ATL,9.0,7.2,6.0,1.8,under,1.847,0.5578,0.5218,0.738,win,0.625,103.17
746462,2024-06-12,DET,WSH,7.5,9.43,12.0,1.93,over,1.833,0.565,0.5263,0.885,win,0.737,103.908
746137,2024-06-12,LAD,TEX,9.0,6.6,5.0,2.4,under,1.881,0.5593,0.5112,1.23,win,1.084,104.991
746948,2024-06-12,BOS,PHI,8.0,10.42,14.0,2.42,over,1.893,0.5537,0.5052,1.129,win,1.008,105.999
746136,2024-06-13,LAD,TEX,8.0,6.76,4.0,1.24,under,1.909,0.5249,0.5,0.048,win,0.044,106.043
746944,2024-06-13,BOS,PHI,8.5,10.62,12.0,2.12,over,1.952,0.5293,0.4869,0.742,win,0.707,106.75
745809,2024-06-13,NYM,MIA,8.5,5.01,5.0,3.49,under,1.962,0.5529,0.4831,1.878,win,1.805,108.555
745810,2024-06-14,NYM,SD,7.5,9.84,3.0,2.34,over,1.952,0.5337,0.4869,0.955,loss,-0.955,107.6
747025,2024-06-14,BAL,PHI,7.0,8.82,8.0,1.82,over,1.87,0.5496,0.5131,0.679,win,0.591,108.191
747112,2024-06-14,ATL,TB,8.5,6.24,10.0,2.26,under,1.87,0.5583,0.5131,1.091,loss,-1.091,107.099
746947,2024-06-14,BOS,NYY,9.5,7.94,9.0,1.56,under,1.833,0.5575,0.5263,0.566,win,0.472,107.571
744847,2024-06-14,WSH,MIA,8.5,10.45,9.0,1.95,over,1.952,0.5259,0.4869,0.602,win,0.574,108.145
747113,2024-06-15,ATL,TB,9.0,6.82,11.0,2.18,under,1.851,0.5618,0.5182,1.018,loss,-1.018,107.127
744846,2024-06-15,WSH,MIA,8.5,10.19,4.0,1.69,over,1.82,0.5563,0.5226,0.323,loss,-0.323,106.804
745329,2024-06-15,SF,LAA,8.0,9.55,7.0,1.55,over,1.866,0.5454,0.5144,0.435,loss,-0.435,106.369
746547,2024-06-15,COL,PIT,11.0,7.66,20.0,3.34,under,1.909,0.5681,0.5013,1.98,loss,-1.98,104.388
746865,2024-06-15,CHC,STL,8.5,12.13,6.0,3.63,over,1.927,0.5589,0.4863,1.243,loss,-1.243,103.145
747109,2024-06-16,ATL,TB,9.0,6.98,14.0,2.02,under,2.05,0.5012,0.4607,0.541,loss,-0.541,102.604
745242,2024-06-16,SEA,TEX,3.5,5.84,5.0,2.34,over,2.35,0.4272,0.3805,0.061,win,0.082,102.686
745321,2024-06-16,SF,LAA,13.5,10.03,19.0,3.47,under,1.8,0.5939,0.5245,1.772,loss,-1.772,100.914
744926,2024-06-16,TOR,CLE,7.5,10.69,13.0,3.19,over,1.87,0.5768,0.5131,1.819,win,1.582,102.496
746945,2024-06-16,BOS,NYY,9.0,6.02,12.0,2.98,under,1.98,0.5387,0.479,0.807,loss,-0.807,101.689
747108,2024-06-17,ATL,DET,8.0,9.8,3.0,1.8,over,1.952,0.5241,0.4881,0.495,loss,-0.495,101.194
745567,2024-06-17,PHI,SD,9.5,11.7,11.0,2.2,over,1.952,0.5308,0.4869,0.772,win,0.735,101.93
746867,2024-06-18,CHC,SF,10.5,7.21,7.0,3.29,under,1.844,0.5888,0.5231,2.072,win,1.749,103.678
746542,2024-06-18,COL,LAD,12.0,7.73,20.0,4.27,under,2.0,0.5592,0.4737,2.454,loss,-2.454,101.225
745488,2024-06-18,PIT,CIN,8.0,10.38,3.0,2.38,over,1.855,0.566,0.5184,0.474,loss,-0.474,100.75
746864,2024-06-19,CHC,SF,9.5,7.03,11.0,2.47,under,1.833,0.5757,0.5263,1.341,loss,-1.341,99.409
745489,2024-06-19,PIT,CIN,8.0,10.53,1.0,2.53,over,2.05,0.5113,0.4607,0.91,loss,-0.91,98.499
745561,2024-06-19,PHI,SD,8.5,9.95,7.0,1.45,over,1.952,0.5159,0.4869,0.149,loss,-0.149,98.35
746625,2024-06-19,CLE,SEA,7.5,5.68,8.0,1.82,under,1.909,0.5364,0.5,0.522,loss,-0.522,97.828
745734,2024-06-20,NYY,BAL,18.0,8.64,22.0,9.36,under,1.952,0.5755,0.4755,2.541,loss,-2.541,95.287
746539,2024-06-20,COL,LAD,10.5,8.62,8.0,1.88,under,1.87,0.5507,0.5131,0.647,win,0.562,95.85
746624,2024-06-21,CLE,TOR,8.5,7.16,8.0,1.34,under,1.976,0.5071,0.4803,0.035,win,0.034,95.884
746861,2024-06-21,CHC,NYM,8.5,6.38,12.0,2.12,under,1.806,0.5761,0.5337,0.966,loss,-0.966,94.918
745729,2024-06-21,NYY,ATL,7.5,8.66,9.0,1.16,over,1.889,0.5304,0.5072,0.042,win,0.037,94.955
745483,2024-06-21,PIT,TB,8.5,11.9,13.0,3.4,over,1.827,0.5963,0.5282,2.046,win,1.691,96.646
745403,2024-06-21,SD,MIL,8.5,5.05,14.0,3.45,under,1.99,0.5448,0.4758,1.643,loss,-1.643,95.003
745486,2024-06-22,PIT,TB,8.0,9.7,7.0,1.7,over,1.833,0.5602,0.5263,0.616,loss,-0.616,94.387
745163,2024-06-22,STL,SF,8.5,6.74,13.0,1.76,under,2.0,0.509,0.4737,0.34,loss,-0.34,94.047
746132,2024-06-22,LAD,LAA,8.5,10.27,9.0,1.77,over,1.858,0.5538,0.5185,0.641,win,0.55,94.597
746863,2024-06-22,CHC,NYM,11.5,6.58,9.0,4.92,under,2.0,0.5698,0.4715,2.642,win,2.642,97.239
746700,2024-06-22,CIN,BOS,9.0,7.33,7.0,1.67,under,2.05,0.4952,0.4618,0.28,win,0.294,97.533
746541,2024-06-22,COL,WSH,11.0,13.36,15.0,2.36,over,1.87,0.5603,0.5131,0.481,win,0.418,97.952
745165,2024-06-23,STL,SF,7.5,10.75,8.0,3.25,over,1.87,0.5782,0.5131,1.824,win,1.586,99.538
745727,2024-06-23,NYY,ATL,8.5,7.08,4.0,1.42,under,2.0,0.5022,0.4737,0.087,win,0.087,99.625
745485,2024-06-23,PIT,TB,8.0,11.12,4.0,3.12,over,1.844,0.5854,0.5231,1.875,loss,-1.875,97.749
746696,2024-06-24,CIN,PIT,9.5,6.4,16.0,3.1,under,1.909,0.562,0.5,1.568,loss,-1.568,96.181
745160,2024-06-24,STL,ATL,9.0,7.54,7.0,1.46,under,1.87,0.5424,0.5131,0.309,win,0.269,96.45
746458,2024-06-24,DET,PHI,8.0,9.15,9.0,1.15,over,1.833,0.5479,0.5248,0.103,win,0.086,96.536
746943,2024-06-25,BOS,TOR,9.5,6.44,13.0,3.06,under,1.87,0.5743,0.5131,1.635,loss,-1.635,94.901
746454,2024-06-25,DET,PHI,7.5,11.11,5.0,3.61,over,1.976,0.5555,0.4833,1.898,loss,-1.898,93.003
745322,2024-06-25,SF,CHC,7.5,10.63,6.0,3.13,over,1.952,0.5495,0.4869,1.421,loss,-1.421,91.582
747022,2024-06-25,BAL,CLE,9.0,11.95,18.0,2.95,over,1.833,0.5853,0.5263,0.046,win,0.038,91.62
746374,2024-06-26,HOU,COL,8.0,6.38,8.0,1.62,under,1.897,0.5377,0.5052,0.409,push,0.0,91.62
746942,2024-06-26,BOS,TOR,9.5,7.2,5.0,2.3,under,1.952,0.5329,0.4869,0.777,win,0.74,92.36
747020,2024-06-27,BAL,TEX,7.5,9.12,13.0,1.62,over,1.909,0.5331,0.5007,0.362,win,0.329,92.689
745565,2024-06-27,PHI,MIA,8.0,10.46,11.0,2.46,over,1.926,0.5446,0.4954,0.979,win,0.907,93.596
745804,2024-06-28,NYM,HOU,8.25,6.12,9.0,2.13,under,1.911,0.5404,0.4978,0.672,loss,-0.672,92.924
744922,2024-06-28,TOR,NYY,8.5,6.62,21.0,1.88,under,1.833,0.5639,0.5263,0.756,loss,-0.756,92.168
746939,2024-06-28,BOS,SD,9.5,6.57,11.0,2.93,under,1.84,0.5815,0.5229,1.54,loss,-1.54,90.627
745560,2024-06-28,PHI,MIA,8.0,12.61,2.0,4.61,over,1.893,0.5988,0.5066,2.032,loss,-2.032,88.596
745801,2024-06-29,NYM,HOU,13.5,9.34,15.0,4.16,under,1.976,0.5525,0.4693,1.668,loss,-1.668,86.928
745159,2024-06-29,STL,CIN,8.5,9.6,13.0,1.1,over,1.833,0.5482,0.5263,0.107,win,0.089,87.017
746940,2024-06-29,BOS,SD,13.5,9.35,12.0,4.15,under,2.005,0.5461,0.4632,1.642,win,1.649,88.666
747104,2024-06-29,ATL,PIT,5.5,7.82,3.0,2.32,over,2.28,0.4388,0.3924,0.007,loss,-0.007,88.659
745317,2024-06-29,SF,LAD,7.5,10.07,21.0,2.57,over,1.952,0.5384,0.4869,0.952,win,0.907,89.566
746289,2024-06-29,KC,CLE,9.5,7.04,9.0,2.46,under,1.93,0.5427,0.4935,0.625,win,0.581,90.147
745971,2024-06-30,MIL,CHC,8.0,9.9,8.0,1.9,over,1.833,0.5643,0.5263,0.748,push,0.0,90.147
745154,2024-06-30,STL,CIN,8.0,9.72,2.0,1.72,over,1.909,0.5343,0.5,0.399,loss,-0.399,89.748
744916,2024-06-30,TOR,NYY,8.0,10.32,9.0,2.32,over,1.833,0.5726,0.5263,1.073,win,0.894,90.642
747101,2024-06-30,ATL,PIT,9.0,6.8,6.0,2.2,under,2.05,0.5047,0.4607,0.597,win,0.627,91.269
745320,2024-06-30,SF,LAD,12.5,9.89,14.0,2.61,under,1.871,0.5551,0.5029,0.809,loss,-0.809,90.46
745555,2024-06-30,PHI,MIA,8.5,7.0,13.0,1.5,under,1.909,0.53,0.5,0.236,loss,-0.236,90.224
744840,2024-07-01,WSH,NYM,8.5,12.65,16.0,4.15,over,1.952,0.5699,0.4869,2.136,win,2.035,92.259
744913,2024-07-02,TOR,HOU,8.5,7.18,13.0,1.32,under,1.881,0.5362,0.5098,0.183,loss,-0.183,92.075
746537,2024-07-02,COL,MIL,11.5,8.3,7.0,3.2,under,1.909,0.564,0.5,1.552,win,1.411,93.486
745730,2024-07-02,NYY,CIN,8.5,9.82,9.0,1.32,over,1.909,0.5264,0.5,0.103,win,0.093,93.58
745886,2024-07-02,MIN,DET,7.5,9.2,8.0,1.7,over,1.952,0.5208,0.4869,0.331,win,0.315,93.894
746047,2024-07-02,MIA,BOS,8.0,9.79,11.0,1.79,over,1.87,0.549,0.5131,0.569,win,0.494,94.389
744838,2024-07-02,WSH,NYM,9.0,11.05,9.0,2.05,over,1.87,0.5541,0.5131,0.78,push,0.0,94.389
746045,2024-07-03,MIA,BOS,8.0,6.35,9.0,1.65,under,1.905,0.5343,0.5013,0.37,loss,-0.37,94.019
744915,2024-07-03,TOR,HOU,8.5,12.37,11.0,3.87,over,1.952,0.5644,0.4869,2.012,win,1.916,95.935
744837,2024-07-03,WSH,NYM,9.0,6.51,12.0,2.49,under,1.87,0.5629,0.5131,1.155,loss,-1.155,94.779
746858,2024-07-03,CHC,PHI,9.5,8.21,8.0,1.29,under,1.847,0.5484,0.5225,0.293,win,0.248,95.028
746534,2024-07-03,COL,MIL,11.5,8.44,3.0,3.06,under,1.885,0.5704,0.5092,1.17,win,1.035,96.063
745726,2024-07-04,NYY,CIN,9.0,11.04,12.0,2.04,over,1.98,0.5198,0.479,0.578,win,0.567,96.63
746285,2024-07-04,KC,TB,8.0,11.4,18.0,3.4,over,1.909,0.5679,0.5,1.791,win,1.628,98.258
746532,2024-07-04,COL,MIL,11.5,8.68,7.0,2.82,under,1.952,0.5434,0.4869,1.257,win,1.197,99.454
747103,2024-07-04,ATL,SF,8.0,9.68,6.0,1.68,over,1.926,0.5284,0.4948,0.38,loss,-0.38,99.074
746043,2024-07-04,MIA,BOS,8.25,5.71,11.0,2.54,under,1.87,0.5654,0.5145,0.995,loss,-0.995,98.079
746693,2024-07-05,CIN,DET,9.0,6.55,9.0,2.45,under,1.847,0.5671,0.5181,1.103,push,0.0,98.079
745725,2024-07-05,NYY,BOS,8.0,11.0,8.0,3.0,over,1.87,0.5731,0.5131,1.611,push,0.0,98.079
745479,2024-07-05,PIT,NYM,7.5,8.69,16.0,1.19,over,1.833,0.5501,0.5263,0.202,win,0.168,98.247
746620,2024-07-05,CLE,SF,8.0,6.35,6.0,1.65,under,1.84,0.5581,0.5251,0.632,win,0.531,98.778
746859,2024-07-05,CHC,LAA,10.5,8.7,6.0,1.8,under,1.875,0.5383,0.5023,0.208,win,0.182,98.96
745724,2024-07-06,NYY,BOS,9.0,10.26,18.0,1.26,over,1.87,0.5383,0.5131,0.144,win,0.125,99.086
744835,2024-07-06,WSH,STL,20.5,9.48,20.0,11.02,under,2.0,0.5631,0.4631,2.501,win,2.501,101.587
746129,2024-07-06,LAD,MIL,8.5,5.53,8.0,2.97,under,1.877,0.5633,0.5038,1.328,win,1.165,102.752
746694,2024-07-06,CIN,DET,3.0,8.65,8.0,5.65,over,1.69,0.6652,0.5652,1.026,win,0.708,103.46
746122,2024-07-07,LAD,MIL,7.5,5.77,11.0,1.73,under,1.732,0.5852,0.5507,0.381,loss,-0.381,103.079
746530,2024-07-07,COL,KC,10.5,8.09,11.0,2.41,under,1.87,0.5614,0.5131,1.175,loss,-1.175,101.904
746855,2024-07-07,CHC,LAA,9.5,7.69,5.0,1.81,under,1.807,0.5596,0.5234,0.288,win,0.233,102.136
747098,2024-07-07,ATL,PHI,8.5,10.58,6.0,2.08,over,1.909,0.5416,0.5,0.761,loss,-0.761,101.375
745883,2024-07-07,MIN,HOU,9.0,11.11,5.0,2.11,over,2.05,0.5029,0.4607,0.596,loss,-0.596,100.778
744832,2024-07-07,WSH,STL,9.0,11.29,11.0,2.29,over,1.833,0.5722,0.5263,1.185,win,0.988,101.766
746692,2024-07-08,CIN,COL,9.0,7.44,6.0,1.56,under,1.935,0.526,0.4947,0.381,win,0.356,102.122
744833,2024-07-08,WSH,STL,5.0,8.66,6.0,3.66,over,1.952,0.5406,0.4675,1.189,win,1.132,103.254
746451,2024-07-09,DET,CLE,8.5,10.67,17.0,2.17,over,1.885,0.5499,0.5065,0.853,win,0.755,104.009
746690,2024-07-09,CIN,COL,8.5,9.98,18.0,1.48,over,1.87,0.5428,0.5131,0.353,win,0.307,104.316
745556,2024-07-10,PHI,LAD,9.0,10.77,7.0,1.77,over,1.909,0.538,0.5027,0.623,loss,-0.623,103.693
745318,2024-07-10,SF,TOR,7.5,6.32,16.0,1.18,under,1.87,0.5368,0.5131,0.084,loss,-0.084,103.609
745969,2024-07-10,MIL,PIT,8.5,10.46,9.0,1.96,over,1.952,0.5261,0.4869,0.59,win,0.562,104.171
746453,2024-07-10,DET,CLE,7.5,11.04,9.0,3.54,over,1.87,0.584,0.5131,2.199,win,1.912,106.083
747015,2024-07-10,BAL,CHC,8.5,6.98,4.0,1.52,under,1.922,0.5284,0.498,0.353,win,0.326,106.408
745796,2024-07-10,NYM,WSH,9.5,5.52,8.0,3.98,under,1.962,0.5616,0.4819,1.152,win,1.107,107.516
746452,2024-07-11,DET,CLE,8.25,10.94,11.0,2.69,over,1.939,0.545,0.4911,1.295,win,1.216,108.731
745558,2024-07-11,PHI,LAD,9.5,7.53,6.0,1.97,under,1.84,0.5645,0.5251,1.004,win,0.843,109.575
745313,2024-07-11,SF,TOR,7.5,10.23,8.0,2.73,over,1.84,0.5722,0.5175,1.383,win,1.162,110.737
745799,2024-07-11,NYM,WSH,9.0,7.81,7.0,1.19,under,1.833,0.5501,0.5263,0.227,win,0.189,110.926
745064,2024-07-12,TB,CLE,7.5,9.46,2.0,1.96,over,1.952,0.5262,0.4869,0.636,loss,-0.636,110.29
746685,2024-07-12,CIN,MIA,9.0,7.62,11.0,1.38,under,1.943,0.519,0.4914,0.203,loss,-0.203,110.087
745800,2024-07-12,NYM,COL,8.5,10.36,13.0,1.86,over,1.99,0.5142,0.4769,0.518,win,0.513,110.6
746202,2024-07-13,LAA,SEA,8.5,7.15,3.0,1.35,under,1.847,0.5487,0.5218,0.359,win,0.304,110.904
746369,2024-07-13,HOU,TEX,8.0,9.26,3.0,1.26,over,1.909,0.5252,0.5,0.067,loss,-0.067,110.837
745175,2024-07-13,STL,CHC,8.0,9.7,9.0,1.7,over,1.87,0.547,0.5131,0.578,win,0.503,111.34
745963,2024-07-13,MIL,WSH,8.5,11.0,11.0,2.5,over,1.833,0.5733,0.5233,1.363,win,1.136,112.475
745067,2024-07-13,TB,CLE,7.0,9.06,6.0,2.06,over,1.909,0.5291,0.4878,0.248,loss,-0.248,112.227
745392,2024-07-13,SD,ATL,7.5,9.99,4.0,2.49,over,1.952,0.5366,0.4869,1.124,loss,-1.124,111.103
746447,2024-07-13,DET,LAD,9.0,4.29,20.0,4.71,under,2.0,0.5679,0.4737,1.261,loss,-1.261,109.842
745797,2024-07-14,NYM,COL,8.5,10.21,13.0,1.71,over,1.833,0.5575,0.5233,0.582,win,0.485,110.327
747009,2024-07-14,BAL,NYY,9.0,6.38,11.0,2.62,under,1.952,0.5393,0.4869,1.225,loss,-1.225,109.102
745962,2024-07-14,MIL,WSH,8.5,9.71,12.0,1.21,over,1.87,0.5374,0.5131,0.117,win,0.101,109.204
744829,2024-07-19,WSH,CIN,8.5,10.85,13.0,2.35,over,1.952,0.5351,0.4881,1.026,win,0.977,110.18
744911,2024-07-19,TOR,DET,7.5,9.36,9.0,1.86,over,1.926,0.5282,0.491,0.411,win,0.38,110.561
745481,2024-07-19,PIT,PHI,8.25,11.9,15.0,3.65,over,1.976,0.551,0.478,2.007,win,1.958,112.518
746618,2024-07-19,CLE,SD,7.5,10.3,7.0,2.8,over,1.87,0.569,0.5131,1.557,loss,-1.557,110.962
746041,2024-07-20,MIA,NYM,3.5,6.54,1.0,3.04,over,1.889,0.5529,0.4921,1.111,loss,-1.111,109.851
746613,2024-07-20,CLE,SD,7.5,9.94,7.0,2.44,over,1.833,0.575,0.5263,1.429,loss,-1.429,108.422
747096,2024-07-20,ATL,STL,8.5,6.68,14.0,1.82,under,1.909,0.5378,0.5013,0.637,loss,-0.637,107.786
746121,2024-07-20,LAD,BOS,9.0,6.05,13.0,2.95,under,1.952,0.5459,0.4869,1.49,loss,-1.49,106.295
744830,2024-07-20,WSH,CIN,8.5,9.94,9.0,1.44,over,2.0,0.5026,0.4737,0.111,win,0.111,106.406
745880,2024-07-20,MIN,MIL,7.5,9.69,12.0,2.19,over,1.909,0.5438,0.5,0.223,win,0.203,106.609
745470,2024-07-21,PIT,PHI,9.0,10.01,6.0,1.01,over,1.84,0.5454,0.5251,0.096,loss,-0.096,106.513
746125,2024-07-21,LAD,BOS,9.0,7.78,15.0,1.22,under,1.833,0.5507,0.5263,0.247,loss,-0.247,106.266
745722,2024-07-21,NYY,TB,8.5,9.71,10.0,1.21,over,1.844,0.548,0.5238,0.262,win,0.221,106.488
746610,2024-07-21,CLE,SD,8.0,9.19,3.0,1.19,over,2.015,0.4964,0.4726,0.005,loss,-0.005,106.482
746528,2024-07-21,COL,SF,9.5,11.03,5.0,1.53,over,1.909,0.5306,0.5,0.305,loss,-0.305,106.178
745882,2024-07-21,MIN,MIL,8.0,10.08,15.0,2.08,over,1.847,0.5655,0.524,1.122,win,0.951,107.129
747094,2024-07-21,ATL,STL,8.5,5.92,8.0,2.58,under,1.952,0.5385,0.4869,1.157,win,1.102,108.231
745230,2024-07-21,SEA,HOU,7.0,8.97,10.0,1.97,over,1.909,0.5393,0.5,0.705,win,0.641,108.872
744909,2024-07-21,TOR,DET,8.0,10.86,9.0,2.86,over,1.87,0.5703,0.5131,1.1,win,0.957,109.829
745717,2024-07-22,NYY,TB,8.5,6.61,10.0,1.89,under,1.909,0.5378,0.5,0.644,loss,-0.644,109.185
745473,2024-07-22,PIT,STL,8.5,6.8,3.0,1.7,under,1.909,0.536,0.502,0.56,win,0.509,109.694
745881,2024-07-22,MIN,PHI,8.25,9.72,9.0,1.47,over,1.898,0.5334,0.5039,0.3,win,0.27,109.963
746612,2024-07-22,CLE,DET,7.0,9.1,10.0,2.1,over,1.952,0.529,0.4869,0.757,win,0.721,110.684
746118,2024-07-23,LAD,SF,8.5,9.72,7.0,1.22,over,1.948,0.5139,0.4894,0.023,loss,-0.023,110.661
746524,2024-07-23,COL,BOS,10.0,11.52,6.0,1.52,over,1.909,0.5304,0.5,0.309,loss,-0.309,110.352
745715,2024-07-23,NYY,NYM,9.0,13.09,5.0,4.09,over,1.881,0.5929,0.5112,2.891,loss,-2.891,107.461
745227,2024-07-23,SEA,LAA,7.0,8.81,6.0,1.81,over,1.862,0.5506,0.5143,0.629,loss,-0.629,106.832
746851,2024-07-24,CHC,MIL,8.5,9.94,5.0,1.44,over,1.855,0.5487,0.5198,0.442,loss,-0.442,106.389
746611,2024-07-24,CLE,DET,7.0,8.72,3.0,1.72,over,1.952,0.5213,0.4869,0.399,loss,-0.399,105.99
744824,2024-07-24,WSH,SD,8.5,11.33,15.0,2.83,over,1.889,0.5631,0.5065,1.516,win,1.348,107.337
745716,2024-07-24,NYY,NYM,8.5,13.66,15.0,5.16,over,1.885,0.6106,0.5106,2.642,win,2.338,109.676
746609,2024-07-25,CLE,DET,8.0,9.79,3.0,1.79,over,1.952,0.5226,0.4869,0.469,loss,-0.469,109.207
746037,2024-07-25,MIA,BAL,7.5,8.87,13.0,1.37,over,1.84,0.5525,0.5251,0.439,win,0.369,109.576
744907,2024-07-25,TOR,TB,8.0,9.4,13.0,1.4,over,1.952,0.5149,0.4869,0.122,win,0.117,109.693
745794,2024-07-25,NYM,ATL,7.0,10.14,5.0,3.14,over,1.833,0.5897,0.527,2.138,loss,-2.138,107.555
744827,2024-07-25,WSH,SD,8.5,11.92,3.0,3.42,over,1.859,0.5877,0.5192,1.831,loss,-1.831,105.723
747010,2024-07-26,BAL,SD,9.0,6.41,10.0,2.59,under,1.87,0.5649,0.5131,1.367,loss,-1.367,104.357
745792,2024-07-26,NYM,ATL,7.5,9.45,12.0,1.95,over,1.87,0.5522,0.5131,0.775,win,0.674,105.031
747006,2024-07-27,BAL,SD,9.0,6.13,13.0,2.87,under,1.87,0.5719,0.5145,1.673,loss,-1.673,103.358
745966,2024-07-27,MIL,MIA,8.0,9.91,10.0,1.91,over,1.893,0.5422,0.5039,0.608,win,0.543,103.9
745310,2024-07-27,SF,COL,7.75,10.73,5.0,2.98,over,1.98,0.5421,0.4826,1.559,loss,-1.559,102.342
746446,2024-07-27,DET,MIN,6.5,10.26,9.0,3.76,over,1.87,0.5882,0.5131,1.161,win,1.009,103.351
746274,2024-07-28,KC,CHC,8.5,11.7,10.0,3.2,over,1.901,0.5673,0.5033,1.797,win,1.619,104.97
745063,2024-07-28,TB,CIN,7.5,9.37,3.0,1.87,over,2.0,0.509,0.4715,0.377,loss,-0.377,104.594
745305,2024-07-28,SF,COL,7.5,8.97,9.0,1.47,over,1.943,0.5177,0.4883,0.137,win,0.129,104.723
746684,2024-07-29,CIN,CHC,9.0,6.08,8.0,2.92,under,1.909,0.5583,0.5,1.518,win,1.38,106.104
747039,2024-07-29,BAL,TOR,9.5,6.13,12.0,3.37,under,1.885,0.5746,0.5072,1.991,loss,-1.991,104.112
747007,2024-07-29,BAL,TOR,9.5,5.47,16.0,4.03,under,1.885,0.5878,0.5072,1.49,loss,-1.49,102.622
745787,2024-07-30,NYM,MIN,8.5,10.12,2.0,1.62,over,1.889,0.5404,0.5079,0.479,loss,-0.479,102.143
746683,2024-07-30,CIN,CHC,9.0,6.34,9.0,2.66,under,1.957,0.5389,0.4856,1.165,push,0.0,102.143
745958,2024-07-30,MIL,ATL,8.0,9.35,6.0,1.35,over,1.87,0.5402,0.5131,0.233,loss,-0.233,101.909
746678,2024-07-31,CIN,CHC,9.5,7.12,17.0,2.38,under,1.909,0.5475,0.5,1.016,loss,-1.016,100.893
745543,2024-07-31,PHI,NYY,9.5,6.55,11.0,2.95,under,1.807,0.5986,0.5397,2.037,loss,-2.037,98.856
745386,2024-07-31,SD,LAD,7.5,12.54,9.0,5.04,over,1.909,0.6,0.5,1.947,win,1.77,100.626
746196,2024-08-01,LAA,COL,8.75,5.57,9.0,3.18,under,1.907,0.5664,0.5028,1.78,loss,-1.78,98.846
744825,2024-08-02,WSH,MIL,9.0,7.33,11.0,1.67,under,1.837,0.5591,0.5257,0.637,loss,-0.637,98.209
745719,2024-08-02,NYY,TOR,9.0,7.42,13.0,1.58,under,1.877,0.5434,0.5119,0.451,loss,-0.451,97.758
747089,2024-08-02,ATL,MIA,9.0,8.03,8.0,0.97,under,1.833,0.5457,0.5263,0.009,win,0.007,97.765
746679,2024-08-02,CIN,SF,8.5,6.67,3.0,1.83,under,1.918,0.5352,0.4987,0.56,win,0.513,98.279
746443,2024-08-02,DET,KC,7.0,8.54,11.0,1.54,over,1.952,0.5177,0.4869,0.224,win,0.213,98.492
745388,2024-08-03,SD,COL,8.0,6.56,5.0,1.44,under,1.952,0.5156,0.4869,0.138,win,0.132,98.623
746681,2024-08-03,CIN,SF,9.0,11.14,10.0,2.14,over,1.952,0.5297,0.4869,0.707,win,0.673,99.296
746358,2024-08-03,HOU,TB,8.0,9.61,7.0,1.61,over,1.885,0.54,0.5079,0.4,loss,-0.4,98.896
746608,2024-08-03,CLE,BAL,8.5,10.97,11.0,2.47,over,1.909,0.5493,0.5,1.06,win,0.963,99.859
745714,2024-08-03,NYY,TOR,8.5,9.83,11.0,1.33,over,1.833,0.5528,0.5263,0.322,win,0.268,100.128
746194,2024-08-03,LAA,NYM,9.5,8.33,9.0,1.17,under,1.87,0.5365,0.5131,0.069,win,0.06,100.187
747087,2024-08-03,ATL,MIA,9.0,7.23,7.0,1.77,under,1.893,0.5407,0.5052,0.528,win,0.471,100.659
746439,2024-08-04,DET,KC,8.5,10.16,5.0,1.66,over,1.909,0.5332,0.5,0.398,loss,-0.398,100.26
744979,2024-08-04,TEX,BOS,8.0,6.4,9.0,1.6,under,1.909,0.532,0.5,0.343,loss,-0.343,99.917
746680,2024-08-04,CIN,SF,9.0,10.21,10.0,1.21,over,1.87,0.5374,0.5131,0.106,win,0.092,100.009
746356,2024-08-04,HOU,TB,8.5,10.89,1.0,2.39,over,1.952,0.5347,0.4869,0.921,loss,-0.921,99.089
746606,2024-08-04,CLE,BAL,8.0,10.0,14.0,2.0,over,1.952,0.5269,0.4869,0.596,win,0.568,99.656
744826,2024-08-04,WSH,MIL,9.0,7.51,7.0,1.49,under,1.952,0.5168,0.4869,0.187,win,0.178,99.835
745184,2024-08-05,STL,NYM,8.5,9.58,6.0,1.08,over,1.833,0.5478,0.5263,0.103,loss,-0.103,99.732
744821,2024-08-05,WSH,SF,9.0,7.64,5.0,1.36,under,1.905,0.5312,0.504,0.262,win,0.237,99.969
747086,2024-08-06,ATL,MIL,9.0,7.37,10.0,1.63,under,1.885,0.5418,0.5092,0.48,loss,-0.48,99.489
746120,2024-08-06,LAD,PHI,7.5,9.53,8.0,2.03,over,1.87,0.5537,0.5131,0.804,win,0.699,100.188
746033,2024-08-06,MIA,CIN,7.5,9.48,10.0,1.98,over,1.833,0.5658,0.5263,0.899,win,0.749,100.937
745141,2024-08-06,STL,TB,7.5,11.04,7.0,3.54,over,1.909,0.5707,0.5,1.989,loss,-1.989,98.948
746273,2024-08-06,KC,BOS,10.0,8.35,11.0,1.65,under,1.909,0.5329,0.5,0.379,loss,-0.379,98.569
744983,2024-08-06,TEX,HOU,8.5,7.35,6.0,1.15,under,1.893,0.5323,0.5094,0.166,win,0.148,98.717
746272,2024-08-07,KC,BOS,8.5,10.46,12.0,1.96,over,1.893,0.5444,0.5052,0.674,win,0.602,99.319
745709,2024-08-07,NYY,LAA,9.0,6.55,7.0,2.45,under,1.837,0.5703,0.5213,1.129,win,0.944,100.264
745142,2024-08-07,STL,TB,7.5,9.08,7.0,1.58,over,1.935,0.5238,0.4921,0.287,loss,-0.287,99.976
744903,2024-08-07,TOR,BAL,9.5,12.22,10.0,2.72,over,2.0,0.5281,0.4737,1.124,win,1.124,101.1
745469,2024-08-07,PIT,SD,8.0,9.95,17.0,1.95,over,1.98,0.5215,0.4826,0.678,win,0.664,101.764
746031,2024-08-07,MIA,CIN,8.5,10.19,10.0,1.69,over,1.952,0.5206,0.4869,0.352,win,0.335,102.099
744981,2024-08-07,TEX,HOU,8.5,6.33,10.0,2.17,under,1.893,0.5486,0.5052,0.757,loss,-0.757,101.343
747081,2024-08-08,ATL,MIL,9.0,6.48,23.0,2.52,under,1.952,0.5374,0.4869,1.046,loss,-1.046,100.296
744819,2024-08-08,WSH,SF,9.0,12.4,14.0,3.4,over,1.909,0.5681,0.5,1.864,win,1.695,101.991
745226,2024-08-08,SEA,DET,6.0,9.37,7.0,3.37,over,1.87,0.5806,0.5131,2.003,win,1.742,103.733
746522,2024-08-08,COL,NYM,11.0,9.56,10.0,1.44,under,1.909,0.5288,0.5,0.087,win,0.079,103.811
746032,2024-08-09,MIA,SD,8.5,12.02,8.0,3.52,over,1.962,0.5558,0.4855,1.949,loss,-1.949,101.862
744818,2024-08-09,WSH,LAA,9.0,7.67,5.0,1.33,under,1.917,0.5252,0.4987,0.157,win,0.144,102.006
745062,2024-08-09,TB,BAL,8.0,9.46,5.0,1.46,over,1.952,0.516,0.4869,0.159,loss,-0.159,101.846
745955,2024-08-10,MIL,CIN,8.5,10.48,1.0,1.98,over,1.87,0.5528,0.5131,0.784,loss,-0.784,101.062
746269,2024-08-10,KC,STL,9.0,10.57,11.0,1.57,over,1.99,0.5066,0.4752,0.169,win,0.167,101.229
746922,2024-08-10,BOS,HOU,8.5,6.3,9.0,2.2,under,1.952,0.5144,0.4704,0.091,loss,-0.091,101.138
745712,2024-08-10,NYY,TEX,7.5,9.82,8.0,2.32,over,1.986,0.5091,0.4628,0.228,win,0.224,101.363
745056,2024-08-10,TB,BAL,7.5,9.14,12.0,1.64,over,2.0,0.5077,0.4749,0.312,win,0.312,101.675
744816,2024-08-11,WSH,LAA,9.0,10.74,10.0,1.74,over,1.909,0.5348,0.5,0.47,win,0.428,102.103
746025,2024-08-11,MIA,SD,7.5,8.97,13.0,1.47,over,1.87,0.544,0.5145,0.399,win,0.347,102.45
745711,2024-08-11,NYY,TEX,9.5,12.38,15.0,2.88,over,1.952,0.5445,0.4869,1.356,win,1.291,103.741
746923,2024-08-11,BOS,HOU,10.5,8.22,12.0,2.28,under,1.833,0.5718,0.5263,1.204,loss,-1.204,102.537
745216,2024-08-11,SEA,NYM,7.5,5.49,13.0,2.01,under,1.87,0.5533,0.5131,0.81,loss,-0.81,101.727
745303,2024-08-11,SF,DET,8.0,10.23,9.0,2.23,over,1.87,0.5592,0.5145,0.761,win,0.662,102.389
745867,2024-08-13,MIN,KC,8.5,9.62,16.0,1.12,over,1.909,0.525,0.5027,0.05,win,0.046,102.434
745548,2024-08-13,PHI,MIA,9.0,10.2,5.0,1.2,over,1.909,0.524,0.5,0.007,loss,-0.007,102.428
745954,2024-08-13,MIL,LAD,8.0,10.57,9.0,2.57,over,1.844,0.573,0.5216,1.373,win,1.159,103.586
746435,2024-08-13,DET,SEA,7.0,8.68,16.0,1.68,over,1.952,0.5206,0.4869,0.356,win,0.339,103.926
745302,2024-08-13,SF,ATL,6.5,8.88,7.0,2.38,over,1.952,0.5345,0.4869,0.95,win,0.905,104.83
746436,2024-08-14,DET,SEA,8.0,10.4,5.0,2.4,over,1.881,0.5565,0.5085,1.114,loss,-1.114,103.716
745544,2024-08-14,PHI,MIA,8.5,11.28,14.0,2.78,over,1.87,0.5688,0.5131,1.512,win,1.315,105.031
745381,2024-08-14,SD,PIT,8.0,5.56,10.0,2.44,under,1.893,0.5547,0.5059,1.174,loss,-1.174,103.858
746919,2024-08-14,BOS,TEX,9.5,7.63,16.0,1.87,under,1.87,0.5504,0.5131,0.694,loss,-0.694,103.163
746188,2024-08-14,LAA,TOR,9.0,7.59,11.0,1.41,under,1.87,0.5413,0.5131,0.286,loss,-0.286,102.878
745951,2024-08-14,MIL,LAD,8.5,9.74,9.0,1.24,over,1.847,0.5457,0.521,0.2,win,0.17,103.047
745301,2024-08-14,SF,ATL,8.0,9.08,15.0,1.08,over,1.909,0.5243,0.5027,0.019,win,0.018,103.065
745053,2024-08-14,TB,HOU,7.5,5.38,3.0,2.12,under,1.952,0.5292,0.4869,0.001,win,0.001,103.066
745545,2024-08-15,PHI,WSH,8.0,11.3,16.0,3.3,over,1.87,0.5791,0.5131,1.958,win,1.703,104.768
745542,2024-08-16,PHI,WSH,9.0,7.64,5.0,1.36,under,2.0,0.5009,0.4737,0.036,win,0.036,104.805
746843,2024-08-16,CHC,TOR,10.5,6.07,11.0,4.43,under,1.82,0.6171,0.5285,3.144,loss,-3.144,101.66
745462,2024-08-16,PIT,SEA,6.75,10.12,8.0,3.37,over,1.859,0.583,0.5156,1.819,win,1.562,103.222
746434,2024-08-17,DET,NYY,8.5,5.55,4.0,2.95,under,1.922,0.557,0.498,1.577,win,1.454,104.676
744977,2024-08-17,TEX,MIN,8.5,6.98,7.0,1.52,under,1.889,0.5363,0.5059,0.304,win,0.271,104.947
745463,2024-08-17,PIT,SEA,8.0,10.45,9.0,2.45,over,1.84,0.5741,0.5251,1.411,win,1.186,106.133
745952,2024-08-17,MIL,CLE,8.0,9.81,3.0,1.81,over,1.87,0.5493,0.5131,0.658,loss,-0.658,105.475
746841,2024-08-17,CHC,TOR,8.5,7.15,5.0,1.35,under,1.87,0.5401,0.5131,0.235,win,0.204,105.679
746516,2024-08-18,COL,SD,10.5,12.81,5.0,2.31,over,1.862,0.5647,0.5186,1.265,loss,-1.265,104.415
746186,2024-08-18,LAA,ATL,8.0,9.48,4.0,1.48,over,1.87,0.5427,0.5131,0.351,loss,-0.351,104.064
745539,2024-08-18,PHI,WSH,9.5,7.1,10.0,2.4,under,1.833,0.5712,0.5233,1.179,loss,-1.179,102.885
746676,2024-08-18,CIN,KC,9.5,8.25,9.0,1.25,under,1.952,0.5125,0.4875,0.011,win,0.01,102.895
745948,2024-08-18,MIL,CLE,8.0,11.37,2.0,3.37,over,1.87,0.5805,0.5131,2.019,loss,-2.019,100.876
745780,2024-08-19,NYM,BAL,9.0,10.76,7.0,1.76,over,1.909,0.5352,0.5,0.482,loss,-0.482,100.394
745374,2024-08-20,SD,MIN,7.0,9.2,12.0,2.2,over,1.87,0.5571,0.5131,0.961,win,0.836,101.23
744814,2024-08-20,WSH,COL,8.0,9.5,4.0,1.5,over,1.909,0.5301,0.5,0.265,loss,-0.265,100.964
746266,2024-08-20,KC,LAA,9.0,10.8,14.0,1.8,over,2.0,0.5097,0.4737,0.393,win,0.393,101.357
746267,2024-08-21,KC,LAA,8.0,9.87,3.0,1.87,over,1.952,0.5244,0.4869,0.506,loss,-0.506,100.851
746110,2024-08-21,LAD,SEA,9.0,6.62,12.0,2.38,under,1.847,0.5701,0.5225,1.269,loss,-1.269,99.582
747084,2024-08-21,ATL,PHI,7.5,9.68,5.0,2.18,over,1.87,0.5567,0.5131,0.935,loss,-0.935,98.647
746837,2024-08-21,CHC,DET,7.5,8.89,10.0,1.39,over,1.847,0.5487,0.521,0.321,win,0.272,98.919
746998,2024-08-22,BAL,HOU,7.5,9.35,6.0,1.85,over,1.87,0.55,0.5131,0.644,loss,-0.644,98.276
745705,2024-08-22,NYY,CLE,8.0,9.09,6.0,1.09,over,1.889,0.5297,0.5079,0.011,loss,-0.011,98.265
745137,2024-08-22,STL,MIL,7.5,10.01,3.0,2.51,over,1.833,0.5764,0.5263,1.339,loss,-1.339,96.926
747082,2024-08-22,ATL,PHI,8.0,9.84,5.0,1.84,over,1.952,0.5237,0.4869,0.458,loss,-0.458,96.468
746597,2024-08-23,CLE,TEX,7.0,8.24,8.0,1.24,over,1.909,0.5262,0.5013,0.096,win,0.087,96.555
746995,2024-08-23,BAL,HOU,8.0,9.42,12.0,1.42,over,1.909,0.5283,0.5,0.182,win,0.166,96.721
745378,2024-08-23,SD,NYM,7.5,9.9,7.0,2.4,over,1.952,0.535,0.4869,0.903,loss,-0.903,95.818
747080,2024-08-23,ATL,WSH,7.5,5.28,5.0,2.22,under,1.833,0.5706,0.5263,1.06,win,0.883,96.701
746024,2024-08-23,MIA,CHC,8.5,7.46,9.0,1.04,under,1.847,0.5447,0.524,0.144,loss,-0.144,96.557
745460,2024-08-23,PIT,CIN,8.0,9.58,11.0,1.58,over,1.909,0.5343,0.5027,0.424,win,0.386,96.943
745702,2024-08-23,NYY,COL,8.0,6.0,3.0,2.0,under,1.87,0.553,0.5131,0.757,win,0.658,97.601
745377,2024-08-24,SD,NYM,8.0,10.59,8.0,2.59,over,1.99,0.5281,0.4764,1.006,push,0.0,97.601
746271,2024-08-24,KC,PHI,9.5,11.41,13.0,1.91,over,2.0,0.5118,0.4737,0.462,win,0.462,98.063
745703,2024-08-24,NYY,COL,9.0,7.46,11.0,1.54,under,1.833,0.557,0.5263,0.499,loss,-0.499,97.564
744890,2024-08-24,TOR,LAA,8.5,9.47,4.0,0.97,over,1.813,0.5566,0.5371,0.217,loss,-0.217,97.347
745457,2024-08-24,PIT,CIN,9.0,7.61,12.0,1.39,under,2.0,0.5016,0.4737,0.062,loss,-0.062,97.285
745868,2024-08-24,MIN,STL,8.5,10.12,6.0,1.62,over,1.909,0.5324,0.5,0.35,loss,-0.35,96.935
745376,2024-08-25,SD,NYM,7.5,9.07,5.0,1.57,over,2.0,0.5058,0.4743,0.223,loss,-0.223,96.711
746263,2024-08-25,KC,PHI,8.0,10.35,14.0,2.35,over,1.859,0.564,0.517,1.084,win,0.931,97.642
747078,2024-08-25,ATL,WSH,8.0,5.43,6.0,2.57,under,1.98,0.5322,0.4808,1.073,win,1.052,98.695
746023,2024-08-25,MIA,CHC,8.5,10.04,9.0,1.54,over,1.87,0.546,0.5153,0.472,win,0.41,99.105
745459,2024-08-25,PIT,CIN,9.0,6.64,7.0,2.36,under,1.87,0.5603,0.5131,1.084,win,0.942,100.047
745706,2024-08-25,NYY,COL,8.5,9.76,13.0,1.26,over,1.847,0.5492,0.524,0.344,win,0.291,100.338
746106,2024-08-25,LAD,TB,7.5,11.32,4.0,3.82,over,1.909,0.5765,0.5,0.72,loss,-0.72,99.618
745133,2024-08-26,STL,SD,9.0,6.44,11.0,2.56,under,1.98,0.5302,0.479,1.014,loss,-1.014,98.604
746915,2024-08-26,BOS,TOR,9.5,8.26,10.0,1.24,under,1.84,0.5499,0.5251,0.282,loss,-0.282,98.322
745865,2024-08-26,MIN,ATL,8.0,10.42,16.0,2.42,over,1.952,0.5352,0.4869,0.928,win,0.883,99.205
746628,2024-08-26,CLE,KC,9.0,10.9,7.0,1.9,over,1.952,0.525,0.4869,0.519,loss,-0.519,98.686
746429,2024-08-27,DET,LAA,9.5,8.42,8.0,1.08,under,1.893,0.5296,0.508,0.054,win,0.049,98.734
745132,2024-08-27,STL,SD,8.0,5.95,12.0,2.05,under,1.909,0.541,0.5,0.713,loss,-0.713,98.022
745461,2024-08-27,PIT,CHC,7.5,5.54,14.0,1.96,under,2.0,0.513,0.4737,0.51,loss,-0.51,97.512
746510,2024-08-27,COL,MIA,10.5,13.61,17.0,3.11,over,1.909,0.5621,0.5,1.568,win,1.426,98.937
745213,2024-08-27,SEA,TB,7.0,9.23,5.0,2.23,over,1.952,0.5314,0.4869,0.779,loss,-0.779,98.158
744811,2024-08-27,WSH,NYY,9.0,11.12,6.0,2.12,over,1.87,0.5556,0.5131,0.873,loss,-0.873,97.285
745866,2024-08-28,MIN,ATL,7.5,11.08,6.0,3.58,over,2.0,0.5443,0.4726,1.723,loss,-1.723,95.562
745943,2024-08-28,MIL,SF,7.5,11.59,8.0,4.09,over,1.833,0.6081,0.5263,2.636,win,2.197,97.758
746103,2024-08-28,LAD,BAL,8.5,9.77,10.0,1.27,over,1.84,0.5491,0.5236,0.247,win,0.208,97.966
746589,2024-08-28,CLE,KC,8.0,9.65,12.0,1.65,over,1.952,0.5211,0.4881,0.359,win,0.342,98.308
745211,2024-08-28,SEA,TB,6.5,10.09,8.0,3.59,over,1.901,0.5778,0.506,0.035,win,0.032,98.339
746914,2024-08-29,BOS,TOR,8.5,6.73,2.0,1.77,under,1.862,0.5512,0.5157,0.601,win,0.518,98.857
746432,2024-08-29,DET,LAA,9.0,7.68,3.0,1.32,under,1.939,0.5185,0.4921,0.117,win,0.11,98.967
745945,2024-08-29,MIL,SF,8.0,9.5,6.0,1.5,over,1.952,0.5168,0.4869,0.187,loss,-0.187,98.78
746730,2024-08-30,CIN,MIL,10.0,7.32,9.0,2.68,under,1.862,0.5714,0.5179,1.469,win,1.266,100.046
746433,2024-08-30,DET,BOS,9.0,7.73,12.0,1.27,under,1.84,0.5521,0.5266,0.385,loss,-0.385,99.662
745533,2024-08-30,PHI,ATL,7.5,9.07,9.0,1.57,over,1.995,0.507,0.4756,0.231,win,0.23,99.891
744810,2024-08-30,WSH,CHC,8.0,9.8,13.0,1.8,over,1.889,0.5446,0.5085,0.652,win,0.579,100.471
745700,2024-08-30,NYY,STL,8.5,10.11,9.0,1.61,over,1.87,0.5453,0.5131,0.449,win,0.391,100.861
745050,2024-08-31,TB,SD,13.5,7.04,15.0,6.46,under,2.06,0.5466,0.4466,2.398,loss,-2.398,98.463
746667,2024-08-31,CIN,MIL,8.75,7.48,9.0,1.27,under,1.889,0.532,0.5066,0.112,loss,-0.112,98.351
744808,2024-08-31,WSH,CHC,9.25,12.48,8.0,3.23,over,1.948,0.5534,0.4888,1.616,loss,-1.616,96.735
746507,2024-08-31,COL,BAL,11.0,15.07,12.0,4.07,over,1.833,0.6078,0.5263,0.874,win,0.728,97.464
746183,2024-09-01,LAA,SEA,8.0,9.99,5.0,1.99,over,1.926,0.5346,0.4948,0.622,loss,-0.622,96.842
745292,2024-09-01,SF,MIA,7.5,9.7,12.0,2.2,over,1.847,0.5679,0.524,1.124,win,0.953,97.795
745046,2024-09-02,TB,MIN,8.0,6.78,9.0,1.22,under,1.877,0.5362,0.5119,0.147,loss,-0.147,97.647
745779,2024-09-02,NYM,BOS,8.0,9.3,5.0,1.3,over,1.893,0.5313,0.5052,0.124,loss,-0.124,97.523
745047,2024-09-03,TB,MIN,7.5,9.63,3.0,2.13,over,2.05,0.5033,0.4607,0.59,loss,-0.59,96.934
746264,2024-09-03,KC,CLE,8.0,10.17,8.0,2.17,over,1.897,0.548,0.5046,0.854,push,0.0,96.934
745944,2024-09-03,MIL,STL,8.0,9.19,11.0,1.19,over,1.909,0.5239,0.5,0.003,win,0.003,96.936
745938,2024-09-04,MIL,STL,7.5,9.21,5.0,1.71,over,1.926,0.5278,0.4935,0.345,loss,-0.345,96.591
746666,2024-09-04,CIN,HOU,9.0,7.63,17.0,1.37,under,1.855,0.5442,0.5169,0.212,loss,-0.212,96.379
746262,2024-09-04,KC,CLE,8.5,9.84,5.0,1.34,over,1.847,0.5449,0.5181,0.151,loss,-0.151,96.228
744964,2024-09-04,TEX,NYY,8.5,7.17,16.0,1.33,under,1.98,0.505,0.4784,0.0,loss,-0.0,96.228
745776,2024-09-04,NYM,BOS,8.0,10.4,11.0,2.4,over,1.885,0.5586,0.5106,1.149,win,1.017,97.245
746178,2024-09-04,LAA,LAD,9.0,9.97,11.0,0.97,over,1.833,0.5457,0.5263,0.009,win,0.007,97.252
744887,2024-09-04,TOR,PHI,8.0,10.02,6.0,2.02,over,1.87,0.5535,0.5131,0.779,loss,-0.779,96.473
745369,2024-09-05,SD,DET,7.75,10.68,7.0,2.93,over,1.897,0.5638,0.5053,1.497,loss,-1.497,94.975
746832,2024-09-06,CHC,NYY,7.0,11.16,3.0,4.16,over,1.87,0.5955,0.5124,2.476,loss,-2.476,92.499
746993,2024-09-06,BAL,TB,8.5,7.18,2.0,1.32,under,1.909,0.5263,0.5,0.099,win,0.09,92.589
744967,2024-09-06,TEX,LAA,8.5,7.05,6.0,1.45,under,1.877,0.5394,0.5105,0.266,win,0.233,92.822
746016,2024-09-06,MIA,PHI,7.0,9.66,18.0,2.66,over,1.82,0.5863,0.533,1.514,win,1.241,94.063
745372,2024-09-07,SD,SF,8.0,7.01,9.0,0.99,under,1.893,0.5292,0.5094,0.034,loss,-0.034,94.029
746259,2024-09-07,KC,MIN,8.0,9.96,6.0,1.96,over,1.87,0.5523,0.5131,0.705,loss,-0.705,93.324
745125,2024-09-07,STL,SEA,7.5,9.19,2.0,1.69,over,2.0,0.5075,0.4737,0.282,loss,-0.282,93.042
745775,2024-09-07,NYM,CIN,5.5,9.25,4.0,3.75,over,2.05,0.5258,0.4508,1.381,loss,-1.381,91.662
747076,2024-09-07,ATL,TOR,7.5,5.38,14.0,2.12,under,1.952,0.5299,0.4875,0.667,loss,-0.667,90.995
744963,2024-09-07,TEX,LAA,8.5,6.34,10.0,2.16,under,1.952,0.53,0.4869,0.665,loss,-0.665,90.33
745455,2024-09-07,PIT,WSH,7.5,5.8,8.0,1.7,under,1.952,0.5221,0.4881,0.367,loss,-0.367,89.963
746098,2024-09-08,LAD,CLE,8.5,9.71,4.0,1.21,over,1.909,0.5243,0.5,0.018,loss,-0.018,89.945
745128,2024-09-08,STL,SEA,7.5,9.69,14.0,2.19,over,1.84,0.569,0.5251,1.011,win,0.849,90.795
746827,2024-09-08,CHC,NYY,9.0,7.54,3.0,1.46,under,1.909,0.5285,0.4994,0.18,win,0.163,90.958
746258,2024-09-08,KC,MIN,8.5,11.55,2.0,3.05,over,1.922,0.559,0.498,1.467,loss,-1.467,89.491
744965,2024-09-08,TEX,LAA,8.5,7.22,11.0,1.28,under,1.909,0.5277,0.502,0.144,loss,-0.144,89.346
745454,2024-09-09,PIT,MIA,7.5,9.53,5.0,2.03,over,1.837,0.5641,0.5235,0.772,loss,-0.772,88.575
745698,2024-09-09,NYY,KC,8.5,11.29,14.0,2.79,over,1.873,0.5677,0.5118,1.288,win,1.125,89.699
747090,2024-09-09,ATL,CIN,8.5,6.56,1.0,1.94,under,1.877,0.5479,0.5091,0.583,win,0.511,90.21
745860,2024-09-09,MIN,LAA,8.0,10.14,8.0,2.14,over,1.952,0.5297,0.4869,0.648,push,0.0,90.21
746907,2024-09-10,BOS,BAL,9.0,10.92,8.0,1.92,over,1.84,0.5635,0.5251,0.796,loss,-0.796,89.414
745535,2024-09-10,PHI,TB,7.5,8.81,13.0,1.31,over,2.0,0.5,0.4737,0.0,win,0.0,89.414
745856,2024-09-10,MIN,LAA,8.0,11.08,15.0,3.08,over,1.909,0.5615,0.5,1.417,win,1.288,90.703
745126,2024-09-10,STL,CIN,8.5,11.0,3.0,2.5,over,1.909,0.554,0.504,1.152,loss,-1.152,89.551
745446,2024-09-10,PIT,MIA,8.5,10.0,10.0,1.5,over,1.851,0.549,0.5189,0.34,win,0.29,89.84
745694,2024-09-10,NYY,KC,8.5,12.92,5.0,4.42,over,1.833,0.6118,0.5233,1.294,loss,-1.294,88.547
745285,2024-09-11,SF,MIL,7.5,10.48,15.0,2.98,over,1.948,0.5483,0.4888,1.273,win,1.206,89.753
745127,2024-09-11,STL,CIN,8.0,9.5,3.0,1.5,over,1.931,0.5248,0.4947,0.255,loss,-0.255,89.498
745697,2024-09-11,NYY,KC,8.0,10.49,7.0,2.49,over,1.976,0.5302,0.4803,0.875,loss,-0.875,88.623
745288,2024-09-12,SF,MIL,7.0,9.13,3.0,2.13,over,1.87,0.5572,0.5145,0.851,loss,-0.851,87.773
745129,2024-09-12,STL,CIN,7.5,11.51,7.0,4.01,over,1.909,0.5802,0.5,2.078,loss,-2.078,85.695
746591,2024-09-12,CLE,TB,7.5,5.63,7.0,1.87,under,1.952,0.5243,0.4869,0.426,win,0.406,86.101
745696,2024-09-13,NYY,BOS,8.5,13.32,9.0,4.82,over,1.909,0.5965,0.5,2.629,win,2.39,88.49
746586,2024-09-13,CLE,TB,7.5,6.41,4.0,1.09,under,1.87,0.5349,0.5131,0.001,win,0.001,88.491
744882,2024-09-13,TOR,STL,8.0,10.41,7.0,2.41,over,1.981,0.5272,0.479,0.797,loss,-0.797,87.693
745209,2024-09-14,SEA,TEX,7.0,5.97,9.0,1.03,under,1.833,0.547,0.5263,0.059,loss,-0.059,87.634
746584,2024-09-14,CLE,TB,8.0,5.42,7.0,2.58,under,1.87,0.5647,0.5131,1.125,win,0.978,88.613
745284,2024-09-14,SF,SD,7.0,10.11,8.0,3.11,over,2.035,0.5284,0.4662,1.289,win,1.334,89.947
744884,2024-09-14,TOR,STL,8.0,10.92,9.0,2.92,over,1.909,0.5584,0.5,1.307,win,1.188,91.135
746508,2024-09-14,COL,CHC,10.5,8.54,11.0,1.96,under,1.952,0.5261,0.4869,0.521,loss,-0.521,90.614
746506,2024-09-15,COL,CHC,10.5,7.93,8.0,2.57,under,1.98,0.5304,0.479,0.932,win,0.913,91.527
745852,2024-09-15,MIN,CIN,8.5,11.21,11.0,2.71,over,1.87,0.5688,0.5145,1.335,win,1.161,92.688
745287,2024-09-15,SF,SD,7.5,9.5,7.0,2.0,over,1.87,0.5532,0.5131,0.728,loss,-0.728,91.96
746585,2024-09-15,CLE,TB,8.0,6.63,2.0,1.37,under,1.98,0.5064,0.479,0.053,win,0.052,92.012
745530,2024-09-15,PHI,NYM,8.5,7.24,3.0,1.26,under,1.909,0.5292,0.504,0.209,win,0.19,92.201
745693,2024-09-15,NYY,BOS,8.5,11.25,7.0,2.75,over,1.833,0.5813,0.5263,1.453,loss,-1.453,90.748
745449,2024-09-15,PIT,KC,8.0,10.43,7.0,2.43,over,1.931,0.542,0.4934,0.29,loss,-0.29,90.458
745939,2024-09-16,MIL,PHI,8.0,9.43,8.0,1.43,over,1.87,0.5416,0.5131,0.262,push,0.0,90.458
746260,2024-09-16,KC,DET,8.0,9.57,13.0,1.57,over,1.909,0.5314,0.5,0.287,win,0.261,90.719
746588,2024-09-16,CLE,MIN,7.5,9.43,7.0,1.93,over,1.99,0.5137,0.4752,0.411,loss,-0.411,90.308
745130,2024-09-16,STL,PIT,7.0,8.71,4.0,1.71,over,1.862,0.5485,0.5143,0.449,loss,-0.449,89.859
746015,2024-09-17,MIA,LAD,9.5,8.26,20.0,1.24,under,1.862,0.539,0.5143,0.076,loss,-0.076,89.783
745366,2024-09-17,SD,HOU,7.5,12.91,7.0,5.41,over,1.83,0.6284,0.5284,3.242,loss,-3.242,86.541
745772,2024-09-17,NYM,WSH,7.5,8.83,11.0,1.33,over,1.901,0.5305,0.504,0.161,win,0.145,86.686
746659,2024-09-17,CIN,ATL,8.5,10.96,11.0,2.46,over,1.833,0.5754,0.5263,1.142,win,0.952,87.638
746587,2024-09-17,CLE,MIN,8.0,9.41,5.0,1.41,over,1.893,0.5335,0.5052,0.194,loss,-0.194,87.444
746261,2024-09-17,KC,DET,8.0,9.47,4.0,1.47,over,1.943,0.5207,0.4914,0.185,loss,-0.185,87.259
745771,2024-09-18,NYM,WSH,7.0,9.88,10.0,2.88,over,1.833,0.5823,0.5248,1.416,win,1.18,88.439
746988,2024-09-18,BAL,SF,8.0,10.06,8.0,2.06,over,2.0,0.515,0.4737,0.529,push,0.0,88.439
746582,2024-09-18,CLE,MIN,7.25,8.48,9.0,1.23,over,1.877,0.5365,0.5119,0.142,win,0.125,88.564
745365,2024-09-18,SD,HOU,7.25,10.48,4.0,3.23,over,2.0,0.5383,0.4737,1.359,loss,-1.359,87.205
745041,2024-09-19,TB,BOS,8.0,6.46,2.0,1.54,under,1.87,0.544,0.5131,0.34,win,0.296,87.501
746985,2024-09-19,BAL,SF,7.5,10.0,8.0,2.5,over,1.909,0.5499,0.5,0.959,win,0.872,88.373
745204,2024-09-19,SEA,NYY,7.5,5.52,5.0,1.98,under,1.909,0.5396,0.5,0.587,win,0.534,88.907
746579,2024-09-19,CLE,MIN,8.5,9.99,5.0,1.49,over,2.0,0.5035,0.4737,0.123,loss,-0.123,88.783
746013,2024-09-20,MIA,ATL,8.75,6.37,7.0,2.38,under,1.877,0.5588,0.5112,0.992,win,0.871,89.654
746824,2024-09-20,CHC,WSH,9.0,6.86,4.0,2.14,under,1.87,0.556,0.5131,0.813,win,0.707,90.361
746340,2024-09-20,HOU,LAA,8.0,9.66,16.0,1.66,over,1.926,0.528,0.4948,0.328,win,0.303,90.664
745124,2024-09-21,STL,CLE,8.0,10.26,11.0,2.26,over,1.87,0.5584,0.5131,0.916,win,0.796,91.46
744958,2024-09-21,TEX,SEA,7.5,9.29,12.0,1.79,over,2.0,0.5095,0.4737,0.347,win,0.347,91.807
745768,2024-09-21,NYM,PHI,7.5,9.07,9.0,1.57,over,2.0,0.5051,0.4737,0.189,win,0.189,91.997
746255,2024-09-21,KC,SF,8.5,11.87,9.0,3.37,over,1.909,0.5674,0.5,1.685,win,1.532,93.528
746660,2024-09-21,CIN,PIT,8.5,9.65,8.0,1.15,over,1.87,0.5361,0.5131,0.048,loss,-0.048,93.481
746096,2024-09-21,LAD,COL,9.0,5.07,9.0,3.93,under,1.84,0.6001,0.5214,1.816,push,0.0,93.481
746253,2024-09-22,KC,SF,7.5,11.85,2.0,4.35,over,1.952,0.5739,0.4869,2.366,loss,-2.366,91.114
746903,2024-09-22,BOS,MIN,6.75,10.3,9.0,3.55,over,1.769,0.6079,0.5369,1.788,win,1.375,92.49
745118,2024-09-22,STL,CLE,7.5,10.2,3.0,2.7,over,1.806,0.5878,0.5337,0.846,loss,-0.846,91.644
744885,2024-09-23,TOR,BOS,8.0,6.57,5.0,1.43,under,1.952,0.5155,0.4869,0.124,win,0.118,91.762
745851,2024-09-24,MIN,MIA,8.0,9.47,5.0,1.47,over,1.909,0.5313,0.502,0.289,loss,-0.289,91.473
745441,2024-09-24,PIT,MIL,8.0,12.17,9.0,4.17,over,1.94,0.5736,0.4902,2.195,win,2.063,93.536
746421,2024-09-24,DET,TB,7.0,10.08,3.0,3.08,over,1.98,0.5406,0.479,1.348,loss,-1.348,92.188
745688,2024-09-24,NYY,BAL,8.5,10.01,8.0,1.51,over,1.909,0.5303,0.5,0.25,loss,-0.25,91.937
745526,2024-09-24,PHI,CHC,8.0,6.51,14.0,1.49,under,1.87,0.5429,0.5131,0.316,loss,-0.316,91.621
744802,2024-09-24,WSH,KC,7.0,9.63,1.0,2.63,over,1.873,0.565,0.5125,0.602,loss,-0.602,91.02
745442,2024-09-25,PIT,MIL,7.5,11.67,3.0,4.17,over,1.851,0.6053,0.5218,2.579,loss,-2.579,88.441
746583,2024-09-25,CLE,CIN,8.0,10.72,7.0,2.72,over,1.948,0.5426,0.4882,1.061,loss,-1.061,87.38
746501,2024-09-25,COL,STL,10.5,9.33,7.0,1.17,under,1.87,0.5365,0.5131,0.059,win,0.051,87.432
744877,2024-09-25,TOR,BOS,7.5,9.88,7.0,2.38,over,1.87,0.5615,0.5138,1.0,loss,-1.0,86.431
746420,2024-09-25,DET,TB,8.0,10.09,8.0,2.09,over,1.905,0.5438,0.502,0.301,push,0.0,86.431
746088,2024-09-26,LAD,SD,7.5,9.12,9.0,1.62,over,1.847,0.5533,0.521,0.453,win,0.384,86.815
745691,2024-09-26,NYY,BAL,8.0,11.63,11.0,3.63,over,1.885,0.5812,0.5085,1.875,win,1.659,88.474
745853,2024-09-26,MIN,MIA,8.5,10.07,14.0,1.57,over,1.847,0.5524,0.521,0.429,win,0.363,88.838
746495,2024-09-26,COL,STL,10.5,8.78,18.0,1.72,under,1.87,0.5476,0.5131,0.484,loss,-0.484,88.354
745443,2024-09-26,PIT,MIL,8.0,10.58,7.0,2.58,over,1.909,0.5516,0.5,1.031,loss,-1.031,87.323
746904,2024-09-27,BOS,TB,8.0,9.59,3.0,1.59,over,1.909,0.5317,0.5,0.291,loss,-0.291,87.032
746822,2024-09-27,CHC,CIN,6.5,8.72,1.0,2.22,over,1.909,0.5438,0.4994,0.73,loss,-0.73,86.302
744879,2024-09-27,TOR,MIA,8.0,6.54,20.0,1.46,under,2.0,0.5029,0.4737,0.102,loss,-0.102,86.201
745931,2024-09-28,MIL,NYM,8.0,9.93,6.0,1.93,over,1.98,0.5154,0.4767,0.362,loss,-0.362,85.838
745281,2024-09-28,SF,STL,7.5,9.01,11.0,1.51,over,2.0,0.5039,0.4737,0.135,win,0.135,85.973
744799,2024-09-28,WSH,PHI,3.75,12.54,9.0,8.79,over,1.972,0.57,0.47,2.192,win,2.13,88.103
746819,2024-09-28,CHC,CIN,7.0,9.82,3.0,2.82,over,1.873,0.5668,0.5104,1.246,loss,-1.246,86.857
745685,2024-09-28,NYY,PIT,7.5,9.77,13.0,2.27,over,1.909,0.5455,0.5,0.79,win,0.718,87.575
744878,2024-09-28,TOR,MIA,9.5,6.9,9.0,2.6,under,1.182,0.9002,0.8483,0.276,win,0.05,87.626
744880,2024-09-29,TOR,MIA,4.5,8.44,4.0,3.94,over,4.4,0.254,0.1753,0.606,loss,-0.606,87.019
745932,2024-09-29,MIL,NYM,5.5,7.99,5.0,2.49,over,2.425,0.4163,0.3664,0.115,loss,-0.115,86.904
746496,2024-09-29,COL,LAD,11.0,8.09,3.0,2.91,under,1.87,0.5712,0.5131,1.358,win,1.181,88.085
745686,2024-09-29,NYY,PIT,8.5,9.84,10.0,1.34,over,1.952,0.5137,0.4869,0.055,win,0.052,88.137
744798,2024-09-29,WSH,PHI,9.5,8.93,9.0,0.57,under,1.303,0.7877,0.7762,1.548,win,0.47,88.607
746820,2024-09-29,CHC,CIN,1.5,10.94,3.0,9.44,over,1.855,0.602,0.502,1.317,win,1.125,89.733
747064,2024-09-30,ATL,NYM,5.5,7.97,3.0,2.47,over,1.77,0.5869,0.5376,0.911,loss,-0.911,88.822
747139,2024-09-30,ATL,NYM,5.5,9.1,15.0,3.6,over,1.77,0.6096,0.5376,1.826,win,1.407,90.229
775341,2024-10-02,BAL,KC,5.5,8.9,3.0,3.4,over,2.1,0.507,0.439,1.062,loss,-1.062,89.167
775339,2024-10-02,MIL,NYM,7.5,8.79,8.0,1.29,over,1.844,0.5489,0.5231,0.256,win,0.216,89.383
775334,2024-10-05,NYY,KC,7.5,12.35,11.0,4.85,over,1.847,0.6172,0.5203,2.959,win,2.507,91.89
